g++ -MMD -MP  -DPREFIX=\"/usr/local\" -Wall -Wno-nonportable-include-path -g -O2 -fPIC -std=c++2a -g -O2   -iquote . -I.. -iquote ../fesvr -iquote ../riscv -iquote ../disasm -iquote ../customext -iquote ../fdt -iquote ../softfloat -iquote ../spike_main -iquote ../spike_dasm -I/usr/include   -c ../fesvr/elfloader.cc -o elfloader.o -MF elfloader.d
g++ -MMD -MP  -DPREFIX=\"/usr/local\" -Wall -Wno-nonportable-include-path -g -O2 -fPIC -std=c++2a -g -O2   -iquote . -I.. -iquote ../fesvr -iquote ../riscv -iquote ../disasm -iquote ../customext -iquote ../fdt -iquote ../softfloat -iquote ../spike_main -iquote ../spike_dasm -I/usr/include   -c ../fesvr/htif.cc -o htif.o -MF htif.d
g++ -MMD -MP  -DPREFIX=\"/usr/local\" -Wall -Wno-nonportable-include-path -g -O2 -fPIC -std=c++2a -g -O2   -iquote . -I.. -iquote ../fesvr -iquote ../riscv -iquote ../disasm -iquote ../customext -iquote ../fdt -iquote ../softfloat -iquote ../spike_main -iquote ../spike_dasm -I/usr/include   -c ../fesvr/memif.cc -o memif.o -MF memif.d
g++ -MMD -MP  -DPREFIX=\"/usr/local\" -Wall -Wno-nonportable-include-path -g -O2 -fPIC -std=c++2a -g -O2   -iquote . -I.. -iquote ../fesvr -iquote ../riscv -iquote ../disasm -iquote ../customext -iquote ../fdt -iquote ../softfloat -iquote ../spike_main -iquote ../spike_dasm -I/usr/include   -c ../fesvr/dtm.cc -o dtm.o -MF dtm.d
g++ -MMD -MP  -DPREFIX=\"/usr/local\" -Wall -Wno-nonportable-include-path -g -O2 -fPIC -std=c++2a -g -O2   -iquote . -I.. -iquote ../fesvr -iquote ../riscv -iquote ../disasm -iquote ../customext -iquote ../fdt -iquote ../softfloat -iquote ../spike_main -iquote ../spike_dasm -I/usr/include   -c ../fesvr/syscall.cc -o syscall.o -MF syscall.d
g++ -MMD -MP  -DPREFIX=\"/usr/local\" -Wall -Wno-nonportable-include-path -g -O2 -fPIC -std=c++2a -g -O2   -iquote . -I.. -iquote ../fesvr -iquote ../riscv -iquote ../disasm -iquote ../customext -iquote ../fdt -iquote ../softfloat -iquote ../spike_main -iquote ../spike_dasm -I/usr/include   -c ../fesvr/device.cc -o device.o -MF device.d
g++ -MMD -MP  -DPREFIX=\"/usr/local\" -Wall -Wno-nonportable-include-path -g -O2 -fPIC -std=c++2a -g -O2   -iquote . -I.. -iquote ../fesvr -iquote ../riscv -iquote ../disasm -iquote ../customext -iquote ../fdt -iquote ../softfloat -iquote ../spike_main -iquote ../spike_dasm -I/usr/include   -c ../fesvr/rfb.cc -o rfb.o -MF rfb.d
g++ -MMD -MP  -DPREFIX=\"/usr/local\" -Wall -Wno-nonportable-include-path -g -O2 -fPIC -std=c++2a -g -O2   -iquote . -I.. -iquote ../fesvr -iquote ../riscv -iquote ../disasm -iquote ../customext -iquote ../fdt -iquote ../softfloat -iquote ../spike_main -iquote ../spike_dasm -I/usr/include   -c ../fesvr/context.cc -o context.o -MF context.d
g++ -MMD -MP  -DPREFIX=\"/usr/local\" -Wall -Wno-nonportable-include-path -g -O2 -fPIC -std=c++2a -g -O2   -iquote . -I.. -iquote ../fesvr -iquote ../riscv -iquote ../disasm -iquote ../customext -iquote ../fdt -iquote ../softfloat -iquote ../spike_main -iquote ../spike_dasm -I/usr/include   -c ../fesvr/htif_pthread.cc -o htif_pthread.o -MF htif_pthread.d
g++ -MMD -MP  -DPREFIX=\"/usr/local\" -Wall -Wno-nonportable-include-path -g -O2 -fPIC -std=c++2a -g -O2   -iquote . -I.. -iquote ../fesvr -iquote ../riscv -iquote ../disasm -iquote ../customext -iquote ../fdt -iquote ../softfloat -iquote ../spike_main -iquote ../spike_dasm -I/usr/include   -c ../fesvr/htif_hexwriter.cc -o htif_hexwriter.o -MF htif_hexwriter.d
g++ -MMD -MP  -DPREFIX=\"/usr/local\" -Wall -Wno-nonportable-include-path -g -O2 -fPIC -std=c++2a -g -O2   -iquote . -I.. -iquote ../fesvr -iquote ../riscv -iquote ../disasm -iquote ../customext -iquote ../fdt -iquote ../softfloat -iquote ../spike_main -iquote ../spike_dasm -I/usr/include   -c ../fesvr/dummy.cc -o dummy.o -MF dummy.d
g++ -MMD -MP  -DPREFIX=\"/usr/local\" -Wall -Wno-nonportable-include-path -g -O2 -fPIC -std=c++2a -g -O2   -iquote . -I.. -iquote ../fesvr -iquote ../riscv -iquote ../disasm -iquote ../customext -iquote ../fdt -iquote ../softfloat -iquote ../spike_main -iquote ../spike_dasm -I/usr/include   -c ../fesvr/option_parser.cc -o option_parser.o -MF option_parser.d
g++ -MMD -MP  -DPREFIX=\"/usr/local\" -Wall -Wno-nonportable-include-path -g -O2 -fPIC -std=c++2a -g -O2   -iquote . -I.. -iquote ../fesvr -iquote ../riscv -iquote ../disasm -iquote ../customext -iquote ../fdt -iquote ../softfloat -iquote ../spike_main -iquote ../spike_dasm -I/usr/include   -c ../fesvr/term.cc -o term.o -MF term.d
g++ -MMD -MP  -DPREFIX=\"/usr/local\" -Wall -Wno-nonportable-include-path -g -O2 -fPIC -std=c++2a -g -O2   -iquote . -I.. -iquote ../fesvr -iquote ../riscv -iquote ../disasm -iquote ../customext -iquote ../fdt -iquote ../softfloat -iquote ../spike_main -iquote ../spike_dasm -I/usr/include   -c ../fesvr/tsi.cc -o tsi.o -MF tsi.d
for insn in add addi addiw addw and andi auipc beq bge bgeu blt bltu bne jal jalr lb lbu ld lh lhu lui lw lwu or ori sb sd sh sll slli slliw sllw slt slti sltiu sltu sra srai sraiw sraw srl srli srliw srlw sub subw sw xor xori fence fence_i c_add c_addi c_addi4spn c_addw c_and c_andi c_beqz c_bnez c_ebreak c_fld c_fldsp c_flw c_flwsp c_fsd c_fsdsp c_fsw c_fswsp c_j c_jal c_jalr c_jr c_li c_lui c_ld c_ldsp c_lw c_lwsp c_mv c_or c_slli c_srai c_srli c_sub c_subw c_sd c_sdsp c_sw c_swsp c_xor fadd_s fclass_s fcvt_l_s fcvt_lu_s fcvt_s_l fcvt_s_lu fcvt_s_w fcvt_s_wu fcvt_w_s fcvt_wu_s fdiv_s feq_s fle_s flt_s flw fmadd_s fmax_s fmin_s fmsub_s fmul_s fmv_w_x fmv_x_w fnmadd_s fnmsub_s fsgnj_s fsgnjn_s fsgnjx_s fsqrt_s fsub_s fsw fadd_d fclass_d fcvt_d_l fcvt_d_lu fcvt_d_q fcvt_d_s fcvt_d_w fcvt_d_wu fcvt_l_d fcvt_lu_d fcvt_s_d fcvt_w_d fcvt_wu_d fdiv_d feq_d fld fle_d flt_d fmadd_d fmax_d fmin_d fmsub_d fmul_d fmv_d_x fmv_x_d fnmadd_d fnmsub_d fsd fsgnj_d fsgnjn_d fsgnjx_d fsqrt_d fsub_d div divu divuw divw mul mulh mulhsu mulhu mulw rem remu remuw remw add_uw andn sh1add sh1add_uw sh2add sh2add_uw sh3add sh3add_uw clmul clmulh clmulr clz clzw ctz ctzw orc_b rev8 rev8_rv32 brev8 max maxu min minu orn pack packh packw cpop cpopw rol rolw ror rori roriw rorw bclr bclri bext bexti binv binvi bset bseti sext_b sext_h zip slli_uw unzip xnor xperm4 xperm8 amoadd_d amoadd_w amoand_d amoand_w amomax_d amomaxu_d amomaxu_w amomax_w amomin_d amominu_d amominu_w amomin_w amoor_d amoor_w amoswap_d amoswap_w amoxor_d amoxor_w lr_d lr_w sc_d sc_w vfadd_vf vfadd_vv vfclass_v vfcvt_f_x_v vfcvt_f_xu_v vfcvt_rtz_x_f_v vfcvt_rtz_xu_f_v vfcvt_x_f_v vfcvt_xu_f_v vfdiv_vf vfdiv_vv vfmacc_vf vfmacc_vv vfmadd_vf vfmadd_vv vfmax_vf vfmax_vv vfmerge_vfm vfmin_vf vfmin_vv vfmsac_vf vfmsac_vv vfmsub_vf vfmsub_vv vfmul_vf vfmul_vv vfmv_f_s vfmv_s_f vfmv_v_f vfncvt_f_f_w vfncvt_f_x_w vfncvt_f_xu_w vfncvt_rod_f_f_w vfncvt_rtz_x_f_w vfncvt_rtz_xu_f_w vfncvt_x_f_w vfncvt_xu_f_w vfnmacc_vf vfnmacc_vv vfnmadd_vf vfnmadd_vv vfnmsac_vf vfnmsac_vv vfnmsub_vf vfnmsub_vv vfrdiv_vf vfredmax_vs vfredmin_vs vfredosum_vs vfredusum_vs vfrec7_v vfrsub_vf vfrsqrt7_v vfsgnj_vf vfsgnj_vv vfsgnjn_vf vfsgnjn_vv vfsgnjx_vf vfsgnjx_vv vfsqrt_v vfslide1down_vf vfslide1up_vf vfsub_vf vfsub_vv vfwadd_vf vfwadd_vv vfwadd_wf vfwadd_wv vfwcvt_f_f_v vfwcvt_f_x_v vfwcvt_f_xu_v vfwcvt_rtz_x_f_v vfwcvt_rtz_xu_f_v vfwcvt_x_f_v vfwcvt_xu_f_v vfwmacc_vf vfwmacc_vv vfwmsac_vf vfwmsac_vv vfwmul_vf vfwmul_vv vfwnmacc_vf vfwnmacc_vv vfwnmsac_vf vfwnmsac_vv vfwredosum_vs vfwredusum_vs vfwsub_vf vfwsub_vv vfwsub_wf vfwsub_wv vmfeq_vf vmfeq_vv vmfge_vf vmfgt_vf vmfle_vf vmfle_vv vmflt_vf vmflt_vv vmfne_vf vmfne_vv vaadd_vv vaaddu_vv vaadd_vx vaaddu_vx vadc_vim vadc_vvm vadc_vxm vadd_vi vadd_vv vadd_vx vand_vi vand_vv vand_vx vasub_vv vasubu_vv vasub_vx vasubu_vx vcompress_vm vcpop_m vdiv_vv vdiv_vx vdivu_vv vdivu_vx vid_v viota_m vmacc_vv vmacc_vx vmadc_vv vmadc_vx vmadc_vi vmadc_vim vmadc_vvm vmadc_vxm vmadd_vv vmadd_vx vmand_mm vmandn_mm vmax_vv vmax_vx vmaxu_vv vmaxu_vx vmerge_vim vmerge_vvm vmerge_vxm vfirst_m vmin_vv vmin_vx vminu_vv vminu_vx vmnand_mm vmnor_mm vmor_mm vmorn_mm vmsbc_vv vmsbc_vx vmsbc_vvm vmsbc_vxm vmsbf_m vmseq_vi vmseq_vv vmseq_vx vmsgt_vi vmsgt_vx vmsgtu_vi vmsgtu_vx vmsif_m vmsle_vi vmsle_vv vmsle_vx vmsleu_vi vmsleu_vv vmsleu_vx vmslt_vv vmslt_vx vmsltu_vv vmsltu_vx vmsne_vi vmsne_vv vmsne_vx vmsof_m vmul_vv vmul_vx vmulh_vv vmulh_vx vmulhsu_vv vmulhsu_vx vmulhu_vv vmulhu_vx vmv_s_x vmv_v_i vmv_v_v vmv_v_x vmv_x_s vmv1r_v vmv2r_v vmv4r_v vmv8r_v vmxnor_mm vmxor_mm vnclip_wi vnclip_wv vnclip_wx vnclipu_wi vnclipu_wv vnclipu_wx vnmsac_vv vnmsac_vx vnmsub_vv vnmsub_vx vnsra_wi vnsra_wv vnsra_wx vnsrl_wi vnsrl_wv vnsrl_wx vor_vi vor_vv vor_vx vredand_vs vredmax_vs vredmaxu_vs vredmin_vs vredminu_vs vredor_vs vredsum_vs vredxor_vs vrem_vv vrem_vx vremu_vv vremu_vx vrgather_vi vrgather_vv vrgather_vx vrgatherei16_vv vrsub_vi vrsub_vx vsadd_vi vsadd_vv vsadd_vx vsaddu_vi vsaddu_vv vsaddu_vx vsbc_vvm vsbc_vxm vsext_vf2 vsext_vf4 vsext_vf8 vslide1down_vx vslide1up_vx vslidedown_vi vslidedown_vx vslideup_vi vslideup_vx vsll_vi vsll_vv vsll_vx vsmul_vv vsmul_vx vsra_vi vsra_vv vsra_vx vsrl_vi vsrl_vv vsrl_vx vssra_vi vssra_vv vssra_vx vssrl_vi vssrl_vv vssrl_vx vssub_vv vssub_vx vssubu_vv vssubu_vx vsub_vv vsub_vx vwadd_vv vwadd_vx vwadd_wv vwadd_wx vwaddu_vv vwaddu_vx vwaddu_wv vwaddu_wx vwmacc_vv vwmacc_vx vwmaccsu_vv vwmaccsu_vx vwmaccu_vv vwmaccu_vx vwmaccus_vx vwmul_vv vwmul_vx vwmulsu_vv vwmulsu_vx vwmulu_vv vwmulu_vx vwredsum_vs vwredsumu_vs vwsub_vv vwsub_vx vwsub_wv vwsub_wx vwsubu_vv vwsubu_vx vwsubu_wv vwsubu_wx vxor_vi vxor_vv vxor_vx vzext_vf2 vzext_vf4 vzext_vf8 vsetivli vsetvli vsetvl vlm_v vle8_v vle16_v vle32_v vle64_v vloxei8_v vloxei16_v vloxei32_v vloxei64_v vlse8_v vlse16_v vlse32_v vlse64_v vluxei8_v vluxei16_v vluxei32_v vluxei64_v vle8ff_v vle16ff_v vle32ff_v vle64ff_v vl1re8_v vl2re8_v vl4re8_v vl8re8_v vl1re16_v vl2re16_v vl4re16_v vl8re16_v vl1re32_v vl2re32_v vl4re32_v vl8re32_v vl1re64_v vl2re64_v vl4re64_v vl8re64_v vsm_v vse8_v vse16_v vse32_v vse64_v vsse8_v vsoxei8_v vsoxei16_v vsoxei32_v vsoxei64_v vsse16_v vsse32_v vsse64_v vsuxei8_v vsuxei16_v vsuxei32_v vsuxei64_v vs1r_v vs2r_v vs4r_v vs8r_v vdot4a_vv vdot4a_vx vdot4au_vv vdot4au_vx vdot4asu_vv vdot4asu_vx vdot4aus_vx vfext_vf2 vfncvt_f_f_q vfncvt_sat_f_f_q vfncvtbf16_sat_f_f_w fcvt_bf16_s fcvt_s_bf16 vfncvtbf16_f_f_w vfwcvtbf16_f_f_v vfwmaccbf16_vv vfwmaccbf16_vf cbo_clean cbo_flush cbo_inval cbo_zero fli_d fmaxm_d fminm_d fround_d froundnx_d fmvh_x_d fmvp_d_x fcvtmod_w_d fleq_d fltq_d fli_s fmaxm_s fminm_s fround_s froundnx_s fleq_s fltq_s pli_b pli_h plui_h padd_bs padd_hs padd_b padd_h psub_b psub_h psadd_b psadd_h sadd psaddu_b psaddu_h saddu pssub_b pssub_h ssub pssubu_b pssubu_h ssubu paadd_b paadd_h aadd paaddu_b paaddu_h aaddu pasub_b pasub_h asub pasubu_b pasubu_h asubu psh1add_h pssh1sadd_h ssh1sadd pas_hx psa_hx psas_hx pssa_hx paas_hx pasa_hx pabd_b pabd_h pabdu_b pabdu_h psabs_b psabs_h predsum_bs predsum_hs predsumu_bs predsumu_hs pabdsumu_b pabdsumau_b psext_h_b psati_h sati sati_rv32 pusati_h usati usati_rv32 pslli_b pslli_h psll_bs psll_hs psrli_b psrli_h psrl_bs psrl_hs psrai_b psrai_h psra_bs psra_hs psslai_h psrari_h pssha_hs psshar_hs sslai srari srari_rv32 ssha sshar pmin_b pmin_h pminu_b pminu_h pmax_b pmax_h pmaxu_b pmaxu_h pmseq_b pmseq_h mseq pmslt_b pmslt_h mslt pmsltu_b pmsltu_h msltu ppaire_b ppaireo_b ppaireo_h ppairoe_b ppairoe_h ppairo_b ppairo_h abs cls slx srx mvm mvmn merge pmulh_h pmulhr_h pmulhsu_h pmulhrsu_h pmulhu_h pmulhru_h pmulq_h pmulqr_h mulhr mulhrsu mulhru mulq mulqr pmul_h_b00 pmul_h_b01 pmul_h_b11 pmulsu_h_b00 pmulsu_h_b11 pmulu_h_b00 pmulu_h_b01 pmulu_h_b11 mul_h00 mul_h01 mul_h11 mulsu_h00 mulsu_h11 mulu_h00 mulu_h01 mulu_h11 pmulh_h_b0 pmulh_h_b1 pmulhsu_h_b0 pmulhsu_h_b1 mulh_h0 mulh_h1 mulhsu_h0 mulhsu_h1 pmhacc_h pmhracc_h pmhaccsu_h pmhraccsu_h pmhaccu_h pmhraccu_h mhacc mhracc mhaccsu mhraccsu mhaccu mhraccu mqacc_h00 mqacc_h01 mqacc_h11 mqracc_h00 mqracc_h01 mqracc_h11 macc_h00 macc_h01 macc_h11 maccsu_h00 maccsu_h11 maccu_h00 maccu_h01 maccu_h11 pmhacc_h_b0 pmhacc_h_b1 pmhaccsu_h_b0 pmhaccsu_h_b1 mhacc_h0 mhacc_h1 mhaccsu_h0 mhaccsu_h1 pmq2add_h pmq2adda_h pmqr2add_h pmqr2adda_h pm2add_h pm2adda_h pm2addsu_h pm2addasu_h pm2addu_h pm2addau_h pm2add_hx pm2adda_hx pm2sadd_h pm2sadd_hx pm2sub_h pm2suba_h pm2sub_hx pm2suba_hx pm4add_b pm4adda_b pm4addsu_b pm4addasu_b pm4addu_b pm4addau_b pli_db pli_dh plui_dh pwadd_b pwadd_h wadd pwadda_b pwadda_h wadda pwaddu_b pwaddu_h waddu pwaddau_b pwaddau_h waddau pwsub_b pwsub_h wsub pwsuba_b pwsuba_h wsuba pwsubu_b pwsubu_h wsubu pwsubau_b pwsubau_h wsubau padd_db padd_dh padd_dw psub_db psub_dh psub_dw psadd_db psadd_dh psadd_dw psaddu_db psaddu_dh psaddu_dw pssub_db pssub_dh pssub_dw pssubu_db pssubu_dh pssubu_dw paadd_db paadd_dh paadd_dw paaddu_db paaddu_dh paaddu_dw pasub_db pasub_dh pasub_dw pasubu_db pasubu_dh pasubu_dw psh1add_dh psh1add_dw pssh1sadd_dh pssh1sadd_dw addd subd padd_dbs padd_dhs padd_dws pas_dhx psa_dhx psas_dhx pssa_dhx paas_dhx pasa_dhx pabd_db pabd_dh pabdu_db pabdu_dh psabs_db psabs_dh predsum_dbs predsum_dhs predsumu_dbs predsumu_dhs psext_dh_b psext_dw_b psext_dw_h psati_dh psati_dw pusati_dh pusati_dw pslli_db pslli_dh pslli_dw psrli_db psrli_dh psrli_dw psrai_db psrai_dh psrai_dw psslai_dh psslai_dw psrari_dh psrari_dw psll_dbs psll_dhs psll_dws psrl_dbs psrl_dhs psrl_dws psra_dbs psra_dhs psra_dws pssha_dhs pssha_dws psshar_dhs psshar_dws pwslli_b pwslli_h wslli pwsll_bs pwsll_hs wsll pwslai_b pwslai_h wslai pwsla_bs pwsla_hs wsla pmin_db pmin_dh pmin_dw pminu_db pminu_dh pminu_dw pmax_db pmax_dh pmax_dw pmaxu_db pmaxu_dh pmaxu_dw pmseq_db pmseq_dh pmseq_dw pmslt_db pmslt_dh pmslt_dw pmsltu_db pmsltu_dh pmsltu_dw ppaire_db ppaire_dh ppaireo_db ppaireo_dh ppairoe_db ppairoe_dh ppairo_db ppairo_dh wzip8p wzip16p pnsrli_b pnsrli_h nsrli pnsrl_bs pnsrl_hs nsrl pnsrai_b pnsrai_h nsrai pnsra_bs pnsra_hs nsra pnsrari_b pnsrari_h nsrari pnsrar_bs pnsrar_hs nsrar pnclipi_b pnclipi_h nclipi pnclip_bs pnclip_hs nclip pnclipri_b pnclipri_h nclipri pnclipr_bs pnclipr_hs nclipr pnclipiu_b pnclipiu_h nclipiu pnclipu_bs pnclipu_hs nclipu pnclipriu_b pnclipriu_h nclipriu pnclipru_bs pnclipru_hs nclipru pwmul_b pwmul_h wmul pwmulsu_b pwmulsu_h wmulsu pwmulu_b pwmulu_h wmulu pmqwacc_h mqwacc pmqrwacc_h mqrwacc pwmacc_h wmacc pwmaccsu_h wmaccsu pwmaccu_h wmaccu pm2wadd_h pm2wadda_h pm2waddsu_h pm2waddasu_h pm2waddu_h pm2waddau_h pm2wadd_hx pm2wadda_hx pm2wsub_h pm2wsuba_h pm2wsub_hx pm2wsuba_hx pli_w plui_w paadd_w paaddu_w padd_w padd_ws pasub_w pasubu_w psadd_w psaddu_w psh1add_w pssh1sadd_w pssub_w pssubu_w psub_w paas_wx pas_wx pasa_wx psa_wx psas_wx pssa_wx predsum_ws predsumu_ws psati_w psext_w_b psext_w_h pusati_w psll_ws pslli_w psra_ws psrai_w psrari_w psrl_ws psrli_w pssha_ws psshar_ws psslai_w sha shar pmax_w pmaxu_w pmin_w pminu_w pmseq_w pmslt_w pmsltu_w ppaire_h ppaireo_w ppairo_w ppairoe_w rev rev16 rev_rv32 unzip16hp unzip16p unzip8hp unzip8p zip16hp zip16p zip8hp zip8p absw clsw mul_w00 mul_w01 mul_w11 mulsu_w00 mulsu_w11 mulu_w00 mulu_w01 mulu_w11 pmul_w_h00 pmul_w_h01 pmul_w_h11 pmulh_w pmulh_w_h0 pmulh_w_h1 pmulhr_w pmulhrsu_w pmulhru_w pmulhsu_w pmulhsu_w_h0 pmulhsu_w_h1 pmulhu_w pmulq_w pmulqr_w pmulsu_w_h00 pmulsu_w_h11 pmulu_w_h00 pmulu_w_h01 pmulu_w_h11 macc_w00 macc_w01 macc_w11 maccsu_w00 maccsu_w11 maccu_w00 maccu_w01 maccu_w11 mqacc_w00 mqacc_w01 mqacc_w11 mqracc_w00 mqracc_w01 mqracc_w11 pmacc_w_h00 pmacc_w_h01 pmacc_w_h11 pmaccsu_w_h00 pmaccsu_w_h11 pmaccu_w_h00 pmaccu_w_h01 pmaccu_w_h11 pmhacc_w pmhacc_w_h0 pmhacc_w_h1 pmhaccsu_w pmhaccsu_w_h0 pmhaccsu_w_h1 pmhaccu_w pmhracc_w pmhraccsu_w pmhraccu_w pmqacc_w_h00 pmqacc_w_h01 pmqacc_w_h11 pmqracc_w_h00 pmqracc_w_h01 pmqracc_w_h11 pm2add_w pm2add_wx pm2adda_w pm2adda_wx pm2addasu_w pm2addau_w pm2addsu_w pm2addu_w pm2sub_w pm2sub_wx pm2suba_w pm2suba_wx pm4add_h pm4adda_h pm4addasu_h pm4addau_h pm4addsu_h pm4addu_h pmq2add_w pmq2adda_w pmqr2add_w pmqr2adda_w sshl sshlr shl shlr psshl_hs psshlr_hs psshl_ws psshlr_ws psshl_dhs psshlr_dhs psshl_dws psshlr_dws pnclipp_b pnclipp_h pnclipp_w pnclipup_b pnclipup_h pnclipup_w hfence_gvma hfence_vvma hlv_b hlv_bu hlv_h hlv_hu hlvx_hu hlv_w hlv_wu hlvx_wu hlv_d hsv_b hsv_h hsv_w hsv_d aes32dsi aes32dsmi aes32esi aes32esmi aes64ds aes64dsm aes64es aes64esm aes64ks1i aes64ks2 aes64im sha256sig0 sha256sig1 sha256sum0 sha256sum1 sha512sig0 sha512sig0h sha512sig0l sha512sig1 sha512sig1h sha512sig1l sha512sum0 sha512sum0r sha512sum1 sha512sum1r sm3p0 sm3p1 sm4ed sm4ks fadd_q fclass_q fcvt_l_q fcvt_lu_q fcvt_q_d fcvt_q_l fcvt_q_lu fcvt_q_s fcvt_q_w fcvt_q_wu fcvt_s_q fcvt_w_q fcvt_wu_q fdiv_q feq_q fle_q flq flt_q fmadd_q fmax_q fmin_q fmsub_q fmul_q fnmadd_q fnmsub_q fsgnj_q fsgnjn_q fsgnjx_q fsq fsqrt_q fsub_q fli_q fmaxm_q fminm_q fround_q froundnx_q fmvh_x_q fmvp_q_x fleq_q fltq_q amocas_w amocas_d amocas_q amoadd_b amoand_b amomax_b amomaxu_b amomin_b amominu_b amoor_b amoswap_b amoxor_b amocas_b amoadd_h amoand_h amomax_h amomaxu_h amomin_h amominu_h amoor_h amoswap_h amoxor_h amocas_h wrs_sto wrs_nto lb_aq lh_aq lw_aq ld_aq sb_rl sh_rl sw_rl sd_rl c_zext_b c_zext_h c_zext_w c_sext_b c_sext_h c_not c_mul c_lbu c_lhu c_lh c_sb c_sh cm_push cm_pop cm_popret cm_popretz cm_mva01s cm_mvsa01 cm_jalt fadd_h fclass_h fcvt_l_h fcvt_lu_h fcvt_d_h fcvt_h_d fcvt_h_l fcvt_h_lu fcvt_h_q fcvt_h_s fcvt_h_w fcvt_h_wu fcvt_q_h fcvt_s_h fcvt_w_h fcvt_wu_h fdiv_h feq_h fle_h flh flt_h fmadd_h fmax_h fmin_h fmsub_h fmul_h fmv_h_x fmv_x_h fnmadd_h fnmsub_h fsgnj_h fsgnjn_h fsgnjx_h fsh fsqrt_h fsub_h fli_h fmaxm_h fminm_h fround_h froundnx_h fleq_h fltq_h czero_eqz czero_nez vandn_vv vandn_vx vbrev8_v vbrev_v vclz_v vcpop_v vctz_v vrev8_v vrol_vv vrol_vx vror_vi vror_vv vror_vx vwsll_vi vwsll_vv vwsll_vx vclmul_vv vclmul_vx vclmulh_vv vclmulh_vx vghsh_vv vgmul_vv vaesdf_vs vaesdf_vv vaesdm_vs vaesdm_vv vaesef_vs vaesef_vv vaesem_vs vaesem_vv vaeskf1_vi vaeskf2_vi vaesz_vs vsha2cl_vv vsha2ch_vv vsha2ms_vv vsm4k_vi vsm4r_vs vsm4r_vv vsm3c_vi vsm3me_vv vfbdota_vv vfqwbdota_alt_vv vfqwbdota_vv vfwbdota_vv vqwbdotas_vv vqwbdotau_vv vfqwdota_alt_vv vfqwdota_vv vfwdota_vv vqwdotas_vv vqwdotau_vv vabd_vv vabd_vx vabdu_vv vabdu_vx vwabda_vv vwabda_vx vwabdau_vv vwabdau_vx msettn msettm msettk msetmtype msetmtypei vtle8 vtse8 vtle16 vtse16 vtle32 vtse32 vtle64 vtse64 vtmv_t_v vtmv_v_t vtzero vtdiscard vtmmu_tvv vtmms_tvv vtfmm_tvv vtfmm_alt_tvv vzip_vv vunzipe_v vunzipo_v vpaire_vv vpairo_vv lxh lxw lxd lxhu lxwu lxsb lxsh lxsw lxsd lxsbu lxshu lxswu lxsuwb lxsuwh lxsuww lxsuwd lxsuwbu lxsuwhu lxsuwwu csrrc csrrci csrrs csrrsi csrrw csrrwi dret ebreak ecall mret sfence_vma sret wfi mnret sfence_w_inval sfence_inval_ir sinval_vma hinval_vvma hinval_gvma beqi bnei mop_r_N mop_rr_N c_mop_N lpad sspush_x1 sspush_x5 sspopchk_x1 sspopchk_x5 ssrdp ssamoswap_w ssamoswap_d c_sspush_x1 c_sspopchk_x5 ; do \
	printf 'DEFINE_INSN(%s)\n' "${insn}" ; \
done > insn_list.h.tmp
mv insn_list.h.tmp insn_list.h
g++ -MMD -MP  -DPREFIX=\"/usr/local\" -Wall -Wno-nonportable-include-path -g -O2 -fPIC -std=c++2a -g -O2   -iquote . -I.. -iquote ../fesvr -iquote ../riscv -iquote ../disasm -iquote ../customext -iquote ../fdt -iquote ../softfloat -iquote ../spike_main -iquote ../spike_dasm -I/usr/include -x c++-header ../riscv/insn_template.h -c -o insn_template.h.gch -MF insn_template.h.d
sed 's/NAME/add/' ../riscv/insn_template.cc | sed 's/OPCODE/ MATCH_ADD/' > add.cc
sed 's/NAME/addi/' ../riscv/insn_template.cc | sed 's/OPCODE/ MATCH_ADDI/' > addi.cc
sed 's/NAME/addiw/' ../riscv/insn_template.cc | sed 's/OPCODE/ MATCH_ADDIW/' > addiw.cc
sed 's/NAME/addw/' ../riscv/insn_template.cc | sed 's/OPCODE/ MATCH_ADDW/' > addw.cc
sed 's/NAME/and/' ../riscv/insn_template.cc | sed 's/OPCODE/ MATCH_AND/' > and.cc
sed 's/NAME/andi/' ../riscv/insn_template.cc | sed 's/OPCODE/ MATCH_ANDI/' > andi.cc
sed 's/NAME/auipc/' ../riscv/insn_template.cc | sed 's/OPCODE/ MATCH_AUIPC/' > auipc.cc
sed 's/NAME/beq/' ../riscv/insn_template.cc | sed 's/OPCODE/ MATCH_BEQ/' > beq.cc
sed 's/NAME/bge/' ../riscv/insn_template.cc | sed 's/OPCODE/ MATCH_BGE/' > bge.cc
sed 's/NAME/bgeu/' ../riscv/insn_template.cc | sed 's/OPCODE/ MATCH_BGEU/' > bgeu.cc
sed 's/NAME/blt/' ../riscv/insn_template.cc | sed 's/OPCODE/ MATCH_BLT/' > blt.cc
sed 's/NAME/bltu/' ../riscv/insn_template.cc | sed 's/OPCODE/ MATCH_BLTU/' > bltu.cc
sed 's/NAME/bne/' ../riscv/insn_template.cc | sed 's/OPCODE/ MATCH_BNE/' > bne.cc
sed 's/NAME/jal/' ../riscv/insn_template.cc | sed 's/OPCODE/ MATCH_JAL/' > jal.cc
sed 's/NAME/jalr/' ../riscv/insn_template.cc | sed 's/OPCODE/ MATCH_JALR/' > jalr.cc
sed 's/NAME/lb/' ../riscv/insn_template.cc | sed 's/OPCODE/ MATCH_LB/' > lb.cc
sed 's/NAME/lbu/' ../riscv/insn_template.cc | sed 's/OPCODE/ MATCH_LBU/' > lbu.cc
sed 's/NAME/ld/' ../riscv/insn_template.cc | sed 's/OPCODE/ MATCH_LD/' > ld.cc
sed 's/NAME/lh/' ../riscv/insn_template.cc | sed 's/OPCODE/ MATCH_LH/' > lh.cc
sed 's/NAME/lhu/' ../riscv/insn_template.cc | sed 's/OPCODE/ MATCH_LHU/' > lhu.cc
sed 's/NAME/lui/' ../riscv/insn_template.cc | sed 's/OPCODE/ MATCH_LUI/' > lui.cc
sed 's/NAME/lw/' ../riscv/insn_template.cc | sed 's/OPCODE/ MATCH_LW/' > lw.cc
sed 's/NAME/lwu/' ../riscv/insn_template.cc | sed 's/OPCODE/ MATCH_LWU/' > lwu.cc
sed 's/NAME/or/' ../riscv/insn_template.cc | sed 's/OPCODE/ MATCH_OR/' > or.cc
sed 's/NAME/ori/' ../riscv/insn_template.cc | sed 's/OPCODE/ MATCH_ORI/' > ori.cc
sed 's/NAME/sb/' ../riscv/insn_template.cc | sed 's/OPCODE/ MATCH_SB/' > sb.cc
sed 's/NAME/sd/' ../riscv/insn_template.cc | sed 's/OPCODE/ MATCH_SD/' > sd.cc
sed 's/NAME/sh/' ../riscv/insn_template.cc | sed 's/OPCODE/ MATCH_SH/' > sh.cc
sed 's/NAME/sll/' ../riscv/insn_template.cc | sed 's/OPCODE/ MATCH_SLL/' > sll.cc
sed 's/NAME/slli/' ../riscv/insn_template.cc | sed 's/OPCODE/ MATCH_SLLI/' > slli.cc
sed 's/NAME/slliw/' ../riscv/insn_template.cc | sed 's/OPCODE/ MATCH_SLLIW/' > slliw.cc
sed 's/NAME/sllw/' ../riscv/insn_template.cc | sed 's/OPCODE/ MATCH_SLLW/' > sllw.cc
sed 's/NAME/slt/' ../riscv/insn_template.cc | sed 's/OPCODE/ MATCH_SLT/' > slt.cc
sed 's/NAME/slti/' ../riscv/insn_template.cc | sed 's/OPCODE/ MATCH_SLTI/' > slti.cc
sed 's/NAME/sltiu/' ../riscv/insn_template.cc | sed 's/OPCODE/ MATCH_SLTIU/' > sltiu.cc
sed 's/NAME/sltu/' ../riscv/insn_template.cc | sed 's/OPCODE/ MATCH_SLTU/' > sltu.cc
sed 's/NAME/sra/' ../riscv/insn_template.cc | sed 's/OPCODE/ MATCH_SRA/' > sra.cc
sed 's/NAME/srai/' ../riscv/insn_template.cc | sed 's/OPCODE/ MATCH_SRAI/' > srai.cc
sed 's/NAME/sraiw/' ../riscv/insn_template.cc | sed 's/OPCODE/ MATCH_SRAIW/' > sraiw.cc
sed 's/NAME/sraw/' ../riscv/insn_template.cc | sed 's/OPCODE/ MATCH_SRAW/' > sraw.cc
sed 's/NAME/srl/' ../riscv/insn_template.cc | sed 's/OPCODE/ MATCH_SRL/' > srl.cc
sed 's/NAME/srli/' ../riscv/insn_template.cc | sed 's/OPCODE/ MATCH_SRLI/' > srli.cc
sed 's/NAME/srliw/' ../riscv/insn_template.cc | sed 's/OPCODE/ MATCH_SRLIW/' > srliw.cc
sed 's/NAME/srlw/' ../riscv/insn_template.cc | sed 's/OPCODE/ MATCH_SRLW/' > srlw.cc
sed 's/NAME/sub/' ../riscv/insn_template.cc | sed 's/OPCODE/ MATCH_SUB/' > sub.cc
sed 's/NAME/subw/' ../riscv/insn_template.cc | sed 's/OPCODE/ MATCH_SUBW/' > subw.cc
sed 's/NAME/sw/' ../riscv/insn_template.cc | sed 's/OPCODE/ MATCH_SW/' > sw.cc
sed 's/NAME/xor/' ../riscv/insn_template.cc | sed 's/OPCODE/ MATCH_XOR/' > xor.cc
sed 's/NAME/xori/' ../riscv/insn_template.cc | sed 's/OPCODE/ MATCH_XORI/' > xori.cc
sed 's/NAME/fence/' ../riscv/insn_template.cc | sed 's/OPCODE/ MATCH_FENCE/' > fence.cc
sed 's/NAME/fence_i/' ../riscv/insn_template.cc | sed 's/OPCODE/ MATCH_FENCE_I/' > fence_i.cc
sed 's/NAME/c_add/' ../riscv/insn_template.cc | sed 's/OPCODE/ MATCH_C_ADD/' > c_add.cc
sed 's/NAME/c_addi/' ../riscv/insn_template.cc | sed 's/OPCODE/ MATCH_C_ADDI/' > c_addi.cc
sed 's/NAME/c_addi4spn/' ../riscv/insn_template.cc | sed 's/OPCODE/ MATCH_C_ADDI4SPN/' > c_addi4spn.cc
sed 's/NAME/c_addw/' ../riscv/insn_template.cc | sed 's/OPCODE/ MATCH_C_ADDW/' > c_addw.cc
sed 's/NAME/c_and/' ../riscv/insn_template.cc | sed 's/OPCODE/ MATCH_C_AND/' > c_and.cc
sed 's/NAME/c_andi/' ../riscv/insn_template.cc | sed 's/OPCODE/ MATCH_C_ANDI/' > c_andi.cc
sed 's/NAME/c_beqz/' ../riscv/insn_template.cc | sed 's/OPCODE/ MATCH_C_BEQZ/' > c_beqz.cc
sed 's/NAME/c_bnez/' ../riscv/insn_template.cc | sed 's/OPCODE/ MATCH_C_BNEZ/' > c_bnez.cc
sed 's/NAME/c_ebreak/' ../riscv/insn_template.cc | sed 's/OPCODE/ MATCH_C_EBREAK/' > c_ebreak.cc
sed 's/NAME/c_fld/' ../riscv/insn_template.cc | sed 's/OPCODE/ MATCH_C_FLD/' > c_fld.cc
sed 's/NAME/c_fldsp/' ../riscv/insn_template.cc | sed 's/OPCODE/ MATCH_C_FLDSP/' > c_fldsp.cc
sed 's/NAME/c_flw/' ../riscv/insn_template.cc | sed 's/OPCODE/ MATCH_C_FLW/' > c_flw.cc
sed 's/NAME/c_flwsp/' ../riscv/insn_template.cc | sed 's/OPCODE/ MATCH_C_FLWSP/' > c_flwsp.cc
sed 's/NAME/c_fsd/' ../riscv/insn_template.cc | sed 's/OPCODE/ MATCH_C_FSD/' > c_fsd.cc
sed 's/NAME/c_fsdsp/' ../riscv/insn_template.cc | sed 's/OPCODE/ MATCH_C_FSDSP/' > c_fsdsp.cc
sed 's/NAME/c_fsw/' ../riscv/insn_template.cc | sed 's/OPCODE/ MATCH_C_FSW/' > c_fsw.cc
sed 's/NAME/c_fswsp/' ../riscv/insn_template.cc | sed 's/OPCODE/ MATCH_C_FSWSP/' > c_fswsp.cc
sed 's/NAME/c_j/' ../riscv/insn_template.cc | sed 's/OPCODE/ MATCH_C_J/' > c_j.cc
sed 's/NAME/c_jal/' ../riscv/insn_template.cc | sed 's/OPCODE/ MATCH_C_JAL/' > c_jal.cc
sed 's/NAME/c_jalr/' ../riscv/insn_template.cc | sed 's/OPCODE/ MATCH_C_JALR/' > c_jalr.cc
sed 's/NAME/c_jr/' ../riscv/insn_template.cc | sed 's/OPCODE/ MATCH_C_JR/' > c_jr.cc
sed 's/NAME/c_li/' ../riscv/insn_template.cc | sed 's/OPCODE/ MATCH_C_LI/' > c_li.cc
sed 's/NAME/c_lui/' ../riscv/insn_template.cc | sed 's/OPCODE/ MATCH_C_LUI/' > c_lui.cc
sed 's/NAME/c_ld/' ../riscv/insn_template.cc | sed 's/OPCODE/ MATCH_C_LD/' > c_ld.cc
sed 's/NAME/c_ldsp/' ../riscv/insn_template.cc | sed 's/OPCODE/ MATCH_C_LDSP/' > c_ldsp.cc
sed 's/NAME/c_lw/' ../riscv/insn_template.cc | sed 's/OPCODE/ MATCH_C_LW/' > c_lw.cc
sed 's/NAME/c_lwsp/' ../riscv/insn_template.cc | sed 's/OPCODE/ MATCH_C_LWSP/' > c_lwsp.cc
sed 's/NAME/c_mv/' ../riscv/insn_template.cc | sed 's/OPCODE/ MATCH_C_MV/' > c_mv.cc
sed 's/NAME/c_or/' ../riscv/insn_template.cc | sed 's/OPCODE/ MATCH_C_OR/' > c_or.cc
sed 's/NAME/c_slli/' ../riscv/insn_template.cc | sed 's/OPCODE/ MATCH_C_SLLI/' > c_slli.cc
sed 's/NAME/c_srai/' ../riscv/insn_template.cc | sed 's/OPCODE/ MATCH_C_SRAI/' > c_srai.cc
sed 's/NAME/c_srli/' ../riscv/insn_template.cc | sed 's/OPCODE/ MATCH_C_SRLI/' > c_srli.cc
sed 's/NAME/c_sub/' ../riscv/insn_template.cc | sed 's/OPCODE/ MATCH_C_SUB/' > c_sub.cc
sed 's/NAME/c_subw/' ../riscv/insn_template.cc | sed 's/OPCODE/ MATCH_C_SUBW/' > c_subw.cc
sed 's/NAME/c_sd/' ../riscv/insn_template.cc | sed 's/OPCODE/ MATCH_C_SD/' > c_sd.cc
sed 's/NAME/c_sdsp/' ../riscv/insn_template.cc | sed 's/OPCODE/ MATCH_C_SDSP/' > c_sdsp.cc
sed 's/NAME/c_sw/' ../riscv/insn_template.cc | sed 's/OPCODE/ MATCH_C_SW/' > c_sw.cc
sed 's/NAME/c_swsp/' ../riscv/insn_template.cc | sed 's/OPCODE/ MATCH_C_SWSP/' > c_swsp.cc
sed 's/NAME/c_xor/' ../riscv/insn_template.cc | sed 's/OPCODE/ MATCH_C_XOR/' > c_xor.cc
sed 's/NAME/fadd_s/' ../riscv/insn_template.cc | sed 's/OPCODE/ MATCH_FADD_S/' > fadd_s.cc
sed 's/NAME/fclass_s/' ../riscv/insn_template.cc | sed 's/OPCODE/ MATCH_FCLASS_S/' > fclass_s.cc
sed 's/NAME/fcvt_l_s/' ../riscv/insn_template.cc | sed 's/OPCODE/ MATCH_FCVT_L_S/' > fcvt_l_s.cc
sed 's/NAME/fcvt_lu_s/' ../riscv/insn_template.cc | sed 's/OPCODE/ MATCH_FCVT_LU_S/' > fcvt_lu_s.cc
sed 's/NAME/fcvt_s_l/' ../riscv/insn_template.cc | sed 's/OPCODE/ MATCH_FCVT_S_L/' > fcvt_s_l.cc
sed 's/NAME/fcvt_s_lu/' ../riscv/insn_template.cc | sed 's/OPCODE/ MATCH_FCVT_S_LU/' > fcvt_s_lu.cc
sed 's/NAME/fcvt_s_w/' ../riscv/insn_template.cc | sed 's/OPCODE/ MATCH_FCVT_S_W/' > fcvt_s_w.cc
sed 's/NAME/fcvt_s_wu/' ../riscv/insn_template.cc | sed 's/OPCODE/ MATCH_FCVT_S_WU/' > fcvt_s_wu.cc
sed 's/NAME/fcvt_w_s/' ../riscv/insn_template.cc | sed 's/OPCODE/ MATCH_FCVT_W_S/' > fcvt_w_s.cc
sed 's/NAME/fcvt_wu_s/' ../riscv/insn_template.cc | sed 's/OPCODE/ MATCH_FCVT_WU_S/' > fcvt_wu_s.cc
sed 's/NAME/fdiv_s/' ../riscv/insn_template.cc | sed 's/OPCODE/ MATCH_FDIV_S/' > fdiv_s.cc
sed 's/NAME/feq_s/' ../riscv/insn_template.cc | sed 's/OPCODE/ MATCH_FEQ_S/' > feq_s.cc
sed 's/NAME/fle_s/' ../riscv/insn_template.cc | sed 's/OPCODE/ MATCH_FLE_S/' > fle_s.cc
sed 's/NAME/flt_s/' ../riscv/insn_template.cc | sed 's/OPCODE/ MATCH_FLT_S/' > flt_s.cc
sed 's/NAME/flw/' ../riscv/insn_template.cc | sed 's/OPCODE/ MATCH_FLW/' > flw.cc
sed 's/NAME/fmadd_s/' ../riscv/insn_template.cc | sed 's/OPCODE/ MATCH_FMADD_S/' > fmadd_s.cc
sed 's/NAME/fmax_s/' ../riscv/insn_template.cc | sed 's/OPCODE/ MATCH_FMAX_S/' > fmax_s.cc
sed 's/NAME/fmin_s/' ../riscv/insn_template.cc | sed 's/OPCODE/ MATCH_FMIN_S/' > fmin_s.cc
sed 's/NAME/fmsub_s/' ../riscv/insn_template.cc | sed 's/OPCODE/ MATCH_FMSUB_S/' > fmsub_s.cc
sed 's/NAME/fmul_s/' ../riscv/insn_template.cc | sed 's/OPCODE/ MATCH_FMUL_S/' > fmul_s.cc
sed 's/NAME/fmv_w_x/' ../riscv/insn_template.cc | sed 's/OPCODE/ MATCH_FMV_W_X/' > fmv_w_x.cc
sed 's/NAME/fmv_x_w/' ../riscv/insn_template.cc | sed 's/OPCODE/ MATCH_FMV_X_W/' > fmv_x_w.cc
sed 's/NAME/fnmadd_s/' ../riscv/insn_template.cc | sed 's/OPCODE/ MATCH_FNMADD_S/' > fnmadd_s.cc
sed 's/NAME/fnmsub_s/' ../riscv/insn_template.cc | sed 's/OPCODE/ MATCH_FNMSUB_S/' > fnmsub_s.cc
sed 's/NAME/fsgnj_s/' ../riscv/insn_template.cc | sed 's/OPCODE/ MATCH_FSGNJ_S/' > fsgnj_s.cc
sed 's/NAME/fsgnjn_s/' ../riscv/insn_template.cc | sed 's/OPCODE/ MATCH_FSGNJN_S/' > fsgnjn_s.cc
sed 's/NAME/fsgnjx_s/' ../riscv/insn_template.cc | sed 's/OPCODE/ MATCH_FSGNJX_S/' > fsgnjx_s.cc
sed 's/NAME/fsqrt_s/' ../riscv/insn_template.cc | sed 's/OPCODE/ MATCH_FSQRT_S/' > fsqrt_s.cc
sed 's/NAME/fsub_s/' ../riscv/insn_template.cc | sed 's/OPCODE/ MATCH_FSUB_S/' > fsub_s.cc
sed 's/NAME/fsw/' ../riscv/insn_template.cc | sed 's/OPCODE/ MATCH_FSW/' > fsw.cc
sed 's/NAME/fadd_d/' ../riscv/insn_template.cc | sed 's/OPCODE/ MATCH_FADD_D/' > fadd_d.cc
sed 's/NAME/fclass_d/' ../riscv/insn_template.cc | sed 's/OPCODE/ MATCH_FCLASS_D/' > fclass_d.cc
sed 's/NAME/fcvt_d_l/' ../riscv/insn_template.cc | sed 's/OPCODE/ MATCH_FCVT_D_L/' > fcvt_d_l.cc
sed 's/NAME/fcvt_d_lu/' ../riscv/insn_template.cc | sed 's/OPCODE/ MATCH_FCVT_D_LU/' > fcvt_d_lu.cc
sed 's/NAME/fcvt_d_q/' ../riscv/insn_template.cc | sed 's/OPCODE/ MATCH_FCVT_D_Q/' > fcvt_d_q.cc
sed 's/NAME/fcvt_d_s/' ../riscv/insn_template.cc | sed 's/OPCODE/ MATCH_FCVT_D_S/' > fcvt_d_s.cc
sed 's/NAME/fcvt_d_w/' ../riscv/insn_template.cc | sed 's/OPCODE/ MATCH_FCVT_D_W/' > fcvt_d_w.cc
sed 's/NAME/fcvt_d_wu/' ../riscv/insn_template.cc | sed 's/OPCODE/ MATCH_FCVT_D_WU/' > fcvt_d_wu.cc
sed 's/NAME/fcvt_l_d/' ../riscv/insn_template.cc | sed 's/OPCODE/ MATCH_FCVT_L_D/' > fcvt_l_d.cc
sed 's/NAME/fcvt_lu_d/' ../riscv/insn_template.cc | sed 's/OPCODE/ MATCH_FCVT_LU_D/' > fcvt_lu_d.cc
sed 's/NAME/fcvt_s_d/' ../riscv/insn_template.cc | sed 's/OPCODE/ MATCH_FCVT_S_D/' > fcvt_s_d.cc
sed 's/NAME/fcvt_w_d/' ../riscv/insn_template.cc | sed 's/OPCODE/ MATCH_FCVT_W_D/' > fcvt_w_d.cc
sed 's/NAME/fcvt_wu_d/' ../riscv/insn_template.cc | sed 's/OPCODE/ MATCH_FCVT_WU_D/' > fcvt_wu_d.cc
sed 's/NAME/fdiv_d/' ../riscv/insn_template.cc | sed 's/OPCODE/ MATCH_FDIV_D/' > fdiv_d.cc
sed 's/NAME/feq_d/' ../riscv/insn_template.cc | sed 's/OPCODE/ MATCH_FEQ_D/' > feq_d.cc
sed 's/NAME/fld/' ../riscv/insn_template.cc | sed 's/OPCODE/ MATCH_FLD/' > fld.cc
sed 's/NAME/fle_d/' ../riscv/insn_template.cc | sed 's/OPCODE/ MATCH_FLE_D/' > fle_d.cc
sed 's/NAME/flt_d/' ../riscv/insn_template.cc | sed 's/OPCODE/ MATCH_FLT_D/' > flt_d.cc
sed 's/NAME/fmadd_d/' ../riscv/insn_template.cc | sed 's/OPCODE/ MATCH_FMADD_D/' > fmadd_d.cc
sed 's/NAME/fmax_d/' ../riscv/insn_template.cc | sed 's/OPCODE/ MATCH_FMAX_D/' > fmax_d.cc
sed 's/NAME/fmin_d/' ../riscv/insn_template.cc | sed 's/OPCODE/ MATCH_FMIN_D/' > fmin_d.cc
sed 's/NAME/fmsub_d/' ../riscv/insn_template.cc | sed 's/OPCODE/ MATCH_FMSUB_D/' > fmsub_d.cc
sed 's/NAME/fmul_d/' ../riscv/insn_template.cc | sed 's/OPCODE/ MATCH_FMUL_D/' > fmul_d.cc
sed 's/NAME/fmv_d_x/' ../riscv/insn_template.cc | sed 's/OPCODE/ MATCH_FMV_D_X/' > fmv_d_x.cc
sed 's/NAME/fmv_x_d/' ../riscv/insn_template.cc | sed 's/OPCODE/ MATCH_FMV_X_D/' > fmv_x_d.cc
sed 's/NAME/fnmadd_d/' ../riscv/insn_template.cc | sed 's/OPCODE/ MATCH_FNMADD_D/' > fnmadd_d.cc
sed 's/NAME/fnmsub_d/' ../riscv/insn_template.cc | sed 's/OPCODE/ MATCH_FNMSUB_D/' > fnmsub_d.cc
sed 's/NAME/fsd/' ../riscv/insn_template.cc | sed 's/OPCODE/ MATCH_FSD/' > fsd.cc
sed 's/NAME/fsgnj_d/' ../riscv/insn_template.cc | sed 's/OPCODE/ MATCH_FSGNJ_D/' > fsgnj_d.cc
sed 's/NAME/fsgnjn_d/' ../riscv/insn_template.cc | sed 's/OPCODE/ MATCH_FSGNJN_D/' > fsgnjn_d.cc
sed 's/NAME/fsgnjx_d/' ../riscv/insn_template.cc | sed 's/OPCODE/ MATCH_FSGNJX_D/' > fsgnjx_d.cc
sed 's/NAME/fsqrt_d/' ../riscv/insn_template.cc | sed 's/OPCODE/ MATCH_FSQRT_D/' > fsqrt_d.cc
sed 's/NAME/fsub_d/' ../riscv/insn_template.cc | sed 's/OPCODE/ MATCH_FSUB_D/' > fsub_d.cc
sed 's/NAME/div/' ../riscv/insn_template.cc | sed 's/OPCODE/ MATCH_DIV/' > div.cc
sed 's/NAME/divu/' ../riscv/insn_template.cc | sed 's/OPCODE/ MATCH_DIVU/' > divu.cc
sed 's/NAME/divuw/' ../riscv/insn_template.cc | sed 's/OPCODE/ MATCH_DIVUW/' > divuw.cc
sed 's/NAME/divw/' ../riscv/insn_template.cc | sed 's/OPCODE/ MATCH_DIVW/' > divw.cc
sed 's/NAME/mul/' ../riscv/insn_template.cc | sed 's/OPCODE/ MATCH_MUL/' > mul.cc
sed 's/NAME/mulh/' ../riscv/insn_template.cc | sed 's/OPCODE/ MATCH_MULH/' > mulh.cc
sed 's/NAME/mulhsu/' ../riscv/insn_template.cc | sed 's/OPCODE/ MATCH_MULHSU/' > mulhsu.cc
sed 's/NAME/mulhu/' ../riscv/insn_template.cc | sed 's/OPCODE/ MATCH_MULHU/' > mulhu.cc
sed 's/NAME/mulw/' ../riscv/insn_template.cc | sed 's/OPCODE/ MATCH_MULW/' > mulw.cc
sed 's/NAME/rem/' ../riscv/insn_template.cc | sed 's/OPCODE/ MATCH_REM/' > rem.cc
sed 's/NAME/remu/' ../riscv/insn_template.cc | sed 's/OPCODE/ MATCH_REMU/' > remu.cc
sed 's/NAME/remuw/' ../riscv/insn_template.cc | sed 's/OPCODE/ MATCH_REMUW/' > remuw.cc
sed 's/NAME/remw/' ../riscv/insn_template.cc | sed 's/OPCODE/ MATCH_REMW/' > remw.cc
sed 's/NAME/add_uw/' ../riscv/insn_template.cc | sed 's/OPCODE/ MATCH_ADD_UW/' > add_uw.cc
sed 's/NAME/andn/' ../riscv/insn_template.cc | sed 's/OPCODE/ MATCH_ANDN/' > andn.cc
sed 's/NAME/sh1add/' ../riscv/insn_template.cc | sed 's/OPCODE/ MATCH_SH1ADD/' > sh1add.cc
sed 's/NAME/sh1add_uw/' ../riscv/insn_template.cc | sed 's/OPCODE/ MATCH_SH1ADD_UW/' > sh1add_uw.cc
sed 's/NAME/sh2add/' ../riscv/insn_template.cc | sed 's/OPCODE/ MATCH_SH2ADD/' > sh2add.cc
sed 's/NAME/sh2add_uw/' ../riscv/insn_template.cc | sed 's/OPCODE/ MATCH_SH2ADD_UW/' > sh2add_uw.cc
sed 's/NAME/sh3add/' ../riscv/insn_template.cc | sed 's/OPCODE/ MATCH_SH3ADD/' > sh3add.cc
sed 's/NAME/sh3add_uw/' ../riscv/insn_template.cc | sed 's/OPCODE/ MATCH_SH3ADD_UW/' > sh3add_uw.cc
sed 's/NAME/clmul/' ../riscv/insn_template.cc | sed 's/OPCODE/ MATCH_CLMUL/' > clmul.cc
sed 's/NAME/clmulh/' ../riscv/insn_template.cc | sed 's/OPCODE/ MATCH_CLMULH/' > clmulh.cc
sed 's/NAME/clmulr/' ../riscv/insn_template.cc | sed 's/OPCODE/ MATCH_CLMULR/' > clmulr.cc
sed 's/NAME/clz/' ../riscv/insn_template.cc | sed 's/OPCODE/ MATCH_CLZ/' > clz.cc
sed 's/NAME/clzw/' ../riscv/insn_template.cc | sed 's/OPCODE/ MATCH_CLZW/' > clzw.cc
sed 's/NAME/ctz/' ../riscv/insn_template.cc | sed 's/OPCODE/ MATCH_CTZ/' > ctz.cc
sed 's/NAME/ctzw/' ../riscv/insn_template.cc | sed 's/OPCODE/ MATCH_CTZW/' > ctzw.cc
sed 's/NAME/orc_b/' ../riscv/insn_template.cc | sed 's/OPCODE/ MATCH_ORC_B/' > orc_b.cc
sed 's/NAME/rev8/' ../riscv/insn_template.cc | sed 's/OPCODE/ MATCH_REV8/' > rev8.cc
sed 's/NAME/rev8_rv32/' ../riscv/insn_template.cc | sed 's/OPCODE/ MATCH_REV8_RV32/' > rev8_rv32.cc
sed 's/NAME/brev8/' ../riscv/insn_template.cc | sed 's/OPCODE/ MATCH_BREV8/' > brev8.cc
sed 's/NAME/max/' ../riscv/insn_template.cc | sed 's/OPCODE/ MATCH_MAX/' > max.cc
sed 's/NAME/maxu/' ../riscv/insn_template.cc | sed 's/OPCODE/ MATCH_MAXU/' > maxu.cc
sed 's/NAME/min/' ../riscv/insn_template.cc | sed 's/OPCODE/ MATCH_MIN/' > min.cc
sed 's/NAME/minu/' ../riscv/insn_template.cc | sed 's/OPCODE/ MATCH_MINU/' > minu.cc
sed 's/NAME/orn/' ../riscv/insn_template.cc | sed 's/OPCODE/ MATCH_ORN/' > orn.cc
sed 's/NAME/pack/' ../riscv/insn_template.cc | sed 's/OPCODE/ MATCH_PACK/' > pack.cc
sed 's/NAME/packh/' ../riscv/insn_template.cc | sed 's/OPCODE/ MATCH_PACKH/' > packh.cc
sed 's/NAME/packw/' ../riscv/insn_template.cc | sed 's/OPCODE/ MATCH_PACKW/' > packw.cc
sed 's/NAME/cpop/' ../riscv/insn_template.cc | sed 's/OPCODE/ MATCH_CPOP/' > cpop.cc
sed 's/NAME/cpopw/' ../riscv/insn_template.cc | sed 's/OPCODE/ MATCH_CPOPW/' > cpopw.cc
sed 's/NAME/rol/' ../riscv/insn_template.cc | sed 's/OPCODE/ MATCH_ROL/' > rol.cc
sed 's/NAME/rolw/' ../riscv/insn_template.cc | sed 's/OPCODE/ MATCH_ROLW/' > rolw.cc
sed 's/NAME/ror/' ../riscv/insn_template.cc | sed 's/OPCODE/ MATCH_ROR/' > ror.cc
sed 's/NAME/rori/' ../riscv/insn_template.cc | sed 's/OPCODE/ MATCH_RORI/' > rori.cc
sed 's/NAME/roriw/' ../riscv/insn_template.cc | sed 's/OPCODE/ MATCH_RORIW/' > roriw.cc
sed 's/NAME/rorw/' ../riscv/insn_template.cc | sed 's/OPCODE/ MATCH_RORW/' > rorw.cc
sed 's/NAME/bclr/' ../riscv/insn_template.cc | sed 's/OPCODE/ MATCH_BCLR/' > bclr.cc
sed 's/NAME/bclri/' ../riscv/insn_template.cc | sed 's/OPCODE/ MATCH_BCLRI/' > bclri.cc
sed 's/NAME/bext/' ../riscv/insn_template.cc | sed 's/OPCODE/ MATCH_BEXT/' > bext.cc
sed 's/NAME/bexti/' ../riscv/insn_template.cc | sed 's/OPCODE/ MATCH_BEXTI/' > bexti.cc
sed 's/NAME/binv/' ../riscv/insn_template.cc | sed 's/OPCODE/ MATCH_BINV/' > binv.cc
sed 's/NAME/binvi/' ../riscv/insn_template.cc | sed 's/OPCODE/ MATCH_BINVI/' > binvi.cc
sed 's/NAME/bset/' ../riscv/insn_template.cc | sed 's/OPCODE/ MATCH_BSET/' > bset.cc
sed 's/NAME/bseti/' ../riscv/insn_template.cc | sed 's/OPCODE/ MATCH_BSETI/' > bseti.cc
sed 's/NAME/sext_b/' ../riscv/insn_template.cc | sed 's/OPCODE/ MATCH_SEXT_B/' > sext_b.cc
sed 's/NAME/sext_h/' ../riscv/insn_template.cc | sed 's/OPCODE/ MATCH_SEXT_H/' > sext_h.cc
sed 's/NAME/zip/' ../riscv/insn_template.cc | sed 's/OPCODE/ MATCH_ZIP/' > zip.cc
sed 's/NAME/slli_uw/' ../riscv/insn_template.cc | sed 's/OPCODE/ MATCH_SLLI_UW/' > slli_uw.cc
sed 's/NAME/unzip/' ../riscv/insn_template.cc | sed 's/OPCODE/ MATCH_UNZIP/' > unzip.cc
sed 's/NAME/xnor/' ../riscv/insn_template.cc | sed 's/OPCODE/ MATCH_XNOR/' > xnor.cc
sed 's/NAME/xperm4/' ../riscv/insn_template.cc | sed 's/OPCODE/ MATCH_XPERM4/' > xperm4.cc
sed 's/NAME/xperm8/' ../riscv/insn_template.cc | sed 's/OPCODE/ MATCH_XPERM8/' > xperm8.cc
sed 's/NAME/amoadd_d/' ../riscv/insn_template.cc | sed 's/OPCODE/ MATCH_AMOADD_D/' > amoadd_d.cc
sed 's/NAME/amoadd_w/' ../riscv/insn_template.cc | sed 's/OPCODE/ MATCH_AMOADD_W/' > amoadd_w.cc
sed 's/NAME/amoand_d/' ../riscv/insn_template.cc | sed 's/OPCODE/ MATCH_AMOAND_D/' > amoand_d.cc
sed 's/NAME/amoand_w/' ../riscv/insn_template.cc | sed 's/OPCODE/ MATCH_AMOAND_W/' > amoand_w.cc
sed 's/NAME/amomax_d/' ../riscv/insn_template.cc | sed 's/OPCODE/ MATCH_AMOMAX_D/' > amomax_d.cc
sed 's/NAME/amomaxu_d/' ../riscv/insn_template.cc | sed 's/OPCODE/ MATCH_AMOMAXU_D/' > amomaxu_d.cc
sed 's/NAME/amomaxu_w/' ../riscv/insn_template.cc | sed 's/OPCODE/ MATCH_AMOMAXU_W/' > amomaxu_w.cc
sed 's/NAME/amomax_w/' ../riscv/insn_template.cc | sed 's/OPCODE/ MATCH_AMOMAX_W/' > amomax_w.cc
sed 's/NAME/amomin_d/' ../riscv/insn_template.cc | sed 's/OPCODE/ MATCH_AMOMIN_D/' > amomin_d.cc
sed 's/NAME/amominu_d/' ../riscv/insn_template.cc | sed 's/OPCODE/ MATCH_AMOMINU_D/' > amominu_d.cc
sed 's/NAME/amominu_w/' ../riscv/insn_template.cc | sed 's/OPCODE/ MATCH_AMOMINU_W/' > amominu_w.cc
sed 's/NAME/amomin_w/' ../riscv/insn_template.cc | sed 's/OPCODE/ MATCH_AMOMIN_W/' > amomin_w.cc
sed 's/NAME/amoor_d/' ../riscv/insn_template.cc | sed 's/OPCODE/ MATCH_AMOOR_D/' > amoor_d.cc
sed 's/NAME/amoor_w/' ../riscv/insn_template.cc | sed 's/OPCODE/ MATCH_AMOOR_W/' > amoor_w.cc
sed 's/NAME/amoswap_d/' ../riscv/insn_template.cc | sed 's/OPCODE/ MATCH_AMOSWAP_D/' > amoswap_d.cc
sed 's/NAME/amoswap_w/' ../riscv/insn_template.cc | sed 's/OPCODE/ MATCH_AMOSWAP_W/' > amoswap_w.cc
sed 's/NAME/amoxor_d/' ../riscv/insn_template.cc | sed 's/OPCODE/ MATCH_AMOXOR_D/' > amoxor_d.cc
sed 's/NAME/amoxor_w/' ../riscv/insn_template.cc | sed 's/OPCODE/ MATCH_AMOXOR_W/' > amoxor_w.cc
sed 's/NAME/lr_d/' ../riscv/insn_template.cc | sed 's/OPCODE/ MATCH_LR_D/' > lr_d.cc
sed 's/NAME/lr_w/' ../riscv/insn_template.cc | sed 's/OPCODE/ MATCH_LR_W/' > lr_w.cc
sed 's/NAME/sc_d/' ../riscv/insn_template.cc | sed 's/OPCODE/ MATCH_SC_D/' > sc_d.cc
sed 's/NAME/sc_w/' ../riscv/insn_template.cc | sed 's/OPCODE/ MATCH_SC_W/' > sc_w.cc
sed 's/NAME/vfadd_vf/' ../riscv/insn_template.cc | sed 's/OPCODE/ MATCH_VFADD_VF/' > vfadd_vf.cc
sed 's/NAME/vfadd_vv/' ../riscv/insn_template.cc | sed 's/OPCODE/ MATCH_VFADD_VV/' > vfadd_vv.cc
sed 's/NAME/vfclass_v/' ../riscv/insn_template.cc | sed 's/OPCODE/ MATCH_VFCLASS_V/' > vfclass_v.cc
sed 's/NAME/vfcvt_f_x_v/' ../riscv/insn_template.cc | sed 's/OPCODE/ MATCH_VFCVT_F_X_V/' > vfcvt_f_x_v.cc
sed 's/NAME/vfcvt_f_xu_v/' ../riscv/insn_template.cc | sed 's/OPCODE/ MATCH_VFCVT_F_XU_V/' > vfcvt_f_xu_v.cc
sed 's/NAME/vfcvt_rtz_x_f_v/' ../riscv/insn_template.cc | sed 's/OPCODE/ MATCH_VFCVT_RTZ_X_F_V/' > vfcvt_rtz_x_f_v.cc
sed 's/NAME/vfcvt_rtz_xu_f_v/' ../riscv/insn_template.cc | sed 's/OPCODE/ MATCH_VFCVT_RTZ_XU_F_V/' > vfcvt_rtz_xu_f_v.cc
sed 's/NAME/vfcvt_x_f_v/' ../riscv/insn_template.cc | sed 's/OPCODE/ MATCH_VFCVT_X_F_V/' > vfcvt_x_f_v.cc
sed 's/NAME/vfcvt_xu_f_v/' ../riscv/insn_template.cc | sed 's/OPCODE/ MATCH_VFCVT_XU_F_V/' > vfcvt_xu_f_v.cc
sed 's/NAME/vfdiv_vf/' ../riscv/insn_template.cc | sed 's/OPCODE/ MATCH_VFDIV_VF/' > vfdiv_vf.cc
sed 's/NAME/vfdiv_vv/' ../riscv/insn_template.cc | sed 's/OPCODE/ MATCH_VFDIV_VV/' > vfdiv_vv.cc
sed 's/NAME/vfmacc_vf/' ../riscv/insn_template.cc | sed 's/OPCODE/ MATCH_VFMACC_VF/' > vfmacc_vf.cc
sed 's/NAME/vfmacc_vv/' ../riscv/insn_template.cc | sed 's/OPCODE/ MATCH_VFMACC_VV/' > vfmacc_vv.cc
sed 's/NAME/vfmadd_vf/' ../riscv/insn_template.cc | sed 's/OPCODE/ MATCH_VFMADD_VF/' > vfmadd_vf.cc
sed 's/NAME/vfmadd_vv/' ../riscv/insn_template.cc | sed 's/OPCODE/ MATCH_VFMADD_VV/' > vfmadd_vv.cc
sed 's/NAME/vfmax_vf/' ../riscv/insn_template.cc | sed 's/OPCODE/ MATCH_VFMAX_VF/' > vfmax_vf.cc
sed 's/NAME/vfmax_vv/' ../riscv/insn_template.cc | sed 's/OPCODE/ MATCH_VFMAX_VV/' > vfmax_vv.cc
sed 's/NAME/vfmerge_vfm/' ../riscv/insn_template.cc | sed 's/OPCODE/ MATCH_VFMERGE_VFM/' > vfmerge_vfm.cc
sed 's/NAME/vfmin_vf/' ../riscv/insn_template.cc | sed 's/OPCODE/ MATCH_VFMIN_VF/' > vfmin_vf.cc
sed 's/NAME/vfmin_vv/' ../riscv/insn_template.cc | sed 's/OPCODE/ MATCH_VFMIN_VV/' > vfmin_vv.cc
sed 's/NAME/vfmsac_vf/' ../riscv/insn_template.cc | sed 's/OPCODE/ MATCH_VFMSAC_VF/' > vfmsac_vf.cc
sed 's/NAME/vfmsac_vv/' ../riscv/insn_template.cc | sed 's/OPCODE/ MATCH_VFMSAC_VV/' > vfmsac_vv.cc
sed 's/NAME/vfmsub_vf/' ../riscv/insn_template.cc | sed 's/OPCODE/ MATCH_VFMSUB_VF/' > vfmsub_vf.cc
sed 's/NAME/vfmsub_vv/' ../riscv/insn_template.cc | sed 's/OPCODE/ MATCH_VFMSUB_VV/' > vfmsub_vv.cc
sed 's/NAME/vfmul_vf/' ../riscv/insn_template.cc | sed 's/OPCODE/ MATCH_VFMUL_VF/' > vfmul_vf.cc
sed 's/NAME/vfmul_vv/' ../riscv/insn_template.cc | sed 's/OPCODE/ MATCH_VFMUL_VV/' > vfmul_vv.cc
sed 's/NAME/vfmv_f_s/' ../riscv/insn_template.cc | sed 's/OPCODE/ MATCH_VFMV_F_S/' > vfmv_f_s.cc
sed 's/NAME/vfmv_s_f/' ../riscv/insn_template.cc | sed 's/OPCODE/ MATCH_VFMV_S_F/' > vfmv_s_f.cc
sed 's/NAME/vfmv_v_f/' ../riscv/insn_template.cc | sed 's/OPCODE/ MATCH_VFMV_V_F/' > vfmv_v_f.cc
sed 's/NAME/vfncvt_f_f_w/' ../riscv/insn_template.cc | sed 's/OPCODE/ MATCH_VFNCVT_F_F_W/' > vfncvt_f_f_w.cc
sed 's/NAME/vfncvt_f_x_w/' ../riscv/insn_template.cc | sed 's/OPCODE/ MATCH_VFNCVT_F_X_W/' > vfncvt_f_x_w.cc
sed 's/NAME/vfncvt_f_xu_w/' ../riscv/insn_template.cc | sed 's/OPCODE/ MATCH_VFNCVT_F_XU_W/' > vfncvt_f_xu_w.cc
sed 's/NAME/vfncvt_rod_f_f_w/' ../riscv/insn_template.cc | sed 's/OPCODE/ MATCH_VFNCVT_ROD_F_F_W/' > vfncvt_rod_f_f_w.cc
sed 's/NAME/vfncvt_rtz_x_f_w/' ../riscv/insn_template.cc | sed 's/OPCODE/ MATCH_VFNCVT_RTZ_X_F_W/' > vfncvt_rtz_x_f_w.cc
sed 's/NAME/vfncvt_rtz_xu_f_w/' ../riscv/insn_template.cc | sed 's/OPCODE/ MATCH_VFNCVT_RTZ_XU_F_W/' > vfncvt_rtz_xu_f_w.cc
sed 's/NAME/vfncvt_x_f_w/' ../riscv/insn_template.cc | sed 's/OPCODE/ MATCH_VFNCVT_X_F_W/' > vfncvt_x_f_w.cc
sed 's/NAME/vfncvt_xu_f_w/' ../riscv/insn_template.cc | sed 's/OPCODE/ MATCH_VFNCVT_XU_F_W/' > vfncvt_xu_f_w.cc
sed 's/NAME/vfnmacc_vf/' ../riscv/insn_template.cc | sed 's/OPCODE/ MATCH_VFNMACC_VF/' > vfnmacc_vf.cc
sed 's/NAME/vfnmacc_vv/' ../riscv/insn_template.cc | sed 's/OPCODE/ MATCH_VFNMACC_VV/' > vfnmacc_vv.cc
sed 's/NAME/vfnmadd_vf/' ../riscv/insn_template.cc | sed 's/OPCODE/ MATCH_VFNMADD_VF/' > vfnmadd_vf.cc
sed 's/NAME/vfnmadd_vv/' ../riscv/insn_template.cc | sed 's/OPCODE/ MATCH_VFNMADD_VV/' > vfnmadd_vv.cc
sed 's/NAME/vfnmsac_vf/' ../riscv/insn_template.cc | sed 's/OPCODE/ MATCH_VFNMSAC_VF/' > vfnmsac_vf.cc
sed 's/NAME/vfnmsac_vv/' ../riscv/insn_template.cc | sed 's/OPCODE/ MATCH_VFNMSAC_VV/' > vfnmsac_vv.cc
sed 's/NAME/vfnmsub_vf/' ../riscv/insn_template.cc | sed 's/OPCODE/ MATCH_VFNMSUB_VF/' > vfnmsub_vf.cc
sed 's/NAME/vfnmsub_vv/' ../riscv/insn_template.cc | sed 's/OPCODE/ MATCH_VFNMSUB_VV/' > vfnmsub_vv.cc
sed 's/NAME/vfrdiv_vf/' ../riscv/insn_template.cc | sed 's/OPCODE/ MATCH_VFRDIV_VF/' > vfrdiv_vf.cc
sed 's/NAME/vfredmax_vs/' ../riscv/insn_template.cc | sed 's/OPCODE/ MATCH_VFREDMAX_VS/' > vfredmax_vs.cc
sed 's/NAME/vfredmin_vs/' ../riscv/insn_template.cc | sed 's/OPCODE/ MATCH_VFREDMIN_VS/' > vfredmin_vs.cc
sed 's/NAME/vfredosum_vs/' ../riscv/insn_template.cc | sed 's/OPCODE/ MATCH_VFREDOSUM_VS/' > vfredosum_vs.cc
sed 's/NAME/vfredusum_vs/' ../riscv/insn_template.cc | sed 's/OPCODE/ MATCH_VFREDUSUM_VS/' > vfredusum_vs.cc
sed 's/NAME/vfrec7_v/' ../riscv/insn_template.cc | sed 's/OPCODE/ MATCH_VFREC7_V/' > vfrec7_v.cc
sed 's/NAME/vfrsub_vf/' ../riscv/insn_template.cc | sed 's/OPCODE/ MATCH_VFRSUB_VF/' > vfrsub_vf.cc
sed 's/NAME/vfrsqrt7_v/' ../riscv/insn_template.cc | sed 's/OPCODE/ MATCH_VFRSQRT7_V/' > vfrsqrt7_v.cc
sed 's/NAME/vfsgnj_vf/' ../riscv/insn_template.cc | sed 's/OPCODE/ MATCH_VFSGNJ_VF/' > vfsgnj_vf.cc
sed 's/NAME/vfsgnj_vv/' ../riscv/insn_template.cc | sed 's/OPCODE/ MATCH_VFSGNJ_VV/' > vfsgnj_vv.cc
sed 's/NAME/vfsgnjn_vf/' ../riscv/insn_template.cc | sed 's/OPCODE/ MATCH_VFSGNJN_VF/' > vfsgnjn_vf.cc
sed 's/NAME/vfsgnjn_vv/' ../riscv/insn_template.cc | sed 's/OPCODE/ MATCH_VFSGNJN_VV/' > vfsgnjn_vv.cc
sed 's/NAME/vfsgnjx_vf/' ../riscv/insn_template.cc | sed 's/OPCODE/ MATCH_VFSGNJX_VF/' > vfsgnjx_vf.cc
sed 's/NAME/vfsgnjx_vv/' ../riscv/insn_template.cc | sed 's/OPCODE/ MATCH_VFSGNJX_VV/' > vfsgnjx_vv.cc
sed 's/NAME/vfsqrt_v/' ../riscv/insn_template.cc | sed 's/OPCODE/ MATCH_VFSQRT_V/' > vfsqrt_v.cc
sed 's/NAME/vfslide1down_vf/' ../riscv/insn_template.cc | sed 's/OPCODE/ MATCH_VFSLIDE1DOWN_VF/' > vfslide1down_vf.cc
sed 's/NAME/vfslide1up_vf/' ../riscv/insn_template.cc | sed 's/OPCODE/ MATCH_VFSLIDE1UP_VF/' > vfslide1up_vf.cc
sed 's/NAME/vfsub_vf/' ../riscv/insn_template.cc | sed 's/OPCODE/ MATCH_VFSUB_VF/' > vfsub_vf.cc
sed 's/NAME/vfsub_vv/' ../riscv/insn_template.cc | sed 's/OPCODE/ MATCH_VFSUB_VV/' > vfsub_vv.cc
sed 's/NAME/vfwadd_vf/' ../riscv/insn_template.cc | sed 's/OPCODE/ MATCH_VFWADD_VF/' > vfwadd_vf.cc
sed 's/NAME/vfwadd_vv/' ../riscv/insn_template.cc | sed 's/OPCODE/ MATCH_VFWADD_VV/' > vfwadd_vv.cc
sed 's/NAME/vfwadd_wf/' ../riscv/insn_template.cc | sed 's/OPCODE/ MATCH_VFWADD_WF/' > vfwadd_wf.cc
sed 's/NAME/vfwadd_wv/' ../riscv/insn_template.cc | sed 's/OPCODE/ MATCH_VFWADD_WV/' > vfwadd_wv.cc
sed 's/NAME/vfwcvt_f_f_v/' ../riscv/insn_template.cc | sed 's/OPCODE/ MATCH_VFWCVT_F_F_V/' > vfwcvt_f_f_v.cc
sed 's/NAME/vfwcvt_f_x_v/' ../riscv/insn_template.cc | sed 's/OPCODE/ MATCH_VFWCVT_F_X_V/' > vfwcvt_f_x_v.cc
sed 's/NAME/vfwcvt_f_xu_v/' ../riscv/insn_template.cc | sed 's/OPCODE/ MATCH_VFWCVT_F_XU_V/' > vfwcvt_f_xu_v.cc
sed 's/NAME/vfwcvt_rtz_x_f_v/' ../riscv/insn_template.cc | sed 's/OPCODE/ MATCH_VFWCVT_RTZ_X_F_V/' > vfwcvt_rtz_x_f_v.cc
sed 's/NAME/vfwcvt_rtz_xu_f_v/' ../riscv/insn_template.cc | sed 's/OPCODE/ MATCH_VFWCVT_RTZ_XU_F_V/' > vfwcvt_rtz_xu_f_v.cc
sed 's/NAME/vfwcvt_x_f_v/' ../riscv/insn_template.cc | sed 's/OPCODE/ MATCH_VFWCVT_X_F_V/' > vfwcvt_x_f_v.cc
sed 's/NAME/vfwcvt_xu_f_v/' ../riscv/insn_template.cc | sed 's/OPCODE/ MATCH_VFWCVT_XU_F_V/' > vfwcvt_xu_f_v.cc
sed 's/NAME/vfwmacc_vf/' ../riscv/insn_template.cc | sed 's/OPCODE/ MATCH_VFWMACC_VF/' > vfwmacc_vf.cc
sed 's/NAME/vfwmacc_vv/' ../riscv/insn_template.cc | sed 's/OPCODE/ MATCH_VFWMACC_VV/' > vfwmacc_vv.cc
sed 's/NAME/vfwmsac_vf/' ../riscv/insn_template.cc | sed 's/OPCODE/ MATCH_VFWMSAC_VF/' > vfwmsac_vf.cc
sed 's/NAME/vfwmsac_vv/' ../riscv/insn_template.cc | sed 's/OPCODE/ MATCH_VFWMSAC_VV/' > vfwmsac_vv.cc
sed 's/NAME/vfwmul_vf/' ../riscv/insn_template.cc | sed 's/OPCODE/ MATCH_VFWMUL_VF/' > vfwmul_vf.cc
sed 's/NAME/vfwmul_vv/' ../riscv/insn_template.cc | sed 's/OPCODE/ MATCH_VFWMUL_VV/' > vfwmul_vv.cc
sed 's/NAME/vfwnmacc_vf/' ../riscv/insn_template.cc | sed 's/OPCODE/ MATCH_VFWNMACC_VF/' > vfwnmacc_vf.cc
sed 's/NAME/vfwnmacc_vv/' ../riscv/insn_template.cc | sed 's/OPCODE/ MATCH_VFWNMACC_VV/' > vfwnmacc_vv.cc
sed 's/NAME/vfwnmsac_vf/' ../riscv/insn_template.cc | sed 's/OPCODE/ MATCH_VFWNMSAC_VF/' > vfwnmsac_vf.cc
sed 's/NAME/vfwnmsac_vv/' ../riscv/insn_template.cc | sed 's/OPCODE/ MATCH_VFWNMSAC_VV/' > vfwnmsac_vv.cc
sed 's/NAME/vfwredosum_vs/' ../riscv/insn_template.cc | sed 's/OPCODE/ MATCH_VFWREDOSUM_VS/' > vfwredosum_vs.cc
sed 's/NAME/vfwredusum_vs/' ../riscv/insn_template.cc | sed 's/OPCODE/ MATCH_VFWREDUSUM_VS/' > vfwredusum_vs.cc
sed 's/NAME/vfwsub_vf/' ../riscv/insn_template.cc | sed 's/OPCODE/ MATCH_VFWSUB_VF/' > vfwsub_vf.cc
sed 's/NAME/vfwsub_vv/' ../riscv/insn_template.cc | sed 's/OPCODE/ MATCH_VFWSUB_VV/' > vfwsub_vv.cc
sed 's/NAME/vfwsub_wf/' ../riscv/insn_template.cc | sed 's/OPCODE/ MATCH_VFWSUB_WF/' > vfwsub_wf.cc
sed 's/NAME/vfwsub_wv/' ../riscv/insn_template.cc | sed 's/OPCODE/ MATCH_VFWSUB_WV/' > vfwsub_wv.cc
sed 's/NAME/vmfeq_vf/' ../riscv/insn_template.cc | sed 's/OPCODE/ MATCH_VMFEQ_VF/' > vmfeq_vf.cc
sed 's/NAME/vmfeq_vv/' ../riscv/insn_template.cc | sed 's/OPCODE/ MATCH_VMFEQ_VV/' > vmfeq_vv.cc
sed 's/NAME/vmfge_vf/' ../riscv/insn_template.cc | sed 's/OPCODE/ MATCH_VMFGE_VF/' > vmfge_vf.cc
sed 's/NAME/vmfgt_vf/' ../riscv/insn_template.cc | sed 's/OPCODE/ MATCH_VMFGT_VF/' > vmfgt_vf.cc
sed 's/NAME/vmfle_vf/' ../riscv/insn_template.cc | sed 's/OPCODE/ MATCH_VMFLE_VF/' > vmfle_vf.cc
sed 's/NAME/vmfle_vv/' ../riscv/insn_template.cc | sed 's/OPCODE/ MATCH_VMFLE_VV/' > vmfle_vv.cc
sed 's/NAME/vmflt_vf/' ../riscv/insn_template.cc | sed 's/OPCODE/ MATCH_VMFLT_VF/' > vmflt_vf.cc
sed 's/NAME/vmflt_vv/' ../riscv/insn_template.cc | sed 's/OPCODE/ MATCH_VMFLT_VV/' > vmflt_vv.cc
sed 's/NAME/vmfne_vf/' ../riscv/insn_template.cc | sed 's/OPCODE/ MATCH_VMFNE_VF/' > vmfne_vf.cc
sed 's/NAME/vmfne_vv/' ../riscv/insn_template.cc | sed 's/OPCODE/ MATCH_VMFNE_VV/' > vmfne_vv.cc
sed 's/NAME/vaadd_vv/' ../riscv/insn_template.cc | sed 's/OPCODE/ MATCH_VAADD_VV/' > vaadd_vv.cc
sed 's/NAME/vaaddu_vv/' ../riscv/insn_template.cc | sed 's/OPCODE/ MATCH_VAADDU_VV/' > vaaddu_vv.cc
sed 's/NAME/vaadd_vx/' ../riscv/insn_template.cc | sed 's/OPCODE/ MATCH_VAADD_VX/' > vaadd_vx.cc
sed 's/NAME/vaaddu_vx/' ../riscv/insn_template.cc | sed 's/OPCODE/ MATCH_VAADDU_VX/' > vaaddu_vx.cc
sed 's/NAME/vadc_vim/' ../riscv/insn_template.cc | sed 's/OPCODE/ MATCH_VADC_VIM/' > vadc_vim.cc
sed 's/NAME/vadc_vvm/' ../riscv/insn_template.cc | sed 's/OPCODE/ MATCH_VADC_VVM/' > vadc_vvm.cc
sed 's/NAME/vadc_vxm/' ../riscv/insn_template.cc | sed 's/OPCODE/ MATCH_VADC_VXM/' > vadc_vxm.cc
sed 's/NAME/vadd_vi/' ../riscv/insn_template.cc | sed 's/OPCODE/ MATCH_VADD_VI/' > vadd_vi.cc
sed 's/NAME/vadd_vv/' ../riscv/insn_template.cc | sed 's/OPCODE/ MATCH_VADD_VV/' > vadd_vv.cc
sed 's/NAME/vadd_vx/' ../riscv/insn_template.cc | sed 's/OPCODE/ MATCH_VADD_VX/' > vadd_vx.cc
sed 's/NAME/vand_vi/' ../riscv/insn_template.cc | sed 's/OPCODE/ MATCH_VAND_VI/' > vand_vi.cc
sed 's/NAME/vand_vv/' ../riscv/insn_template.cc | sed 's/OPCODE/ MATCH_VAND_VV/' > vand_vv.cc
sed 's/NAME/vand_vx/' ../riscv/insn_template.cc | sed 's/OPCODE/ MATCH_VAND_VX/' > vand_vx.cc
sed 's/NAME/vasub_vv/' ../riscv/insn_template.cc | sed 's/OPCODE/ MATCH_VASUB_VV/' > vasub_vv.cc
sed 's/NAME/vasubu_vv/' ../riscv/insn_template.cc | sed 's/OPCODE/ MATCH_VASUBU_VV/' > vasubu_vv.cc
sed 's/NAME/vasub_vx/' ../riscv/insn_template.cc | sed 's/OPCODE/ MATCH_VASUB_VX/' > vasub_vx.cc
sed 's/NAME/vasubu_vx/' ../riscv/insn_template.cc | sed 's/OPCODE/ MATCH_VASUBU_VX/' > vasubu_vx.cc
sed 's/NAME/vcompress_vm/' ../riscv/insn_template.cc | sed 's/OPCODE/ MATCH_VCOMPRESS_VM/' > vcompress_vm.cc
sed 's/NAME/vcpop_m/' ../riscv/insn_template.cc | sed 's/OPCODE/ MATCH_VCPOP_M/' > vcpop_m.cc
sed 's/NAME/vdiv_vv/' ../riscv/insn_template.cc | sed 's/OPCODE/ MATCH_VDIV_VV/' > vdiv_vv.cc
sed 's/NAME/vdiv_vx/' ../riscv/insn_template.cc | sed 's/OPCODE/ MATCH_VDIV_VX/' > vdiv_vx.cc
sed 's/NAME/vdivu_vv/' ../riscv/insn_template.cc | sed 's/OPCODE/ MATCH_VDIVU_VV/' > vdivu_vv.cc
sed 's/NAME/vdivu_vx/' ../riscv/insn_template.cc | sed 's/OPCODE/ MATCH_VDIVU_VX/' > vdivu_vx.cc
sed 's/NAME/vid_v/' ../riscv/insn_template.cc | sed 's/OPCODE/ MATCH_VID_V/' > vid_v.cc
sed 's/NAME/viota_m/' ../riscv/insn_template.cc | sed 's/OPCODE/ MATCH_VIOTA_M/' > viota_m.cc
sed 's/NAME/vmacc_vv/' ../riscv/insn_template.cc | sed 's/OPCODE/ MATCH_VMACC_VV/' > vmacc_vv.cc
sed 's/NAME/vmacc_vx/' ../riscv/insn_template.cc | sed 's/OPCODE/ MATCH_VMACC_VX/' > vmacc_vx.cc
sed 's/NAME/vmadc_vv/' ../riscv/insn_template.cc | sed 's/OPCODE/ MATCH_VMADC_VV/' > vmadc_vv.cc
sed 's/NAME/vmadc_vx/' ../riscv/insn_template.cc | sed 's/OPCODE/ MATCH_VMADC_VX/' > vmadc_vx.cc
sed 's/NAME/vmadc_vi/' ../riscv/insn_template.cc | sed 's/OPCODE/ MATCH_VMADC_VI/' > vmadc_vi.cc
sed 's/NAME/vmadc_vim/' ../riscv/insn_template.cc | sed 's/OPCODE/ MATCH_VMADC_VIM/' > vmadc_vim.cc
sed 's/NAME/vmadc_vvm/' ../riscv/insn_template.cc | sed 's/OPCODE/ MATCH_VMADC_VVM/' > vmadc_vvm.cc
sed 's/NAME/vmadc_vxm/' ../riscv/insn_template.cc | sed 's/OPCODE/ MATCH_VMADC_VXM/' > vmadc_vxm.cc
sed 's/NAME/vmadd_vv/' ../riscv/insn_template.cc | sed 's/OPCODE/ MATCH_VMADD_VV/' > vmadd_vv.cc
sed 's/NAME/vmadd_vx/' ../riscv/insn_template.cc | sed 's/OPCODE/ MATCH_VMADD_VX/' > vmadd_vx.cc
sed 's/NAME/vmand_mm/' ../riscv/insn_template.cc | sed 's/OPCODE/ MATCH_VMAND_MM/' > vmand_mm.cc
sed 's/NAME/vmandn_mm/' ../riscv/insn_template.cc | sed 's/OPCODE/ MATCH_VMANDN_MM/' > vmandn_mm.cc
sed 's/NAME/vmax_vv/' ../riscv/insn_template.cc | sed 's/OPCODE/ MATCH_VMAX_VV/' > vmax_vv.cc
sed 's/NAME/vmax_vx/' ../riscv/insn_template.cc | sed 's/OPCODE/ MATCH_VMAX_VX/' > vmax_vx.cc
sed 's/NAME/vmaxu_vv/' ../riscv/insn_template.cc | sed 's/OPCODE/ MATCH_VMAXU_VV/' > vmaxu_vv.cc
sed 's/NAME/vmaxu_vx/' ../riscv/insn_template.cc | sed 's/OPCODE/ MATCH_VMAXU_VX/' > vmaxu_vx.cc
sed 's/NAME/vmerge_vim/' ../riscv/insn_template.cc | sed 's/OPCODE/ MATCH_VMERGE_VIM/' > vmerge_vim.cc
sed 's/NAME/vmerge_vvm/' ../riscv/insn_template.cc | sed 's/OPCODE/ MATCH_VMERGE_VVM/' > vmerge_vvm.cc
sed 's/NAME/vmerge_vxm/' ../riscv/insn_template.cc | sed 's/OPCODE/ MATCH_VMERGE_VXM/' > vmerge_vxm.cc
sed 's/NAME/vfirst_m/' ../riscv/insn_template.cc | sed 's/OPCODE/ MATCH_VFIRST_M/' > vfirst_m.cc
sed 's/NAME/vmin_vv/' ../riscv/insn_template.cc | sed 's/OPCODE/ MATCH_VMIN_VV/' > vmin_vv.cc
sed 's/NAME/vmin_vx/' ../riscv/insn_template.cc | sed 's/OPCODE/ MATCH_VMIN_VX/' > vmin_vx.cc
sed 's/NAME/vminu_vv/' ../riscv/insn_template.cc | sed 's/OPCODE/ MATCH_VMINU_VV/' > vminu_vv.cc
sed 's/NAME/vminu_vx/' ../riscv/insn_template.cc | sed 's/OPCODE/ MATCH_VMINU_VX/' > vminu_vx.cc
sed 's/NAME/vmnand_mm/' ../riscv/insn_template.cc | sed 's/OPCODE/ MATCH_VMNAND_MM/' > vmnand_mm.cc
sed 's/NAME/vmnor_mm/' ../riscv/insn_template.cc | sed 's/OPCODE/ MATCH_VMNOR_MM/' > vmnor_mm.cc
sed 's/NAME/vmor_mm/' ../riscv/insn_template.cc | sed 's/OPCODE/ MATCH_VMOR_MM/' > vmor_mm.cc
sed 's/NAME/vmorn_mm/' ../riscv/insn_template.cc | sed 's/OPCODE/ MATCH_VMORN_MM/' > vmorn_mm.cc
sed 's/NAME/vmsbc_vv/' ../riscv/insn_template.cc | sed 's/OPCODE/ MATCH_VMSBC_VV/' > vmsbc_vv.cc
sed 's/NAME/vmsbc_vx/' ../riscv/insn_template.cc | sed 's/OPCODE/ MATCH_VMSBC_VX/' > vmsbc_vx.cc
sed 's/NAME/vmsbc_vvm/' ../riscv/insn_template.cc | sed 's/OPCODE/ MATCH_VMSBC_VVM/' > vmsbc_vvm.cc
sed 's/NAME/vmsbc_vxm/' ../riscv/insn_template.cc | sed 's/OPCODE/ MATCH_VMSBC_VXM/' > vmsbc_vxm.cc
sed 's/NAME/vmsbf_m/' ../riscv/insn_template.cc | sed 's/OPCODE/ MATCH_VMSBF_M/' > vmsbf_m.cc
sed 's/NAME/vmseq_vi/' ../riscv/insn_template.cc | sed 's/OPCODE/ MATCH_VMSEQ_VI/' > vmseq_vi.cc
sed 's/NAME/vmseq_vv/' ../riscv/insn_template.cc | sed 's/OPCODE/ MATCH_VMSEQ_VV/' > vmseq_vv.cc
sed 's/NAME/vmseq_vx/' ../riscv/insn_template.cc | sed 's/OPCODE/ MATCH_VMSEQ_VX/' > vmseq_vx.cc
sed 's/NAME/vmsgt_vi/' ../riscv/insn_template.cc | sed 's/OPCODE/ MATCH_VMSGT_VI/' > vmsgt_vi.cc
sed 's/NAME/vmsgt_vx/' ../riscv/insn_template.cc | sed 's/OPCODE/ MATCH_VMSGT_VX/' > vmsgt_vx.cc
sed 's/NAME/vmsgtu_vi/' ../riscv/insn_template.cc | sed 's/OPCODE/ MATCH_VMSGTU_VI/' > vmsgtu_vi.cc
sed 's/NAME/vmsgtu_vx/' ../riscv/insn_template.cc | sed 's/OPCODE/ MATCH_VMSGTU_VX/' > vmsgtu_vx.cc
sed 's/NAME/vmsif_m/' ../riscv/insn_template.cc | sed 's/OPCODE/ MATCH_VMSIF_M/' > vmsif_m.cc
sed 's/NAME/vmsle_vi/' ../riscv/insn_template.cc | sed 's/OPCODE/ MATCH_VMSLE_VI/' > vmsle_vi.cc
sed 's/NAME/vmsle_vv/' ../riscv/insn_template.cc | sed 's/OPCODE/ MATCH_VMSLE_VV/' > vmsle_vv.cc
sed 's/NAME/vmsle_vx/' ../riscv/insn_template.cc | sed 's/OPCODE/ MATCH_VMSLE_VX/' > vmsle_vx.cc
sed 's/NAME/vmsleu_vi/' ../riscv/insn_template.cc | sed 's/OPCODE/ MATCH_VMSLEU_VI/' > vmsleu_vi.cc
sed 's/NAME/vmsleu_vv/' ../riscv/insn_template.cc | sed 's/OPCODE/ MATCH_VMSLEU_VV/' > vmsleu_vv.cc
sed 's/NAME/vmsleu_vx/' ../riscv/insn_template.cc | sed 's/OPCODE/ MATCH_VMSLEU_VX/' > vmsleu_vx.cc
sed 's/NAME/vmslt_vv/' ../riscv/insn_template.cc | sed 's/OPCODE/ MATCH_VMSLT_VV/' > vmslt_vv.cc
sed 's/NAME/vmslt_vx/' ../riscv/insn_template.cc | sed 's/OPCODE/ MATCH_VMSLT_VX/' > vmslt_vx.cc
sed 's/NAME/vmsltu_vv/' ../riscv/insn_template.cc | sed 's/OPCODE/ MATCH_VMSLTU_VV/' > vmsltu_vv.cc
sed 's/NAME/vmsltu_vx/' ../riscv/insn_template.cc | sed 's/OPCODE/ MATCH_VMSLTU_VX/' > vmsltu_vx.cc
sed 's/NAME/vmsne_vi/' ../riscv/insn_template.cc | sed 's/OPCODE/ MATCH_VMSNE_VI/' > vmsne_vi.cc
sed 's/NAME/vmsne_vv/' ../riscv/insn_template.cc | sed 's/OPCODE/ MATCH_VMSNE_VV/' > vmsne_vv.cc
sed 's/NAME/vmsne_vx/' ../riscv/insn_template.cc | sed 's/OPCODE/ MATCH_VMSNE_VX/' > vmsne_vx.cc
sed 's/NAME/vmsof_m/' ../riscv/insn_template.cc | sed 's/OPCODE/ MATCH_VMSOF_M/' > vmsof_m.cc
sed 's/NAME/vmul_vv/' ../riscv/insn_template.cc | sed 's/OPCODE/ MATCH_VMUL_VV/' > vmul_vv.cc
sed 's/NAME/vmul_vx/' ../riscv/insn_template.cc | sed 's/OPCODE/ MATCH_VMUL_VX/' > vmul_vx.cc
sed 's/NAME/vmulh_vv/' ../riscv/insn_template.cc | sed 's/OPCODE/ MATCH_VMULH_VV/' > vmulh_vv.cc
sed 's/NAME/vmulh_vx/' ../riscv/insn_template.cc | sed 's/OPCODE/ MATCH_VMULH_VX/' > vmulh_vx.cc
sed 's/NAME/vmulhsu_vv/' ../riscv/insn_template.cc | sed 's/OPCODE/ MATCH_VMULHSU_VV/' > vmulhsu_vv.cc
sed 's/NAME/vmulhsu_vx/' ../riscv/insn_template.cc | sed 's/OPCODE/ MATCH_VMULHSU_VX/' > vmulhsu_vx.cc
sed 's/NAME/vmulhu_vv/' ../riscv/insn_template.cc | sed 's/OPCODE/ MATCH_VMULHU_VV/' > vmulhu_vv.cc
sed 's/NAME/vmulhu_vx/' ../riscv/insn_template.cc | sed 's/OPCODE/ MATCH_VMULHU_VX/' > vmulhu_vx.cc
sed 's/NAME/vmv_s_x/' ../riscv/insn_template.cc | sed 's/OPCODE/ MATCH_VMV_S_X/' > vmv_s_x.cc
sed 's/NAME/vmv_v_i/' ../riscv/insn_template.cc | sed 's/OPCODE/ MATCH_VMV_V_I/' > vmv_v_i.cc
sed 's/NAME/vmv_v_v/' ../riscv/insn_template.cc | sed 's/OPCODE/ MATCH_VMV_V_V/' > vmv_v_v.cc
sed 's/NAME/vmv_v_x/' ../riscv/insn_template.cc | sed 's/OPCODE/ MATCH_VMV_V_X/' > vmv_v_x.cc
sed 's/NAME/vmv_x_s/' ../riscv/insn_template.cc | sed 's/OPCODE/ MATCH_VMV_X_S/' > vmv_x_s.cc
sed 's/NAME/vmv1r_v/' ../riscv/insn_template.cc | sed 's/OPCODE/ MATCH_VMV1R_V/' > vmv1r_v.cc
sed 's/NAME/vmv2r_v/' ../riscv/insn_template.cc | sed 's/OPCODE/ MATCH_VMV2R_V/' > vmv2r_v.cc
sed 's/NAME/vmv4r_v/' ../riscv/insn_template.cc | sed 's/OPCODE/ MATCH_VMV4R_V/' > vmv4r_v.cc
sed 's/NAME/vmv8r_v/' ../riscv/insn_template.cc | sed 's/OPCODE/ MATCH_VMV8R_V/' > vmv8r_v.cc
sed 's/NAME/vmxnor_mm/' ../riscv/insn_template.cc | sed 's/OPCODE/ MATCH_VMXNOR_MM/' > vmxnor_mm.cc
sed 's/NAME/vmxor_mm/' ../riscv/insn_template.cc | sed 's/OPCODE/ MATCH_VMXOR_MM/' > vmxor_mm.cc
sed 's/NAME/vnclip_wi/' ../riscv/insn_template.cc | sed 's/OPCODE/ MATCH_VNCLIP_WI/' > vnclip_wi.cc
sed 's/NAME/vnclip_wv/' ../riscv/insn_template.cc | sed 's/OPCODE/ MATCH_VNCLIP_WV/' > vnclip_wv.cc
sed 's/NAME/vnclip_wx/' ../riscv/insn_template.cc | sed 's/OPCODE/ MATCH_VNCLIP_WX/' > vnclip_wx.cc
sed 's/NAME/vnclipu_wi/' ../riscv/insn_template.cc | sed 's/OPCODE/ MATCH_VNCLIPU_WI/' > vnclipu_wi.cc
sed 's/NAME/vnclipu_wv/' ../riscv/insn_template.cc | sed 's/OPCODE/ MATCH_VNCLIPU_WV/' > vnclipu_wv.cc
sed 's/NAME/vnclipu_wx/' ../riscv/insn_template.cc | sed 's/OPCODE/ MATCH_VNCLIPU_WX/' > vnclipu_wx.cc
sed 's/NAME/vnmsac_vv/' ../riscv/insn_template.cc | sed 's/OPCODE/ MATCH_VNMSAC_VV/' > vnmsac_vv.cc
sed 's/NAME/vnmsac_vx/' ../riscv/insn_template.cc | sed 's/OPCODE/ MATCH_VNMSAC_VX/' > vnmsac_vx.cc
sed 's/NAME/vnmsub_vv/' ../riscv/insn_template.cc | sed 's/OPCODE/ MATCH_VNMSUB_VV/' > vnmsub_vv.cc
sed 's/NAME/vnmsub_vx/' ../riscv/insn_template.cc | sed 's/OPCODE/ MATCH_VNMSUB_VX/' > vnmsub_vx.cc
sed 's/NAME/vnsra_wi/' ../riscv/insn_template.cc | sed 's/OPCODE/ MATCH_VNSRA_WI/' > vnsra_wi.cc
sed 's/NAME/vnsra_wv/' ../riscv/insn_template.cc | sed 's/OPCODE/ MATCH_VNSRA_WV/' > vnsra_wv.cc
sed 's/NAME/vnsra_wx/' ../riscv/insn_template.cc | sed 's/OPCODE/ MATCH_VNSRA_WX/' > vnsra_wx.cc
sed 's/NAME/vnsrl_wi/' ../riscv/insn_template.cc | sed 's/OPCODE/ MATCH_VNSRL_WI/' > vnsrl_wi.cc
sed 's/NAME/vnsrl_wv/' ../riscv/insn_template.cc | sed 's/OPCODE/ MATCH_VNSRL_WV/' > vnsrl_wv.cc
sed 's/NAME/vnsrl_wx/' ../riscv/insn_template.cc | sed 's/OPCODE/ MATCH_VNSRL_WX/' > vnsrl_wx.cc
sed 's/NAME/vor_vi/' ../riscv/insn_template.cc | sed 's/OPCODE/ MATCH_VOR_VI/' > vor_vi.cc
sed 's/NAME/vor_vv/' ../riscv/insn_template.cc | sed 's/OPCODE/ MATCH_VOR_VV/' > vor_vv.cc
sed 's/NAME/vor_vx/' ../riscv/insn_template.cc | sed 's/OPCODE/ MATCH_VOR_VX/' > vor_vx.cc
sed 's/NAME/vredand_vs/' ../riscv/insn_template.cc | sed 's/OPCODE/ MATCH_VREDAND_VS/' > vredand_vs.cc
sed 's/NAME/vredmax_vs/' ../riscv/insn_template.cc | sed 's/OPCODE/ MATCH_VREDMAX_VS/' > vredmax_vs.cc
sed 's/NAME/vredmaxu_vs/' ../riscv/insn_template.cc | sed 's/OPCODE/ MATCH_VREDMAXU_VS/' > vredmaxu_vs.cc
sed 's/NAME/vredmin_vs/' ../riscv/insn_template.cc | sed 's/OPCODE/ MATCH_VREDMIN_VS/' > vredmin_vs.cc
sed 's/NAME/vredminu_vs/' ../riscv/insn_template.cc | sed 's/OPCODE/ MATCH_VREDMINU_VS/' > vredminu_vs.cc
sed 's/NAME/vredor_vs/' ../riscv/insn_template.cc | sed 's/OPCODE/ MATCH_VREDOR_VS/' > vredor_vs.cc
sed 's/NAME/vredsum_vs/' ../riscv/insn_template.cc | sed 's/OPCODE/ MATCH_VREDSUM_VS/' > vredsum_vs.cc
sed 's/NAME/vredxor_vs/' ../riscv/insn_template.cc | sed 's/OPCODE/ MATCH_VREDXOR_VS/' > vredxor_vs.cc
sed 's/NAME/vrem_vv/' ../riscv/insn_template.cc | sed 's/OPCODE/ MATCH_VREM_VV/' > vrem_vv.cc
sed 's/NAME/vrem_vx/' ../riscv/insn_template.cc | sed 's/OPCODE/ MATCH_VREM_VX/' > vrem_vx.cc
sed 's/NAME/vremu_vv/' ../riscv/insn_template.cc | sed 's/OPCODE/ MATCH_VREMU_VV/' > vremu_vv.cc
sed 's/NAME/vremu_vx/' ../riscv/insn_template.cc | sed 's/OPCODE/ MATCH_VREMU_VX/' > vremu_vx.cc
sed 's/NAME/vrgather_vi/' ../riscv/insn_template.cc | sed 's/OPCODE/ MATCH_VRGATHER_VI/' > vrgather_vi.cc
sed 's/NAME/vrgather_vv/' ../riscv/insn_template.cc | sed 's/OPCODE/ MATCH_VRGATHER_VV/' > vrgather_vv.cc
sed 's/NAME/vrgather_vx/' ../riscv/insn_template.cc | sed 's/OPCODE/ MATCH_VRGATHER_VX/' > vrgather_vx.cc
sed 's/NAME/vrgatherei16_vv/' ../riscv/insn_template.cc | sed 's/OPCODE/ MATCH_VRGATHEREI16_VV/' > vrgatherei16_vv.cc
sed 's/NAME/vrsub_vi/' ../riscv/insn_template.cc | sed 's/OPCODE/ MATCH_VRSUB_VI/' > vrsub_vi.cc
sed 's/NAME/vrsub_vx/' ../riscv/insn_template.cc | sed 's/OPCODE/ MATCH_VRSUB_VX/' > vrsub_vx.cc
sed 's/NAME/vsadd_vi/' ../riscv/insn_template.cc | sed 's/OPCODE/ MATCH_VSADD_VI/' > vsadd_vi.cc
sed 's/NAME/vsadd_vv/' ../riscv/insn_template.cc | sed 's/OPCODE/ MATCH_VSADD_VV/' > vsadd_vv.cc
sed 's/NAME/vsadd_vx/' ../riscv/insn_template.cc | sed 's/OPCODE/ MATCH_VSADD_VX/' > vsadd_vx.cc
sed 's/NAME/vsaddu_vi/' ../riscv/insn_template.cc | sed 's/OPCODE/ MATCH_VSADDU_VI/' > vsaddu_vi.cc
sed 's/NAME/vsaddu_vv/' ../riscv/insn_template.cc | sed 's/OPCODE/ MATCH_VSADDU_VV/' > vsaddu_vv.cc
sed 's/NAME/vsaddu_vx/' ../riscv/insn_template.cc | sed 's/OPCODE/ MATCH_VSADDU_VX/' > vsaddu_vx.cc
sed 's/NAME/vsbc_vvm/' ../riscv/insn_template.cc | sed 's/OPCODE/ MATCH_VSBC_VVM/' > vsbc_vvm.cc
sed 's/NAME/vsbc_vxm/' ../riscv/insn_template.cc | sed 's/OPCODE/ MATCH_VSBC_VXM/' > vsbc_vxm.cc
sed 's/NAME/vsext_vf2/' ../riscv/insn_template.cc | sed 's/OPCODE/ MATCH_VSEXT_VF2/' > vsext_vf2.cc
sed 's/NAME/vsext_vf4/' ../riscv/insn_template.cc | sed 's/OPCODE/ MATCH_VSEXT_VF4/' > vsext_vf4.cc
sed 's/NAME/vsext_vf8/' ../riscv/insn_template.cc | sed 's/OPCODE/ MATCH_VSEXT_VF8/' > vsext_vf8.cc
sed 's/NAME/vslide1down_vx/' ../riscv/insn_template.cc | sed 's/OPCODE/ MATCH_VSLIDE1DOWN_VX/' > vslide1down_vx.cc
sed 's/NAME/vslide1up_vx/' ../riscv/insn_template.cc | sed 's/OPCODE/ MATCH_VSLIDE1UP_VX/' > vslide1up_vx.cc
sed 's/NAME/vslidedown_vi/' ../riscv/insn_template.cc | sed 's/OPCODE/ MATCH_VSLIDEDOWN_VI/' > vslidedown_vi.cc
sed 's/NAME/vslidedown_vx/' ../riscv/insn_template.cc | sed 's/OPCODE/ MATCH_VSLIDEDOWN_VX/' > vslidedown_vx.cc
sed 's/NAME/vslideup_vi/' ../riscv/insn_template.cc | sed 's/OPCODE/ MATCH_VSLIDEUP_VI/' > vslideup_vi.cc
sed 's/NAME/vslideup_vx/' ../riscv/insn_template.cc | sed 's/OPCODE/ MATCH_VSLIDEUP_VX/' > vslideup_vx.cc
sed 's/NAME/vsll_vi/' ../riscv/insn_template.cc | sed 's/OPCODE/ MATCH_VSLL_VI/' > vsll_vi.cc
sed 's/NAME/vsll_vv/' ../riscv/insn_template.cc | sed 's/OPCODE/ MATCH_VSLL_VV/' > vsll_vv.cc
sed 's/NAME/vsll_vx/' ../riscv/insn_template.cc | sed 's/OPCODE/ MATCH_VSLL_VX/' > vsll_vx.cc
sed 's/NAME/vsmul_vv/' ../riscv/insn_template.cc | sed 's/OPCODE/ MATCH_VSMUL_VV/' > vsmul_vv.cc
sed 's/NAME/vsmul_vx/' ../riscv/insn_template.cc | sed 's/OPCODE/ MATCH_VSMUL_VX/' > vsmul_vx.cc
sed 's/NAME/vsra_vi/' ../riscv/insn_template.cc | sed 's/OPCODE/ MATCH_VSRA_VI/' > vsra_vi.cc
sed 's/NAME/vsra_vv/' ../riscv/insn_template.cc | sed 's/OPCODE/ MATCH_VSRA_VV/' > vsra_vv.cc
sed 's/NAME/vsra_vx/' ../riscv/insn_template.cc | sed 's/OPCODE/ MATCH_VSRA_VX/' > vsra_vx.cc
sed 's/NAME/vsrl_vi/' ../riscv/insn_template.cc | sed 's/OPCODE/ MATCH_VSRL_VI/' > vsrl_vi.cc
sed 's/NAME/vsrl_vv/' ../riscv/insn_template.cc | sed 's/OPCODE/ MATCH_VSRL_VV/' > vsrl_vv.cc
sed 's/NAME/vsrl_vx/' ../riscv/insn_template.cc | sed 's/OPCODE/ MATCH_VSRL_VX/' > vsrl_vx.cc
sed 's/NAME/vssra_vi/' ../riscv/insn_template.cc | sed 's/OPCODE/ MATCH_VSSRA_VI/' > vssra_vi.cc
sed 's/NAME/vssra_vv/' ../riscv/insn_template.cc | sed 's/OPCODE/ MATCH_VSSRA_VV/' > vssra_vv.cc
sed 's/NAME/vssra_vx/' ../riscv/insn_template.cc | sed 's/OPCODE/ MATCH_VSSRA_VX/' > vssra_vx.cc
sed 's/NAME/vssrl_vi/' ../riscv/insn_template.cc | sed 's/OPCODE/ MATCH_VSSRL_VI/' > vssrl_vi.cc
sed 's/NAME/vssrl_vv/' ../riscv/insn_template.cc | sed 's/OPCODE/ MATCH_VSSRL_VV/' > vssrl_vv.cc
sed 's/NAME/vssrl_vx/' ../riscv/insn_template.cc | sed 's/OPCODE/ MATCH_VSSRL_VX/' > vssrl_vx.cc
sed 's/NAME/vssub_vv/' ../riscv/insn_template.cc | sed 's/OPCODE/ MATCH_VSSUB_VV/' > vssub_vv.cc
sed 's/NAME/vssub_vx/' ../riscv/insn_template.cc | sed 's/OPCODE/ MATCH_VSSUB_VX/' > vssub_vx.cc
sed 's/NAME/vssubu_vv/' ../riscv/insn_template.cc | sed 's/OPCODE/ MATCH_VSSUBU_VV/' > vssubu_vv.cc
sed 's/NAME/vssubu_vx/' ../riscv/insn_template.cc | sed 's/OPCODE/ MATCH_VSSUBU_VX/' > vssubu_vx.cc
sed 's/NAME/vsub_vv/' ../riscv/insn_template.cc | sed 's/OPCODE/ MATCH_VSUB_VV/' > vsub_vv.cc
sed 's/NAME/vsub_vx/' ../riscv/insn_template.cc | sed 's/OPCODE/ MATCH_VSUB_VX/' > vsub_vx.cc
sed 's/NAME/vwadd_vv/' ../riscv/insn_template.cc | sed 's/OPCODE/ MATCH_VWADD_VV/' > vwadd_vv.cc
sed 's/NAME/vwadd_vx/' ../riscv/insn_template.cc | sed 's/OPCODE/ MATCH_VWADD_VX/' > vwadd_vx.cc
sed 's/NAME/vwadd_wv/' ../riscv/insn_template.cc | sed 's/OPCODE/ MATCH_VWADD_WV/' > vwadd_wv.cc
sed 's/NAME/vwadd_wx/' ../riscv/insn_template.cc | sed 's/OPCODE/ MATCH_VWADD_WX/' > vwadd_wx.cc
sed 's/NAME/vwaddu_vv/' ../riscv/insn_template.cc | sed 's/OPCODE/ MATCH_VWADDU_VV/' > vwaddu_vv.cc
sed 's/NAME/vwaddu_vx/' ../riscv/insn_template.cc | sed 's/OPCODE/ MATCH_VWADDU_VX/' > vwaddu_vx.cc
sed 's/NAME/vwaddu_wv/' ../riscv/insn_template.cc | sed 's/OPCODE/ MATCH_VWADDU_WV/' > vwaddu_wv.cc
sed 's/NAME/vwaddu_wx/' ../riscv/insn_template.cc | sed 's/OPCODE/ MATCH_VWADDU_WX/' > vwaddu_wx.cc
sed 's/NAME/vwmacc_vv/' ../riscv/insn_template.cc | sed 's/OPCODE/ MATCH_VWMACC_VV/' > vwmacc_vv.cc
sed 's/NAME/vwmacc_vx/' ../riscv/insn_template.cc | sed 's/OPCODE/ MATCH_VWMACC_VX/' > vwmacc_vx.cc
sed 's/NAME/vwmaccsu_vv/' ../riscv/insn_template.cc | sed 's/OPCODE/ MATCH_VWMACCSU_VV/' > vwmaccsu_vv.cc
sed 's/NAME/vwmaccsu_vx/' ../riscv/insn_template.cc | sed 's/OPCODE/ MATCH_VWMACCSU_VX/' > vwmaccsu_vx.cc
sed 's/NAME/vwmaccu_vv/' ../riscv/insn_template.cc | sed 's/OPCODE/ MATCH_VWMACCU_VV/' > vwmaccu_vv.cc
sed 's/NAME/vwmaccu_vx/' ../riscv/insn_template.cc | sed 's/OPCODE/ MATCH_VWMACCU_VX/' > vwmaccu_vx.cc
sed 's/NAME/vwmaccus_vx/' ../riscv/insn_template.cc | sed 's/OPCODE/ MATCH_VWMACCUS_VX/' > vwmaccus_vx.cc
sed 's/NAME/vwmul_vv/' ../riscv/insn_template.cc | sed 's/OPCODE/ MATCH_VWMUL_VV/' > vwmul_vv.cc
sed 's/NAME/vwmul_vx/' ../riscv/insn_template.cc | sed 's/OPCODE/ MATCH_VWMUL_VX/' > vwmul_vx.cc
sed 's/NAME/vwmulsu_vv/' ../riscv/insn_template.cc | sed 's/OPCODE/ MATCH_VWMULSU_VV/' > vwmulsu_vv.cc
sed 's/NAME/vwmulsu_vx/' ../riscv/insn_template.cc | sed 's/OPCODE/ MATCH_VWMULSU_VX/' > vwmulsu_vx.cc
sed 's/NAME/vwmulu_vv/' ../riscv/insn_template.cc | sed 's/OPCODE/ MATCH_VWMULU_VV/' > vwmulu_vv.cc
sed 's/NAME/vwmulu_vx/' ../riscv/insn_template.cc | sed 's/OPCODE/ MATCH_VWMULU_VX/' > vwmulu_vx.cc
sed 's/NAME/vwredsum_vs/' ../riscv/insn_template.cc | sed 's/OPCODE/ MATCH_VWREDSUM_VS/' > vwredsum_vs.cc
sed 's/NAME/vwredsumu_vs/' ../riscv/insn_template.cc | sed 's/OPCODE/ MATCH_VWREDSUMU_VS/' > vwredsumu_vs.cc
sed 's/NAME/vwsub_vv/' ../riscv/insn_template.cc | sed 's/OPCODE/ MATCH_VWSUB_VV/' > vwsub_vv.cc
sed 's/NAME/vwsub_vx/' ../riscv/insn_template.cc | sed 's/OPCODE/ MATCH_VWSUB_VX/' > vwsub_vx.cc
sed 's/NAME/vwsub_wv/' ../riscv/insn_template.cc | sed 's/OPCODE/ MATCH_VWSUB_WV/' > vwsub_wv.cc
sed 's/NAME/vwsub_wx/' ../riscv/insn_template.cc | sed 's/OPCODE/ MATCH_VWSUB_WX/' > vwsub_wx.cc
sed 's/NAME/vwsubu_vv/' ../riscv/insn_template.cc | sed 's/OPCODE/ MATCH_VWSUBU_VV/' > vwsubu_vv.cc
sed 's/NAME/vwsubu_vx/' ../riscv/insn_template.cc | sed 's/OPCODE/ MATCH_VWSUBU_VX/' > vwsubu_vx.cc
sed 's/NAME/vwsubu_wv/' ../riscv/insn_template.cc | sed 's/OPCODE/ MATCH_VWSUBU_WV/' > vwsubu_wv.cc
sed 's/NAME/vwsubu_wx/' ../riscv/insn_template.cc | sed 's/OPCODE/ MATCH_VWSUBU_WX/' > vwsubu_wx.cc
sed 's/NAME/vxor_vi/' ../riscv/insn_template.cc | sed 's/OPCODE/ MATCH_VXOR_VI/' > vxor_vi.cc
sed 's/NAME/vxor_vv/' ../riscv/insn_template.cc | sed 's/OPCODE/ MATCH_VXOR_VV/' > vxor_vv.cc
sed 's/NAME/vxor_vx/' ../riscv/insn_template.cc | sed 's/OPCODE/ MATCH_VXOR_VX/' > vxor_vx.cc
sed 's/NAME/vzext_vf2/' ../riscv/insn_template.cc | sed 's/OPCODE/ MATCH_VZEXT_VF2/' > vzext_vf2.cc
sed 's/NAME/vzext_vf4/' ../riscv/insn_template.cc | sed 's/OPCODE/ MATCH_VZEXT_VF4/' > vzext_vf4.cc
sed 's/NAME/vzext_vf8/' ../riscv/insn_template.cc | sed 's/OPCODE/ MATCH_VZEXT_VF8/' > vzext_vf8.cc
sed 's/NAME/vsetivli/' ../riscv/insn_template.cc | sed 's/OPCODE/ MATCH_VSETIVLI/' > vsetivli.cc
sed 's/NAME/vsetvli/' ../riscv/insn_template.cc | sed 's/OPCODE/ MATCH_VSETVLI/' > vsetvli.cc
sed 's/NAME/vsetvl/' ../riscv/insn_template.cc | sed 's/OPCODE/ MATCH_VSETVL/' > vsetvl.cc
sed 's/NAME/vlm_v/' ../riscv/insn_template.cc | sed 's/OPCODE/ MATCH_VLM_V/' > vlm_v.cc
sed 's/NAME/vle8_v/' ../riscv/insn_template.cc | sed 's/OPCODE/ MATCH_VLE8_V/' > vle8_v.cc
sed 's/NAME/vle16_v/' ../riscv/insn_template.cc | sed 's/OPCODE/ MATCH_VLE16_V/' > vle16_v.cc
sed 's/NAME/vle32_v/' ../riscv/insn_template.cc | sed 's/OPCODE/ MATCH_VLE32_V/' > vle32_v.cc
sed 's/NAME/vle64_v/' ../riscv/insn_template.cc | sed 's/OPCODE/ MATCH_VLE64_V/' > vle64_v.cc
sed 's/NAME/vloxei8_v/' ../riscv/insn_template.cc | sed 's/OPCODE/ MATCH_VLOXEI8_V/' > vloxei8_v.cc
sed 's/NAME/vloxei16_v/' ../riscv/insn_template.cc | sed 's/OPCODE/ MATCH_VLOXEI16_V/' > vloxei16_v.cc
sed 's/NAME/vloxei32_v/' ../riscv/insn_template.cc | sed 's/OPCODE/ MATCH_VLOXEI32_V/' > vloxei32_v.cc
sed 's/NAME/vloxei64_v/' ../riscv/insn_template.cc | sed 's/OPCODE/ MATCH_VLOXEI64_V/' > vloxei64_v.cc
sed 's/NAME/vlse8_v/' ../riscv/insn_template.cc | sed 's/OPCODE/ MATCH_VLSE8_V/' > vlse8_v.cc
sed 's/NAME/vlse16_v/' ../riscv/insn_template.cc | sed 's/OPCODE/ MATCH_VLSE16_V/' > vlse16_v.cc
sed 's/NAME/vlse32_v/' ../riscv/insn_template.cc | sed 's/OPCODE/ MATCH_VLSE32_V/' > vlse32_v.cc
sed 's/NAME/vlse64_v/' ../riscv/insn_template.cc | sed 's/OPCODE/ MATCH_VLSE64_V/' > vlse64_v.cc
sed 's/NAME/vluxei8_v/' ../riscv/insn_template.cc | sed 's/OPCODE/ MATCH_VLUXEI8_V/' > vluxei8_v.cc
sed 's/NAME/vluxei16_v/' ../riscv/insn_template.cc | sed 's/OPCODE/ MATCH_VLUXEI16_V/' > vluxei16_v.cc
sed 's/NAME/vluxei32_v/' ../riscv/insn_template.cc | sed 's/OPCODE/ MATCH_VLUXEI32_V/' > vluxei32_v.cc
sed 's/NAME/vluxei64_v/' ../riscv/insn_template.cc | sed 's/OPCODE/ MATCH_VLUXEI64_V/' > vluxei64_v.cc
sed 's/NAME/vle8ff_v/' ../riscv/insn_template.cc | sed 's/OPCODE/ MATCH_VLE8FF_V/' > vle8ff_v.cc
sed 's/NAME/vle16ff_v/' ../riscv/insn_template.cc | sed 's/OPCODE/ MATCH_VLE16FF_V/' > vle16ff_v.cc
sed 's/NAME/vle32ff_v/' ../riscv/insn_template.cc | sed 's/OPCODE/ MATCH_VLE32FF_V/' > vle32ff_v.cc
sed 's/NAME/vle64ff_v/' ../riscv/insn_template.cc | sed 's/OPCODE/ MATCH_VLE64FF_V/' > vle64ff_v.cc
sed 's/NAME/vl1re8_v/' ../riscv/insn_template.cc | sed 's/OPCODE/ MATCH_VL1RE8_V/' > vl1re8_v.cc
sed 's/NAME/vl2re8_v/' ../riscv/insn_template.cc | sed 's/OPCODE/ MATCH_VL2RE8_V/' > vl2re8_v.cc
sed 's/NAME/vl4re8_v/' ../riscv/insn_template.cc | sed 's/OPCODE/ MATCH_VL4RE8_V/' > vl4re8_v.cc
sed 's/NAME/vl8re8_v/' ../riscv/insn_template.cc | sed 's/OPCODE/ MATCH_VL8RE8_V/' > vl8re8_v.cc
sed 's/NAME/vl1re16_v/' ../riscv/insn_template.cc | sed 's/OPCODE/ MATCH_VL1RE16_V/' > vl1re16_v.cc
sed 's/NAME/vl2re16_v/' ../riscv/insn_template.cc | sed 's/OPCODE/ MATCH_VL2RE16_V/' > vl2re16_v.cc
sed 's/NAME/vl4re16_v/' ../riscv/insn_template.cc | sed 's/OPCODE/ MATCH_VL4RE16_V/' > vl4re16_v.cc
sed 's/NAME/vl8re16_v/' ../riscv/insn_template.cc | sed 's/OPCODE/ MATCH_VL8RE16_V/' > vl8re16_v.cc
sed 's/NAME/vl1re32_v/' ../riscv/insn_template.cc | sed 's/OPCODE/ MATCH_VL1RE32_V/' > vl1re32_v.cc
sed 's/NAME/vl2re32_v/' ../riscv/insn_template.cc | sed 's/OPCODE/ MATCH_VL2RE32_V/' > vl2re32_v.cc
sed 's/NAME/vl4re32_v/' ../riscv/insn_template.cc | sed 's/OPCODE/ MATCH_VL4RE32_V/' > vl4re32_v.cc
sed 's/NAME/vl8re32_v/' ../riscv/insn_template.cc | sed 's/OPCODE/ MATCH_VL8RE32_V/' > vl8re32_v.cc
sed 's/NAME/vl1re64_v/' ../riscv/insn_template.cc | sed 's/OPCODE/ MATCH_VL1RE64_V/' > vl1re64_v.cc
sed 's/NAME/vl2re64_v/' ../riscv/insn_template.cc | sed 's/OPCODE/ MATCH_VL2RE64_V/' > vl2re64_v.cc
sed 's/NAME/vl4re64_v/' ../riscv/insn_template.cc | sed 's/OPCODE/ MATCH_VL4RE64_V/' > vl4re64_v.cc
sed 's/NAME/vl8re64_v/' ../riscv/insn_template.cc | sed 's/OPCODE/ MATCH_VL8RE64_V/' > vl8re64_v.cc
sed 's/NAME/vsm_v/' ../riscv/insn_template.cc | sed 's/OPCODE/ MATCH_VSM_V/' > vsm_v.cc
sed 's/NAME/vse8_v/' ../riscv/insn_template.cc | sed 's/OPCODE/ MATCH_VSE8_V/' > vse8_v.cc
sed 's/NAME/vse16_v/' ../riscv/insn_template.cc | sed 's/OPCODE/ MATCH_VSE16_V/' > vse16_v.cc
sed 's/NAME/vse32_v/' ../riscv/insn_template.cc | sed 's/OPCODE/ MATCH_VSE32_V/' > vse32_v.cc
sed 's/NAME/vse64_v/' ../riscv/insn_template.cc | sed 's/OPCODE/ MATCH_VSE64_V/' > vse64_v.cc
sed 's/NAME/vsse8_v/' ../riscv/insn_template.cc | sed 's/OPCODE/ MATCH_VSSE8_V/' > vsse8_v.cc
sed 's/NAME/vsoxei8_v/' ../riscv/insn_template.cc | sed 's/OPCODE/ MATCH_VSOXEI8_V/' > vsoxei8_v.cc
sed 's/NAME/vsoxei16_v/' ../riscv/insn_template.cc | sed 's/OPCODE/ MATCH_VSOXEI16_V/' > vsoxei16_v.cc
sed 's/NAME/vsoxei32_v/' ../riscv/insn_template.cc | sed 's/OPCODE/ MATCH_VSOXEI32_V/' > vsoxei32_v.cc
sed 's/NAME/vsoxei64_v/' ../riscv/insn_template.cc | sed 's/OPCODE/ MATCH_VSOXEI64_V/' > vsoxei64_v.cc
sed 's/NAME/vsse16_v/' ../riscv/insn_template.cc | sed 's/OPCODE/ MATCH_VSSE16_V/' > vsse16_v.cc
sed 's/NAME/vsse32_v/' ../riscv/insn_template.cc | sed 's/OPCODE/ MATCH_VSSE32_V/' > vsse32_v.cc
sed 's/NAME/vsse64_v/' ../riscv/insn_template.cc | sed 's/OPCODE/ MATCH_VSSE64_V/' > vsse64_v.cc
sed 's/NAME/vsuxei8_v/' ../riscv/insn_template.cc | sed 's/OPCODE/ MATCH_VSUXEI8_V/' > vsuxei8_v.cc
sed 's/NAME/vsuxei16_v/' ../riscv/insn_template.cc | sed 's/OPCODE/ MATCH_VSUXEI16_V/' > vsuxei16_v.cc
sed 's/NAME/vsuxei32_v/' ../riscv/insn_template.cc | sed 's/OPCODE/ MATCH_VSUXEI32_V/' > vsuxei32_v.cc
sed 's/NAME/vsuxei64_v/' ../riscv/insn_template.cc | sed 's/OPCODE/ MATCH_VSUXEI64_V/' > vsuxei64_v.cc
sed 's/NAME/vs1r_v/' ../riscv/insn_template.cc | sed 's/OPCODE/ MATCH_VS1R_V/' > vs1r_v.cc
sed 's/NAME/vs2r_v/' ../riscv/insn_template.cc | sed 's/OPCODE/ MATCH_VS2R_V/' > vs2r_v.cc
sed 's/NAME/vs4r_v/' ../riscv/insn_template.cc | sed 's/OPCODE/ MATCH_VS4R_V/' > vs4r_v.cc
sed 's/NAME/vs8r_v/' ../riscv/insn_template.cc | sed 's/OPCODE/ MATCH_VS8R_V/' > vs8r_v.cc
sed 's/NAME/vdot4a_vv/' ../riscv/insn_template.cc | sed 's/OPCODE/ MATCH_VDOT4A_VV/' > vdot4a_vv.cc
sed 's/NAME/vdot4a_vx/' ../riscv/insn_template.cc | sed 's/OPCODE/ MATCH_VDOT4A_VX/' > vdot4a_vx.cc
sed 's/NAME/vdot4au_vv/' ../riscv/insn_template.cc | sed 's/OPCODE/ MATCH_VDOT4AU_VV/' > vdot4au_vv.cc
sed 's/NAME/vdot4au_vx/' ../riscv/insn_template.cc | sed 's/OPCODE/ MATCH_VDOT4AU_VX/' > vdot4au_vx.cc
sed 's/NAME/vdot4asu_vv/' ../riscv/insn_template.cc | sed 's/OPCODE/ MATCH_VDOT4ASU_VV/' > vdot4asu_vv.cc
sed 's/NAME/vdot4asu_vx/' ../riscv/insn_template.cc | sed 's/OPCODE/ MATCH_VDOT4ASU_VX/' > vdot4asu_vx.cc
sed 's/NAME/vdot4aus_vx/' ../riscv/insn_template.cc | sed 's/OPCODE/ MATCH_VDOT4AUS_VX/' > vdot4aus_vx.cc
sed 's/NAME/vfext_vf2/' ../riscv/insn_template.cc | sed 's/OPCODE/ MATCH_VFEXT_VF2/' > vfext_vf2.cc
sed 's/NAME/vfncvt_f_f_q/' ../riscv/insn_template.cc | sed 's/OPCODE/ MATCH_VFNCVT_F_F_Q/' > vfncvt_f_f_q.cc
sed 's/NAME/vfncvt_sat_f_f_q/' ../riscv/insn_template.cc | sed 's/OPCODE/ MATCH_VFNCVT_SAT_F_F_Q/' > vfncvt_sat_f_f_q.cc
sed 's/NAME/vfncvtbf16_sat_f_f_w/' ../riscv/insn_template.cc | sed 's/OPCODE/ MATCH_VFNCVTBF16_SAT_F_F_W/' > vfncvtbf16_sat_f_f_w.cc
sed 's/NAME/fcvt_bf16_s/' ../riscv/insn_template.cc | sed 's/OPCODE/ MATCH_FCVT_BF16_S/' > fcvt_bf16_s.cc
sed 's/NAME/fcvt_s_bf16/' ../riscv/insn_template.cc | sed 's/OPCODE/ MATCH_FCVT_S_BF16/' > fcvt_s_bf16.cc
sed 's/NAME/vfncvtbf16_f_f_w/' ../riscv/insn_template.cc | sed 's/OPCODE/ MATCH_VFNCVTBF16_F_F_W/' > vfncvtbf16_f_f_w.cc
sed 's/NAME/vfwcvtbf16_f_f_v/' ../riscv/insn_template.cc | sed 's/OPCODE/ MATCH_VFWCVTBF16_F_F_V/' > vfwcvtbf16_f_f_v.cc
sed 's/NAME/vfwmaccbf16_vv/' ../riscv/insn_template.cc | sed 's/OPCODE/ MATCH_VFWMACCBF16_VV/' > vfwmaccbf16_vv.cc
sed 's/NAME/vfwmaccbf16_vf/' ../riscv/insn_template.cc | sed 's/OPCODE/ MATCH_VFWMACCBF16_VF/' > vfwmaccbf16_vf.cc
sed 's/NAME/cbo_clean/' ../riscv/insn_template.cc | sed 's/OPCODE/ MATCH_CBO_CLEAN/' > cbo_clean.cc
sed 's/NAME/cbo_flush/' ../riscv/insn_template.cc | sed 's/OPCODE/ MATCH_CBO_FLUSH/' > cbo_flush.cc
sed 's/NAME/cbo_inval/' ../riscv/insn_template.cc | sed 's/OPCODE/ MATCH_CBO_INVAL/' > cbo_inval.cc
sed 's/NAME/cbo_zero/' ../riscv/insn_template.cc | sed 's/OPCODE/ MATCH_CBO_ZERO/' > cbo_zero.cc
sed 's/NAME/fli_d/' ../riscv/insn_template.cc | sed 's/OPCODE/ MATCH_FLI_D/' > fli_d.cc
sed 's/NAME/fmaxm_d/' ../riscv/insn_template.cc | sed 's/OPCODE/ MATCH_FMAXM_D/' > fmaxm_d.cc
sed 's/NAME/fminm_d/' ../riscv/insn_template.cc | sed 's/OPCODE/ MATCH_FMINM_D/' > fminm_d.cc
sed 's/NAME/fround_d/' ../riscv/insn_template.cc | sed 's/OPCODE/ MATCH_FROUND_D/' > fround_d.cc
sed 's/NAME/froundnx_d/' ../riscv/insn_template.cc | sed 's/OPCODE/ MATCH_FROUNDNX_D/' > froundnx_d.cc
sed 's/NAME/fmvh_x_d/' ../riscv/insn_template.cc | sed 's/OPCODE/ MATCH_FMVH_X_D/' > fmvh_x_d.cc
sed 's/NAME/fmvp_d_x/' ../riscv/insn_template.cc | sed 's/OPCODE/ MATCH_FMVP_D_X/' > fmvp_d_x.cc
sed 's/NAME/fcvtmod_w_d/' ../riscv/insn_template.cc | sed 's/OPCODE/ MATCH_FCVTMOD_W_D/' > fcvtmod_w_d.cc
sed 's/NAME/fleq_d/' ../riscv/insn_template.cc | sed 's/OPCODE/ MATCH_FLEQ_D/' > fleq_d.cc
sed 's/NAME/fltq_d/' ../riscv/insn_template.cc | sed 's/OPCODE/ MATCH_FLTQ_D/' > fltq_d.cc
sed 's/NAME/fli_s/' ../riscv/insn_template.cc | sed 's/OPCODE/ MATCH_FLI_S/' > fli_s.cc
sed 's/NAME/fmaxm_s/' ../riscv/insn_template.cc | sed 's/OPCODE/ MATCH_FMAXM_S/' > fmaxm_s.cc
sed 's/NAME/fminm_s/' ../riscv/insn_template.cc | sed 's/OPCODE/ MATCH_FMINM_S/' > fminm_s.cc
sed 's/NAME/fround_s/' ../riscv/insn_template.cc | sed 's/OPCODE/ MATCH_FROUND_S/' > fround_s.cc
sed 's/NAME/froundnx_s/' ../riscv/insn_template.cc | sed 's/OPCODE/ MATCH_FROUNDNX_S/' > froundnx_s.cc
sed 's/NAME/fleq_s/' ../riscv/insn_template.cc | sed 's/OPCODE/ MATCH_FLEQ_S/' > fleq_s.cc
sed 's/NAME/fltq_s/' ../riscv/insn_template.cc | sed 's/OPCODE/ MATCH_FLTQ_S/' > fltq_s.cc
sed 's/NAME/pli_b/' ../riscv/insn_template.cc | sed 's/OPCODE/ MATCH_PLI_B/' > pli_b.cc
sed 's/NAME/pli_h/' ../riscv/insn_template.cc | sed 's/OPCODE/ MATCH_PLI_H/' > pli_h.cc
sed 's/NAME/plui_h/' ../riscv/insn_template.cc | sed 's/OPCODE/ MATCH_PLUI_H/' > plui_h.cc
sed 's/NAME/padd_bs/' ../riscv/insn_template.cc | sed 's/OPCODE/ MATCH_PADD_BS/' > padd_bs.cc
sed 's/NAME/padd_hs/' ../riscv/insn_template.cc | sed 's/OPCODE/ MATCH_PADD_HS/' > padd_hs.cc
sed 's/NAME/padd_b/' ../riscv/insn_template.cc | sed 's/OPCODE/ MATCH_PADD_B/' > padd_b.cc
sed 's/NAME/padd_h/' ../riscv/insn_template.cc | sed 's/OPCODE/ MATCH_PADD_H/' > padd_h.cc
sed 's/NAME/psub_b/' ../riscv/insn_template.cc | sed 's/OPCODE/ MATCH_PSUB_B/' > psub_b.cc
sed 's/NAME/psub_h/' ../riscv/insn_template.cc | sed 's/OPCODE/ MATCH_PSUB_H/' > psub_h.cc
sed 's/NAME/psadd_b/' ../riscv/insn_template.cc | sed 's/OPCODE/ MATCH_PSADD_B/' > psadd_b.cc
sed 's/NAME/psadd_h/' ../riscv/insn_template.cc | sed 's/OPCODE/ MATCH_PSADD_H/' > psadd_h.cc
sed 's/NAME/sadd/' ../riscv/insn_template.cc | sed 's/OPCODE/ MATCH_SADD/' > sadd.cc
sed 's/NAME/psaddu_b/' ../riscv/insn_template.cc | sed 's/OPCODE/ MATCH_PSADDU_B/' > psaddu_b.cc
sed 's/NAME/psaddu_h/' ../riscv/insn_template.cc | sed 's/OPCODE/ MATCH_PSADDU_H/' > psaddu_h.cc
sed 's/NAME/saddu/' ../riscv/insn_template.cc | sed 's/OPCODE/ MATCH_SADDU/' > saddu.cc
sed 's/NAME/pssub_b/' ../riscv/insn_template.cc | sed 's/OPCODE/ MATCH_PSSUB_B/' > pssub_b.cc
sed 's/NAME/pssub_h/' ../riscv/insn_template.cc | sed 's/OPCODE/ MATCH_PSSUB_H/' > pssub_h.cc
sed 's/NAME/ssub/' ../riscv/insn_template.cc | sed 's/OPCODE/ MATCH_SSUB/' > ssub.cc
sed 's/NAME/pssubu_b/' ../riscv/insn_template.cc | sed 's/OPCODE/ MATCH_PSSUBU_B/' > pssubu_b.cc
sed 's/NAME/pssubu_h/' ../riscv/insn_template.cc | sed 's/OPCODE/ MATCH_PSSUBU_H/' > pssubu_h.cc
sed 's/NAME/ssubu/' ../riscv/insn_template.cc | sed 's/OPCODE/ MATCH_SSUBU/' > ssubu.cc
sed 's/NAME/paadd_b/' ../riscv/insn_template.cc | sed 's/OPCODE/ MATCH_PAADD_B/' > paadd_b.cc
sed 's/NAME/paadd_h/' ../riscv/insn_template.cc | sed 's/OPCODE/ MATCH_PAADD_H/' > paadd_h.cc
sed 's/NAME/aadd/' ../riscv/insn_template.cc | sed 's/OPCODE/ MATCH_AADD/' > aadd.cc
sed 's/NAME/paaddu_b/' ../riscv/insn_template.cc | sed 's/OPCODE/ MATCH_PAADDU_B/' > paaddu_b.cc
sed 's/NAME/paaddu_h/' ../riscv/insn_template.cc | sed 's/OPCODE/ MATCH_PAADDU_H/' > paaddu_h.cc
sed 's/NAME/aaddu/' ../riscv/insn_template.cc | sed 's/OPCODE/ MATCH_AADDU/' > aaddu.cc
sed 's/NAME/pasub_b/' ../riscv/insn_template.cc | sed 's/OPCODE/ MATCH_PASUB_B/' > pasub_b.cc
sed 's/NAME/pasub_h/' ../riscv/insn_template.cc | sed 's/OPCODE/ MATCH_PASUB_H/' > pasub_h.cc
sed 's/NAME/asub/' ../riscv/insn_template.cc | sed 's/OPCODE/ MATCH_ASUB/' > asub.cc
sed 's/NAME/pasubu_b/' ../riscv/insn_template.cc | sed 's/OPCODE/ MATCH_PASUBU_B/' > pasubu_b.cc
sed 's/NAME/pasubu_h/' ../riscv/insn_template.cc | sed 's/OPCODE/ MATCH_PASUBU_H/' > pasubu_h.cc
sed 's/NAME/asubu/' ../riscv/insn_template.cc | sed 's/OPCODE/ MATCH_ASUBU/' > asubu.cc
sed 's/NAME/psh1add_h/' ../riscv/insn_template.cc | sed 's/OPCODE/ MATCH_PSH1ADD_H/' > psh1add_h.cc
sed 's/NAME/pssh1sadd_h/' ../riscv/insn_template.cc | sed 's/OPCODE/ MATCH_PSSH1SADD_H/' > pssh1sadd_h.cc
sed 's/NAME/ssh1sadd/' ../riscv/insn_template.cc | sed 's/OPCODE/ MATCH_SSH1SADD/' > ssh1sadd.cc
sed 's/NAME/pas_hx/' ../riscv/insn_template.cc | sed 's/OPCODE/ MATCH_PAS_HX/' > pas_hx.cc
sed 's/NAME/psa_hx/' ../riscv/insn_template.cc | sed 's/OPCODE/ MATCH_PSA_HX/' > psa_hx.cc
sed 's/NAME/psas_hx/' ../riscv/insn_template.cc | sed 's/OPCODE/ MATCH_PSAS_HX/' > psas_hx.cc
sed 's/NAME/pssa_hx/' ../riscv/insn_template.cc | sed 's/OPCODE/ MATCH_PSSA_HX/' > pssa_hx.cc
sed 's/NAME/paas_hx/' ../riscv/insn_template.cc | sed 's/OPCODE/ MATCH_PAAS_HX/' > paas_hx.cc
sed 's/NAME/pasa_hx/' ../riscv/insn_template.cc | sed 's/OPCODE/ MATCH_PASA_HX/' > pasa_hx.cc
sed 's/NAME/pabd_b/' ../riscv/insn_template.cc | sed 's/OPCODE/ MATCH_PABD_B/' > pabd_b.cc
sed 's/NAME/pabd_h/' ../riscv/insn_template.cc | sed 's/OPCODE/ MATCH_PABD_H/' > pabd_h.cc
sed 's/NAME/pabdu_b/' ../riscv/insn_template.cc | sed 's/OPCODE/ MATCH_PABDU_B/' > pabdu_b.cc
sed 's/NAME/pabdu_h/' ../riscv/insn_template.cc | sed 's/OPCODE/ MATCH_PABDU_H/' > pabdu_h.cc
sed 's/NAME/psabs_b/' ../riscv/insn_template.cc | sed 's/OPCODE/ MATCH_PSABS_B/' > psabs_b.cc
sed 's/NAME/psabs_h/' ../riscv/insn_template.cc | sed 's/OPCODE/ MATCH_PSABS_H/' > psabs_h.cc
sed 's/NAME/predsum_bs/' ../riscv/insn_template.cc | sed 's/OPCODE/ MATCH_PREDSUM_BS/' > predsum_bs.cc
sed 's/NAME/predsum_hs/' ../riscv/insn_template.cc | sed 's/OPCODE/ MATCH_PREDSUM_HS/' > predsum_hs.cc
sed 's/NAME/predsumu_bs/' ../riscv/insn_template.cc | sed 's/OPCODE/ MATCH_PREDSUMU_BS/' > predsumu_bs.cc
sed 's/NAME/predsumu_hs/' ../riscv/insn_template.cc | sed 's/OPCODE/ MATCH_PREDSUMU_HS/' > predsumu_hs.cc
sed 's/NAME/pabdsumu_b/' ../riscv/insn_template.cc | sed 's/OPCODE/ MATCH_PABDSUMU_B/' > pabdsumu_b.cc
sed 's/NAME/pabdsumau_b/' ../riscv/insn_template.cc | sed 's/OPCODE/ MATCH_PABDSUMAU_B/' > pabdsumau_b.cc
sed 's/NAME/psext_h_b/' ../riscv/insn_template.cc | sed 's/OPCODE/ MATCH_PSEXT_H_B/' > psext_h_b.cc
sed 's/NAME/psati_h/' ../riscv/insn_template.cc | sed 's/OPCODE/ MATCH_PSATI_H/' > psati_h.cc
sed 's/NAME/sati/' ../riscv/insn_template.cc | sed 's/OPCODE/ MATCH_SATI/' > sati.cc
sed 's/NAME/sati_rv32/' ../riscv/insn_template.cc | sed 's/OPCODE/ MATCH_SATI_RV32/' > sati_rv32.cc
sed 's/NAME/pusati_h/' ../riscv/insn_template.cc | sed 's/OPCODE/ MATCH_PUSATI_H/' > pusati_h.cc
sed 's/NAME/usati/' ../riscv/insn_template.cc | sed 's/OPCODE/ MATCH_USATI/' > usati.cc
sed 's/NAME/usati_rv32/' ../riscv/insn_template.cc | sed 's/OPCODE/ MATCH_USATI_RV32/' > usati_rv32.cc
sed 's/NAME/pslli_b/' ../riscv/insn_template.cc | sed 's/OPCODE/ MATCH_PSLLI_B/' > pslli_b.cc
sed 's/NAME/pslli_h/' ../riscv/insn_template.cc | sed 's/OPCODE/ MATCH_PSLLI_H/' > pslli_h.cc
sed 's/NAME/psll_bs/' ../riscv/insn_template.cc | sed 's/OPCODE/ MATCH_PSLL_BS/' > psll_bs.cc
sed 's/NAME/psll_hs/' ../riscv/insn_template.cc | sed 's/OPCODE/ MATCH_PSLL_HS/' > psll_hs.cc
sed 's/NAME/psrli_b/' ../riscv/insn_template.cc | sed 's/OPCODE/ MATCH_PSRLI_B/' > psrli_b.cc
sed 's/NAME/psrli_h/' ../riscv/insn_template.cc | sed 's/OPCODE/ MATCH_PSRLI_H/' > psrli_h.cc
sed 's/NAME/psrl_bs/' ../riscv/insn_template.cc | sed 's/OPCODE/ MATCH_PSRL_BS/' > psrl_bs.cc
sed 's/NAME/psrl_hs/' ../riscv/insn_template.cc | sed 's/OPCODE/ MATCH_PSRL_HS/' > psrl_hs.cc
sed 's/NAME/psrai_b/' ../riscv/insn_template.cc | sed 's/OPCODE/ MATCH_PSRAI_B/' > psrai_b.cc
sed 's/NAME/psrai_h/' ../riscv/insn_template.cc | sed 's/OPCODE/ MATCH_PSRAI_H/' > psrai_h.cc
sed 's/NAME/psra_bs/' ../riscv/insn_template.cc | sed 's/OPCODE/ MATCH_PSRA_BS/' > psra_bs.cc
sed 's/NAME/psra_hs/' ../riscv/insn_template.cc | sed 's/OPCODE/ MATCH_PSRA_HS/' > psra_hs.cc
sed 's/NAME/psslai_h/' ../riscv/insn_template.cc | sed 's/OPCODE/ MATCH_PSSLAI_H/' > psslai_h.cc
sed 's/NAME/psrari_h/' ../riscv/insn_template.cc | sed 's/OPCODE/ MATCH_PSRARI_H/' > psrari_h.cc
sed 's/NAME/pssha_hs/' ../riscv/insn_template.cc | sed 's/OPCODE/ MATCH_PSSHA_HS/' > pssha_hs.cc
sed 's/NAME/psshar_hs/' ../riscv/insn_template.cc | sed 's/OPCODE/ MATCH_PSSHAR_HS/' > psshar_hs.cc
sed 's/NAME/sslai/' ../riscv/insn_template.cc | sed 's/OPCODE/ MATCH_SSLAI/' > sslai.cc
sed 's/NAME/srari/' ../riscv/insn_template.cc | sed 's/OPCODE/ MATCH_SRARI/' > srari.cc
sed 's/NAME/srari_rv32/' ../riscv/insn_template.cc | sed 's/OPCODE/ MATCH_SRARI_RV32/' > srari_rv32.cc
sed 's/NAME/ssha/' ../riscv/insn_template.cc | sed 's/OPCODE/ MATCH_SSHA/' > ssha.cc
sed 's/NAME/sshar/' ../riscv/insn_template.cc | sed 's/OPCODE/ MATCH_SSHAR/' > sshar.cc
sed 's/NAME/pmin_b/' ../riscv/insn_template.cc | sed 's/OPCODE/ MATCH_PMIN_B/' > pmin_b.cc
sed 's/NAME/pmin_h/' ../riscv/insn_template.cc | sed 's/OPCODE/ MATCH_PMIN_H/' > pmin_h.cc
sed 's/NAME/pminu_b/' ../riscv/insn_template.cc | sed 's/OPCODE/ MATCH_PMINU_B/' > pminu_b.cc
sed 's/NAME/pminu_h/' ../riscv/insn_template.cc | sed 's/OPCODE/ MATCH_PMINU_H/' > pminu_h.cc
sed 's/NAME/pmax_b/' ../riscv/insn_template.cc | sed 's/OPCODE/ MATCH_PMAX_B/' > pmax_b.cc
sed 's/NAME/pmax_h/' ../riscv/insn_template.cc | sed 's/OPCODE/ MATCH_PMAX_H/' > pmax_h.cc
sed 's/NAME/pmaxu_b/' ../riscv/insn_template.cc | sed 's/OPCODE/ MATCH_PMAXU_B/' > pmaxu_b.cc
sed 's/NAME/pmaxu_h/' ../riscv/insn_template.cc | sed 's/OPCODE/ MATCH_PMAXU_H/' > pmaxu_h.cc
sed 's/NAME/pmseq_b/' ../riscv/insn_template.cc | sed 's/OPCODE/ MATCH_PMSEQ_B/' > pmseq_b.cc
sed 's/NAME/pmseq_h/' ../riscv/insn_template.cc | sed 's/OPCODE/ MATCH_PMSEQ_H/' > pmseq_h.cc
sed 's/NAME/mseq/' ../riscv/insn_template.cc | sed 's/OPCODE/ MATCH_MSEQ/' > mseq.cc
sed 's/NAME/pmslt_b/' ../riscv/insn_template.cc | sed 's/OPCODE/ MATCH_PMSLT_B/' > pmslt_b.cc
sed 's/NAME/pmslt_h/' ../riscv/insn_template.cc | sed 's/OPCODE/ MATCH_PMSLT_H/' > pmslt_h.cc
sed 's/NAME/mslt/' ../riscv/insn_template.cc | sed 's/OPCODE/ MATCH_MSLT/' > mslt.cc
sed 's/NAME/pmsltu_b/' ../riscv/insn_template.cc | sed 's/OPCODE/ MATCH_PMSLTU_B/' > pmsltu_b.cc
sed 's/NAME/pmsltu_h/' ../riscv/insn_template.cc | sed 's/OPCODE/ MATCH_PMSLTU_H/' > pmsltu_h.cc
sed 's/NAME/msltu/' ../riscv/insn_template.cc | sed 's/OPCODE/ MATCH_MSLTU/' > msltu.cc
sed 's/NAME/ppaire_b/' ../riscv/insn_template.cc | sed 's/OPCODE/ MATCH_PPAIRE_B/' > ppaire_b.cc
sed 's/NAME/ppaireo_b/' ../riscv/insn_template.cc | sed 's/OPCODE/ MATCH_PPAIREO_B/' > ppaireo_b.cc
sed 's/NAME/ppaireo_h/' ../riscv/insn_template.cc | sed 's/OPCODE/ MATCH_PPAIREO_H/' > ppaireo_h.cc
sed 's/NAME/ppairoe_b/' ../riscv/insn_template.cc | sed 's/OPCODE/ MATCH_PPAIROE_B/' > ppairoe_b.cc
sed 's/NAME/ppairoe_h/' ../riscv/insn_template.cc | sed 's/OPCODE/ MATCH_PPAIROE_H/' > ppairoe_h.cc
sed 's/NAME/ppairo_b/' ../riscv/insn_template.cc | sed 's/OPCODE/ MATCH_PPAIRO_B/' > ppairo_b.cc
sed 's/NAME/ppairo_h/' ../riscv/insn_template.cc | sed 's/OPCODE/ MATCH_PPAIRO_H/' > ppairo_h.cc
sed 's/NAME/abs/' ../riscv/insn_template.cc | sed 's/OPCODE/ MATCH_ABS/' > abs.cc
sed 's/NAME/cls/' ../riscv/insn_template.cc | sed 's/OPCODE/ MATCH_CLS/' > cls.cc
sed 's/NAME/slx/' ../riscv/insn_template.cc | sed 's/OPCODE/ MATCH_SLX/' > slx.cc
sed 's/NAME/srx/' ../riscv/insn_template.cc | sed 's/OPCODE/ MATCH_SRX/' > srx.cc
sed 's/NAME/mvm/' ../riscv/insn_template.cc | sed 's/OPCODE/ MATCH_MVM/' > mvm.cc
sed 's/NAME/mvmn/' ../riscv/insn_template.cc | sed 's/OPCODE/ MATCH_MVMN/' > mvmn.cc
sed 's/NAME/merge/' ../riscv/insn_template.cc | sed 's/OPCODE/ MATCH_MERGE/' > merge.cc
sed 's/NAME/pmulh_h/' ../riscv/insn_template.cc | sed 's/OPCODE/ MATCH_PMULH_H/' > pmulh_h.cc
sed 's/NAME/pmulhr_h/' ../riscv/insn_template.cc | sed 's/OPCODE/ MATCH_PMULHR_H/' > pmulhr_h.cc
sed 's/NAME/pmulhsu_h/' ../riscv/insn_template.cc | sed 's/OPCODE/ MATCH_PMULHSU_H/' > pmulhsu_h.cc
sed 's/NAME/pmulhrsu_h/' ../riscv/insn_template.cc | sed 's/OPCODE/ MATCH_PMULHRSU_H/' > pmulhrsu_h.cc
sed 's/NAME/pmulhu_h/' ../riscv/insn_template.cc | sed 's/OPCODE/ MATCH_PMULHU_H/' > pmulhu_h.cc
sed 's/NAME/pmulhru_h/' ../riscv/insn_template.cc | sed 's/OPCODE/ MATCH_PMULHRU_H/' > pmulhru_h.cc
sed 's/NAME/pmulq_h/' ../riscv/insn_template.cc | sed 's/OPCODE/ MATCH_PMULQ_H/' > pmulq_h.cc
sed 's/NAME/pmulqr_h/' ../riscv/insn_template.cc | sed 's/OPCODE/ MATCH_PMULQR_H/' > pmulqr_h.cc
sed 's/NAME/mulhr/' ../riscv/insn_template.cc | sed 's/OPCODE/ MATCH_MULHR/' > mulhr.cc
sed 's/NAME/mulhrsu/' ../riscv/insn_template.cc | sed 's/OPCODE/ MATCH_MULHRSU/' > mulhrsu.cc
sed 's/NAME/mulhru/' ../riscv/insn_template.cc | sed 's/OPCODE/ MATCH_MULHRU/' > mulhru.cc
sed 's/NAME/mulq/' ../riscv/insn_template.cc | sed 's/OPCODE/ MATCH_MULQ/' > mulq.cc
sed 's/NAME/mulqr/' ../riscv/insn_template.cc | sed 's/OPCODE/ MATCH_MULQR/' > mulqr.cc
sed 's/NAME/pmul_h_b00/' ../riscv/insn_template.cc | sed 's/OPCODE/ MATCH_PMUL_H_B00/' > pmul_h_b00.cc
sed 's/NAME/pmul_h_b01/' ../riscv/insn_template.cc | sed 's/OPCODE/ MATCH_PMUL_H_B01/' > pmul_h_b01.cc
sed 's/NAME/pmul_h_b11/' ../riscv/insn_template.cc | sed 's/OPCODE/ MATCH_PMUL_H_B11/' > pmul_h_b11.cc
sed 's/NAME/pmulsu_h_b00/' ../riscv/insn_template.cc | sed 's/OPCODE/ MATCH_PMULSU_H_B00/' > pmulsu_h_b00.cc
sed 's/NAME/pmulsu_h_b11/' ../riscv/insn_template.cc | sed 's/OPCODE/ MATCH_PMULSU_H_B11/' > pmulsu_h_b11.cc
sed 's/NAME/pmulu_h_b00/' ../riscv/insn_template.cc | sed 's/OPCODE/ MATCH_PMULU_H_B00/' > pmulu_h_b00.cc
sed 's/NAME/pmulu_h_b01/' ../riscv/insn_template.cc | sed 's/OPCODE/ MATCH_PMULU_H_B01/' > pmulu_h_b01.cc
sed 's/NAME/pmulu_h_b11/' ../riscv/insn_template.cc | sed 's/OPCODE/ MATCH_PMULU_H_B11/' > pmulu_h_b11.cc
sed 's/NAME/mul_h00/' ../riscv/insn_template.cc | sed 's/OPCODE/ MATCH_MUL_H00/' > mul_h00.cc
sed 's/NAME/mul_h01/' ../riscv/insn_template.cc | sed 's/OPCODE/ MATCH_MUL_H01/' > mul_h01.cc
sed 's/NAME/mul_h11/' ../riscv/insn_template.cc | sed 's/OPCODE/ MATCH_MUL_H11/' > mul_h11.cc
sed 's/NAME/mulsu_h00/' ../riscv/insn_template.cc | sed 's/OPCODE/ MATCH_MULSU_H00/' > mulsu_h00.cc
sed 's/NAME/mulsu_h11/' ../riscv/insn_template.cc | sed 's/OPCODE/ MATCH_MULSU_H11/' > mulsu_h11.cc
sed 's/NAME/mulu_h00/' ../riscv/insn_template.cc | sed 's/OPCODE/ MATCH_MULU_H00/' > mulu_h00.cc
sed 's/NAME/mulu_h01/' ../riscv/insn_template.cc | sed 's/OPCODE/ MATCH_MULU_H01/' > mulu_h01.cc
sed 's/NAME/mulu_h11/' ../riscv/insn_template.cc | sed 's/OPCODE/ MATCH_MULU_H11/' > mulu_h11.cc
sed 's/NAME/pmulh_h_b0/' ../riscv/insn_template.cc | sed 's/OPCODE/ MATCH_PMULH_H_B0/' > pmulh_h_b0.cc
sed 's/NAME/pmulh_h_b1/' ../riscv/insn_template.cc | sed 's/OPCODE/ MATCH_PMULH_H_B1/' > pmulh_h_b1.cc
sed 's/NAME/pmulhsu_h_b0/' ../riscv/insn_template.cc | sed 's/OPCODE/ MATCH_PMULHSU_H_B0/' > pmulhsu_h_b0.cc
sed 's/NAME/pmulhsu_h_b1/' ../riscv/insn_template.cc | sed 's/OPCODE/ MATCH_PMULHSU_H_B1/' > pmulhsu_h_b1.cc
sed 's/NAME/mulh_h0/' ../riscv/insn_template.cc | sed 's/OPCODE/ MATCH_MULH_H0/' > mulh_h0.cc
sed 's/NAME/mulh_h1/' ../riscv/insn_template.cc | sed 's/OPCODE/ MATCH_MULH_H1/' > mulh_h1.cc
sed 's/NAME/mulhsu_h0/' ../riscv/insn_template.cc | sed 's/OPCODE/ MATCH_MULHSU_H0/' > mulhsu_h0.cc
sed 's/NAME/mulhsu_h1/' ../riscv/insn_template.cc | sed 's/OPCODE/ MATCH_MULHSU_H1/' > mulhsu_h1.cc
sed 's/NAME/pmhacc_h/' ../riscv/insn_template.cc | sed 's/OPCODE/ MATCH_PMHACC_H/' > pmhacc_h.cc
sed 's/NAME/pmhracc_h/' ../riscv/insn_template.cc | sed 's/OPCODE/ MATCH_PMHRACC_H/' > pmhracc_h.cc
sed 's/NAME/pmhaccsu_h/' ../riscv/insn_template.cc | sed 's/OPCODE/ MATCH_PMHACCSU_H/' > pmhaccsu_h.cc
sed 's/NAME/pmhraccsu_h/' ../riscv/insn_template.cc | sed 's/OPCODE/ MATCH_PMHRACCSU_H/' > pmhraccsu_h.cc
sed 's/NAME/pmhaccu_h/' ../riscv/insn_template.cc | sed 's/OPCODE/ MATCH_PMHACCU_H/' > pmhaccu_h.cc
sed 's/NAME/pmhraccu_h/' ../riscv/insn_template.cc | sed 's/OPCODE/ MATCH_PMHRACCU_H/' > pmhraccu_h.cc
sed 's/NAME/mhacc/' ../riscv/insn_template.cc | sed 's/OPCODE/ MATCH_MHACC/' > mhacc.cc
sed 's/NAME/mhracc/' ../riscv/insn_template.cc | sed 's/OPCODE/ MATCH_MHRACC/' > mhracc.cc
sed 's/NAME/mhaccsu/' ../riscv/insn_template.cc | sed 's/OPCODE/ MATCH_MHACCSU/' > mhaccsu.cc
sed 's/NAME/mhraccsu/' ../riscv/insn_template.cc | sed 's/OPCODE/ MATCH_MHRACCSU/' > mhraccsu.cc
sed 's/NAME/mhaccu/' ../riscv/insn_template.cc | sed 's/OPCODE/ MATCH_MHACCU/' > mhaccu.cc
sed 's/NAME/mhraccu/' ../riscv/insn_template.cc | sed 's/OPCODE/ MATCH_MHRACCU/' > mhraccu.cc
sed 's/NAME/mqacc_h00/' ../riscv/insn_template.cc | sed 's/OPCODE/ MATCH_MQACC_H00/' > mqacc_h00.cc
sed 's/NAME/mqacc_h01/' ../riscv/insn_template.cc | sed 's/OPCODE/ MATCH_MQACC_H01/' > mqacc_h01.cc
sed 's/NAME/mqacc_h11/' ../riscv/insn_template.cc | sed 's/OPCODE/ MATCH_MQACC_H11/' > mqacc_h11.cc
sed 's/NAME/mqracc_h00/' ../riscv/insn_template.cc | sed 's/OPCODE/ MATCH_MQRACC_H00/' > mqracc_h00.cc
sed 's/NAME/mqracc_h01/' ../riscv/insn_template.cc | sed 's/OPCODE/ MATCH_MQRACC_H01/' > mqracc_h01.cc
sed 's/NAME/mqracc_h11/' ../riscv/insn_template.cc | sed 's/OPCODE/ MATCH_MQRACC_H11/' > mqracc_h11.cc
sed 's/NAME/macc_h00/' ../riscv/insn_template.cc | sed 's/OPCODE/ MATCH_MACC_H00/' > macc_h00.cc
sed 's/NAME/macc_h01/' ../riscv/insn_template.cc | sed 's/OPCODE/ MATCH_MACC_H01/' > macc_h01.cc
sed 's/NAME/macc_h11/' ../riscv/insn_template.cc | sed 's/OPCODE/ MATCH_MACC_H11/' > macc_h11.cc
sed 's/NAME/maccsu_h00/' ../riscv/insn_template.cc | sed 's/OPCODE/ MATCH_MACCSU_H00/' > maccsu_h00.cc
sed 's/NAME/maccsu_h11/' ../riscv/insn_template.cc | sed 's/OPCODE/ MATCH_MACCSU_H11/' > maccsu_h11.cc
sed 's/NAME/maccu_h00/' ../riscv/insn_template.cc | sed 's/OPCODE/ MATCH_MACCU_H00/' > maccu_h00.cc
sed 's/NAME/maccu_h01/' ../riscv/insn_template.cc | sed 's/OPCODE/ MATCH_MACCU_H01/' > maccu_h01.cc
sed 's/NAME/maccu_h11/' ../riscv/insn_template.cc | sed 's/OPCODE/ MATCH_MACCU_H11/' > maccu_h11.cc
sed 's/NAME/pmhacc_h_b0/' ../riscv/insn_template.cc | sed 's/OPCODE/ MATCH_PMHACC_H_B0/' > pmhacc_h_b0.cc
sed 's/NAME/pmhacc_h_b1/' ../riscv/insn_template.cc | sed 's/OPCODE/ MATCH_PMHACC_H_B1/' > pmhacc_h_b1.cc
sed 's/NAME/pmhaccsu_h_b0/' ../riscv/insn_template.cc | sed 's/OPCODE/ MATCH_PMHACCSU_H_B0/' > pmhaccsu_h_b0.cc
sed 's/NAME/pmhaccsu_h_b1/' ../riscv/insn_template.cc | sed 's/OPCODE/ MATCH_PMHACCSU_H_B1/' > pmhaccsu_h_b1.cc
sed 's/NAME/mhacc_h0/' ../riscv/insn_template.cc | sed 's/OPCODE/ MATCH_MHACC_H0/' > mhacc_h0.cc
sed 's/NAME/mhacc_h1/' ../riscv/insn_template.cc | sed 's/OPCODE/ MATCH_MHACC_H1/' > mhacc_h1.cc
sed 's/NAME/mhaccsu_h0/' ../riscv/insn_template.cc | sed 's/OPCODE/ MATCH_MHACCSU_H0/' > mhaccsu_h0.cc
sed 's/NAME/mhaccsu_h1/' ../riscv/insn_template.cc | sed 's/OPCODE/ MATCH_MHACCSU_H1/' > mhaccsu_h1.cc
sed 's/NAME/pmq2add_h/' ../riscv/insn_template.cc | sed 's/OPCODE/ MATCH_PMQ2ADD_H/' > pmq2add_h.cc
sed 's/NAME/pmq2adda_h/' ../riscv/insn_template.cc | sed 's/OPCODE/ MATCH_PMQ2ADDA_H/' > pmq2adda_h.cc
sed 's/NAME/pmqr2add_h/' ../riscv/insn_template.cc | sed 's/OPCODE/ MATCH_PMQR2ADD_H/' > pmqr2add_h.cc
sed 's/NAME/pmqr2adda_h/' ../riscv/insn_template.cc | sed 's/OPCODE/ MATCH_PMQR2ADDA_H/' > pmqr2adda_h.cc
sed 's/NAME/pm2add_h/' ../riscv/insn_template.cc | sed 's/OPCODE/ MATCH_PM2ADD_H/' > pm2add_h.cc
sed 's/NAME/pm2adda_h/' ../riscv/insn_template.cc | sed 's/OPCODE/ MATCH_PM2ADDA_H/' > pm2adda_h.cc
sed 's/NAME/pm2addsu_h/' ../riscv/insn_template.cc | sed 's/OPCODE/ MATCH_PM2ADDSU_H/' > pm2addsu_h.cc
sed 's/NAME/pm2addasu_h/' ../riscv/insn_template.cc | sed 's/OPCODE/ MATCH_PM2ADDASU_H/' > pm2addasu_h.cc
sed 's/NAME/pm2addu_h/' ../riscv/insn_template.cc | sed 's/OPCODE/ MATCH_PM2ADDU_H/' > pm2addu_h.cc
sed 's/NAME/pm2addau_h/' ../riscv/insn_template.cc | sed 's/OPCODE/ MATCH_PM2ADDAU_H/' > pm2addau_h.cc
sed 's/NAME/pm2add_hx/' ../riscv/insn_template.cc | sed 's/OPCODE/ MATCH_PM2ADD_HX/' > pm2add_hx.cc
sed 's/NAME/pm2adda_hx/' ../riscv/insn_template.cc | sed 's/OPCODE/ MATCH_PM2ADDA_HX/' > pm2adda_hx.cc
sed 's/NAME/pm2sadd_h/' ../riscv/insn_template.cc | sed 's/OPCODE/ MATCH_PM2SADD_H/' > pm2sadd_h.cc
sed 's/NAME/pm2sadd_hx/' ../riscv/insn_template.cc | sed 's/OPCODE/ MATCH_PM2SADD_HX/' > pm2sadd_hx.cc
sed 's/NAME/pm2sub_h/' ../riscv/insn_template.cc | sed 's/OPCODE/ MATCH_PM2SUB_H/' > pm2sub_h.cc
sed 's/NAME/pm2suba_h/' ../riscv/insn_template.cc | sed 's/OPCODE/ MATCH_PM2SUBA_H/' > pm2suba_h.cc
sed 's/NAME/pm2sub_hx/' ../riscv/insn_template.cc | sed 's/OPCODE/ MATCH_PM2SUB_HX/' > pm2sub_hx.cc
sed 's/NAME/pm2suba_hx/' ../riscv/insn_template.cc | sed 's/OPCODE/ MATCH_PM2SUBA_HX/' > pm2suba_hx.cc
sed 's/NAME/pm4add_b/' ../riscv/insn_template.cc | sed 's/OPCODE/ MATCH_PM4ADD_B/' > pm4add_b.cc
sed 's/NAME/pm4adda_b/' ../riscv/insn_template.cc | sed 's/OPCODE/ MATCH_PM4ADDA_B/' > pm4adda_b.cc
sed 's/NAME/pm4addsu_b/' ../riscv/insn_template.cc | sed 's/OPCODE/ MATCH_PM4ADDSU_B/' > pm4addsu_b.cc
sed 's/NAME/pm4addasu_b/' ../riscv/insn_template.cc | sed 's/OPCODE/ MATCH_PM4ADDASU_B/' > pm4addasu_b.cc
sed 's/NAME/pm4addu_b/' ../riscv/insn_template.cc | sed 's/OPCODE/ MATCH_PM4ADDU_B/' > pm4addu_b.cc
sed 's/NAME/pm4addau_b/' ../riscv/insn_template.cc | sed 's/OPCODE/ MATCH_PM4ADDAU_B/' > pm4addau_b.cc
sed 's/NAME/pli_db/' ../riscv/insn_template.cc | sed 's/OPCODE/ MATCH_PLI_DB/' > pli_db.cc
sed 's/NAME/pli_dh/' ../riscv/insn_template.cc | sed 's/OPCODE/ MATCH_PLI_DH/' > pli_dh.cc
sed 's/NAME/plui_dh/' ../riscv/insn_template.cc | sed 's/OPCODE/ MATCH_PLUI_DH/' > plui_dh.cc
sed 's/NAME/pwadd_b/' ../riscv/insn_template.cc | sed 's/OPCODE/ MATCH_PWADD_B/' > pwadd_b.cc
sed 's/NAME/pwadd_h/' ../riscv/insn_template.cc | sed 's/OPCODE/ MATCH_PWADD_H/' > pwadd_h.cc
sed 's/NAME/wadd/' ../riscv/insn_template.cc | sed 's/OPCODE/ MATCH_WADD/' > wadd.cc
sed 's/NAME/pwadda_b/' ../riscv/insn_template.cc | sed 's/OPCODE/ MATCH_PWADDA_B/' > pwadda_b.cc
sed 's/NAME/pwadda_h/' ../riscv/insn_template.cc | sed 's/OPCODE/ MATCH_PWADDA_H/' > pwadda_h.cc
sed 's/NAME/wadda/' ../riscv/insn_template.cc | sed 's/OPCODE/ MATCH_WADDA/' > wadda.cc
sed 's/NAME/pwaddu_b/' ../riscv/insn_template.cc | sed 's/OPCODE/ MATCH_PWADDU_B/' > pwaddu_b.cc
sed 's/NAME/pwaddu_h/' ../riscv/insn_template.cc | sed 's/OPCODE/ MATCH_PWADDU_H/' > pwaddu_h.cc
sed 's/NAME/waddu/' ../riscv/insn_template.cc | sed 's/OPCODE/ MATCH_WADDU/' > waddu.cc
sed 's/NAME/pwaddau_b/' ../riscv/insn_template.cc | sed 's/OPCODE/ MATCH_PWADDAU_B/' > pwaddau_b.cc
sed 's/NAME/pwaddau_h/' ../riscv/insn_template.cc | sed 's/OPCODE/ MATCH_PWADDAU_H/' > pwaddau_h.cc
sed 's/NAME/waddau/' ../riscv/insn_template.cc | sed 's/OPCODE/ MATCH_WADDAU/' > waddau.cc
sed 's/NAME/pwsub_b/' ../riscv/insn_template.cc | sed 's/OPCODE/ MATCH_PWSUB_B/' > pwsub_b.cc
sed 's/NAME/pwsub_h/' ../riscv/insn_template.cc | sed 's/OPCODE/ MATCH_PWSUB_H/' > pwsub_h.cc
sed 's/NAME/wsub/' ../riscv/insn_template.cc | sed 's/OPCODE/ MATCH_WSUB/' > wsub.cc
sed 's/NAME/pwsuba_b/' ../riscv/insn_template.cc | sed 's/OPCODE/ MATCH_PWSUBA_B/' > pwsuba_b.cc
sed 's/NAME/pwsuba_h/' ../riscv/insn_template.cc | sed 's/OPCODE/ MATCH_PWSUBA_H/' > pwsuba_h.cc
sed 's/NAME/wsuba/' ../riscv/insn_template.cc | sed 's/OPCODE/ MATCH_WSUBA/' > wsuba.cc
sed 's/NAME/pwsubu_b/' ../riscv/insn_template.cc | sed 's/OPCODE/ MATCH_PWSUBU_B/' > pwsubu_b.cc
sed 's/NAME/pwsubu_h/' ../riscv/insn_template.cc | sed 's/OPCODE/ MATCH_PWSUBU_H/' > pwsubu_h.cc
sed 's/NAME/wsubu/' ../riscv/insn_template.cc | sed 's/OPCODE/ MATCH_WSUBU/' > wsubu.cc
sed 's/NAME/pwsubau_b/' ../riscv/insn_template.cc | sed 's/OPCODE/ MATCH_PWSUBAU_B/' > pwsubau_b.cc
sed 's/NAME/pwsubau_h/' ../riscv/insn_template.cc | sed 's/OPCODE/ MATCH_PWSUBAU_H/' > pwsubau_h.cc
sed 's/NAME/wsubau/' ../riscv/insn_template.cc | sed 's/OPCODE/ MATCH_WSUBAU/' > wsubau.cc
sed 's/NAME/padd_db/' ../riscv/insn_template.cc | sed 's/OPCODE/ MATCH_PADD_DB/' > padd_db.cc
sed 's/NAME/padd_dh/' ../riscv/insn_template.cc | sed 's/OPCODE/ MATCH_PADD_DH/' > padd_dh.cc
sed 's/NAME/padd_dw/' ../riscv/insn_template.cc | sed 's/OPCODE/ MATCH_PADD_DW/' > padd_dw.cc
sed 's/NAME/psub_db/' ../riscv/insn_template.cc | sed 's/OPCODE/ MATCH_PSUB_DB/' > psub_db.cc
sed 's/NAME/psub_dh/' ../riscv/insn_template.cc | sed 's/OPCODE/ MATCH_PSUB_DH/' > psub_dh.cc
sed 's/NAME/psub_dw/' ../riscv/insn_template.cc | sed 's/OPCODE/ MATCH_PSUB_DW/' > psub_dw.cc
sed 's/NAME/psadd_db/' ../riscv/insn_template.cc | sed 's/OPCODE/ MATCH_PSADD_DB/' > psadd_db.cc
sed 's/NAME/psadd_dh/' ../riscv/insn_template.cc | sed 's/OPCODE/ MATCH_PSADD_DH/' > psadd_dh.cc
sed 's/NAME/psadd_dw/' ../riscv/insn_template.cc | sed 's/OPCODE/ MATCH_PSADD_DW/' > psadd_dw.cc
sed 's/NAME/psaddu_db/' ../riscv/insn_template.cc | sed 's/OPCODE/ MATCH_PSADDU_DB/' > psaddu_db.cc
sed 's/NAME/psaddu_dh/' ../riscv/insn_template.cc | sed 's/OPCODE/ MATCH_PSADDU_DH/' > psaddu_dh.cc
sed 's/NAME/psaddu_dw/' ../riscv/insn_template.cc | sed 's/OPCODE/ MATCH_PSADDU_DW/' > psaddu_dw.cc
sed 's/NAME/pssub_db/' ../riscv/insn_template.cc | sed 's/OPCODE/ MATCH_PSSUB_DB/' > pssub_db.cc
sed 's/NAME/pssub_dh/' ../riscv/insn_template.cc | sed 's/OPCODE/ MATCH_PSSUB_DH/' > pssub_dh.cc
sed 's/NAME/pssub_dw/' ../riscv/insn_template.cc | sed 's/OPCODE/ MATCH_PSSUB_DW/' > pssub_dw.cc
sed 's/NAME/pssubu_db/' ../riscv/insn_template.cc | sed 's/OPCODE/ MATCH_PSSUBU_DB/' > pssubu_db.cc
sed 's/NAME/pssubu_dh/' ../riscv/insn_template.cc | sed 's/OPCODE/ MATCH_PSSUBU_DH/' > pssubu_dh.cc
sed 's/NAME/pssubu_dw/' ../riscv/insn_template.cc | sed 's/OPCODE/ MATCH_PSSUBU_DW/' > pssubu_dw.cc
sed 's/NAME/paadd_db/' ../riscv/insn_template.cc | sed 's/OPCODE/ MATCH_PAADD_DB/' > paadd_db.cc
sed 's/NAME/paadd_dh/' ../riscv/insn_template.cc | sed 's/OPCODE/ MATCH_PAADD_DH/' > paadd_dh.cc
sed 's/NAME/paadd_dw/' ../riscv/insn_template.cc | sed 's/OPCODE/ MATCH_PAADD_DW/' > paadd_dw.cc
sed 's/NAME/paaddu_db/' ../riscv/insn_template.cc | sed 's/OPCODE/ MATCH_PAADDU_DB/' > paaddu_db.cc
sed 's/NAME/paaddu_dh/' ../riscv/insn_template.cc | sed 's/OPCODE/ MATCH_PAADDU_DH/' > paaddu_dh.cc
sed 's/NAME/paaddu_dw/' ../riscv/insn_template.cc | sed 's/OPCODE/ MATCH_PAADDU_DW/' > paaddu_dw.cc
sed 's/NAME/pasub_db/' ../riscv/insn_template.cc | sed 's/OPCODE/ MATCH_PASUB_DB/' > pasub_db.cc
sed 's/NAME/pasub_dh/' ../riscv/insn_template.cc | sed 's/OPCODE/ MATCH_PASUB_DH/' > pasub_dh.cc
sed 's/NAME/pasub_dw/' ../riscv/insn_template.cc | sed 's/OPCODE/ MATCH_PASUB_DW/' > pasub_dw.cc
sed 's/NAME/pasubu_db/' ../riscv/insn_template.cc | sed 's/OPCODE/ MATCH_PASUBU_DB/' > pasubu_db.cc
sed 's/NAME/pasubu_dh/' ../riscv/insn_template.cc | sed 's/OPCODE/ MATCH_PASUBU_DH/' > pasubu_dh.cc
sed 's/NAME/pasubu_dw/' ../riscv/insn_template.cc | sed 's/OPCODE/ MATCH_PASUBU_DW/' > pasubu_dw.cc
sed 's/NAME/psh1add_dh/' ../riscv/insn_template.cc | sed 's/OPCODE/ MATCH_PSH1ADD_DH/' > psh1add_dh.cc
sed 's/NAME/psh1add_dw/' ../riscv/insn_template.cc | sed 's/OPCODE/ MATCH_PSH1ADD_DW/' > psh1add_dw.cc
sed 's/NAME/pssh1sadd_dh/' ../riscv/insn_template.cc | sed 's/OPCODE/ MATCH_PSSH1SADD_DH/' > pssh1sadd_dh.cc
sed 's/NAME/pssh1sadd_dw/' ../riscv/insn_template.cc | sed 's/OPCODE/ MATCH_PSSH1SADD_DW/' > pssh1sadd_dw.cc
sed 's/NAME/addd/' ../riscv/insn_template.cc | sed 's/OPCODE/ MATCH_ADDD/' > addd.cc
sed 's/NAME/subd/' ../riscv/insn_template.cc | sed 's/OPCODE/ MATCH_SUBD/' > subd.cc
sed 's/NAME/padd_dbs/' ../riscv/insn_template.cc | sed 's/OPCODE/ MATCH_PADD_DBS/' > padd_dbs.cc
sed 's/NAME/padd_dhs/' ../riscv/insn_template.cc | sed 's/OPCODE/ MATCH_PADD_DHS/' > padd_dhs.cc
sed 's/NAME/padd_dws/' ../riscv/insn_template.cc | sed 's/OPCODE/ MATCH_PADD_DWS/' > padd_dws.cc
sed 's/NAME/pas_dhx/' ../riscv/insn_template.cc | sed 's/OPCODE/ MATCH_PAS_DHX/' > pas_dhx.cc
sed 's/NAME/psa_dhx/' ../riscv/insn_template.cc | sed 's/OPCODE/ MATCH_PSA_DHX/' > psa_dhx.cc
sed 's/NAME/psas_dhx/' ../riscv/insn_template.cc | sed 's/OPCODE/ MATCH_PSAS_DHX/' > psas_dhx.cc
sed 's/NAME/pssa_dhx/' ../riscv/insn_template.cc | sed 's/OPCODE/ MATCH_PSSA_DHX/' > pssa_dhx.cc
sed 's/NAME/paas_dhx/' ../riscv/insn_template.cc | sed 's/OPCODE/ MATCH_PAAS_DHX/' > paas_dhx.cc
sed 's/NAME/pasa_dhx/' ../riscv/insn_template.cc | sed 's/OPCODE/ MATCH_PASA_DHX/' > pasa_dhx.cc
sed 's/NAME/pabd_db/' ../riscv/insn_template.cc | sed 's/OPCODE/ MATCH_PABD_DB/' > pabd_db.cc
sed 's/NAME/pabd_dh/' ../riscv/insn_template.cc | sed 's/OPCODE/ MATCH_PABD_DH/' > pabd_dh.cc
sed 's/NAME/pabdu_db/' ../riscv/insn_template.cc | sed 's/OPCODE/ MATCH_PABDU_DB/' > pabdu_db.cc
sed 's/NAME/pabdu_dh/' ../riscv/insn_template.cc | sed 's/OPCODE/ MATCH_PABDU_DH/' > pabdu_dh.cc
sed 's/NAME/psabs_db/' ../riscv/insn_template.cc | sed 's/OPCODE/ MATCH_PSABS_DB/' > psabs_db.cc
sed 's/NAME/psabs_dh/' ../riscv/insn_template.cc | sed 's/OPCODE/ MATCH_PSABS_DH/' > psabs_dh.cc
sed 's/NAME/predsum_dbs/' ../riscv/insn_template.cc | sed 's/OPCODE/ MATCH_PREDSUM_DBS/' > predsum_dbs.cc
sed 's/NAME/predsum_dhs/' ../riscv/insn_template.cc | sed 's/OPCODE/ MATCH_PREDSUM_DHS/' > predsum_dhs.cc
sed 's/NAME/predsumu_dbs/' ../riscv/insn_template.cc | sed 's/OPCODE/ MATCH_PREDSUMU_DBS/' > predsumu_dbs.cc
sed 's/NAME/predsumu_dhs/' ../riscv/insn_template.cc | sed 's/OPCODE/ MATCH_PREDSUMU_DHS/' > predsumu_dhs.cc
sed 's/NAME/psext_dh_b/' ../riscv/insn_template.cc | sed 's/OPCODE/ MATCH_PSEXT_DH_B/' > psext_dh_b.cc
sed 's/NAME/psext_dw_b/' ../riscv/insn_template.cc | sed 's/OPCODE/ MATCH_PSEXT_DW_B/' > psext_dw_b.cc
sed 's/NAME/psext_dw_h/' ../riscv/insn_template.cc | sed 's/OPCODE/ MATCH_PSEXT_DW_H/' > psext_dw_h.cc
sed 's/NAME/psati_dh/' ../riscv/insn_template.cc | sed 's/OPCODE/ MATCH_PSATI_DH/' > psati_dh.cc
sed 's/NAME/psati_dw/' ../riscv/insn_template.cc | sed 's/OPCODE/ MATCH_PSATI_DW/' > psati_dw.cc
sed 's/NAME/pusati_dh/' ../riscv/insn_template.cc | sed 's/OPCODE/ MATCH_PUSATI_DH/' > pusati_dh.cc
sed 's/NAME/pusati_dw/' ../riscv/insn_template.cc | sed 's/OPCODE/ MATCH_PUSATI_DW/' > pusati_dw.cc
sed 's/NAME/pslli_db/' ../riscv/insn_template.cc | sed 's/OPCODE/ MATCH_PSLLI_DB/' > pslli_db.cc
sed 's/NAME/pslli_dh/' ../riscv/insn_template.cc | sed 's/OPCODE/ MATCH_PSLLI_DH/' > pslli_dh.cc
sed 's/NAME/pslli_dw/' ../riscv/insn_template.cc | sed 's/OPCODE/ MATCH_PSLLI_DW/' > pslli_dw.cc
sed 's/NAME/psrli_db/' ../riscv/insn_template.cc | sed 's/OPCODE/ MATCH_PSRLI_DB/' > psrli_db.cc
sed 's/NAME/psrli_dh/' ../riscv/insn_template.cc | sed 's/OPCODE/ MATCH_PSRLI_DH/' > psrli_dh.cc
sed 's/NAME/psrli_dw/' ../riscv/insn_template.cc | sed 's/OPCODE/ MATCH_PSRLI_DW/' > psrli_dw.cc
sed 's/NAME/psrai_db/' ../riscv/insn_template.cc | sed 's/OPCODE/ MATCH_PSRAI_DB/' > psrai_db.cc
sed 's/NAME/psrai_dh/' ../riscv/insn_template.cc | sed 's/OPCODE/ MATCH_PSRAI_DH/' > psrai_dh.cc
sed 's/NAME/psrai_dw/' ../riscv/insn_template.cc | sed 's/OPCODE/ MATCH_PSRAI_DW/' > psrai_dw.cc
sed 's/NAME/psslai_dh/' ../riscv/insn_template.cc | sed 's/OPCODE/ MATCH_PSSLAI_DH/' > psslai_dh.cc
sed 's/NAME/psslai_dw/' ../riscv/insn_template.cc | sed 's/OPCODE/ MATCH_PSSLAI_DW/' > psslai_dw.cc
sed 's/NAME/psrari_dh/' ../riscv/insn_template.cc | sed 's/OPCODE/ MATCH_PSRARI_DH/' > psrari_dh.cc
sed 's/NAME/psrari_dw/' ../riscv/insn_template.cc | sed 's/OPCODE/ MATCH_PSRARI_DW/' > psrari_dw.cc
sed 's/NAME/psll_dbs/' ../riscv/insn_template.cc | sed 's/OPCODE/ MATCH_PSLL_DBS/' > psll_dbs.cc
sed 's/NAME/psll_dhs/' ../riscv/insn_template.cc | sed 's/OPCODE/ MATCH_PSLL_DHS/' > psll_dhs.cc
sed 's/NAME/psll_dws/' ../riscv/insn_template.cc | sed 's/OPCODE/ MATCH_PSLL_DWS/' > psll_dws.cc
sed 's/NAME/psrl_dbs/' ../riscv/insn_template.cc | sed 's/OPCODE/ MATCH_PSRL_DBS/' > psrl_dbs.cc
sed 's/NAME/psrl_dhs/' ../riscv/insn_template.cc | sed 's/OPCODE/ MATCH_PSRL_DHS/' > psrl_dhs.cc
sed 's/NAME/psrl_dws/' ../riscv/insn_template.cc | sed 's/OPCODE/ MATCH_PSRL_DWS/' > psrl_dws.cc
sed 's/NAME/psra_dbs/' ../riscv/insn_template.cc | sed 's/OPCODE/ MATCH_PSRA_DBS/' > psra_dbs.cc
sed 's/NAME/psra_dhs/' ../riscv/insn_template.cc | sed 's/OPCODE/ MATCH_PSRA_DHS/' > psra_dhs.cc
sed 's/NAME/psra_dws/' ../riscv/insn_template.cc | sed 's/OPCODE/ MATCH_PSRA_DWS/' > psra_dws.cc
sed 's/NAME/pssha_dhs/' ../riscv/insn_template.cc | sed 's/OPCODE/ MATCH_PSSHA_DHS/' > pssha_dhs.cc
sed 's/NAME/pssha_dws/' ../riscv/insn_template.cc | sed 's/OPCODE/ MATCH_PSSHA_DWS/' > pssha_dws.cc
sed 's/NAME/psshar_dhs/' ../riscv/insn_template.cc | sed 's/OPCODE/ MATCH_PSSHAR_DHS/' > psshar_dhs.cc
sed 's/NAME/psshar_dws/' ../riscv/insn_template.cc | sed 's/OPCODE/ MATCH_PSSHAR_DWS/' > psshar_dws.cc
sed 's/NAME/pwslli_b/' ../riscv/insn_template.cc | sed 's/OPCODE/ MATCH_PWSLLI_B/' > pwslli_b.cc
sed 's/NAME/pwslli_h/' ../riscv/insn_template.cc | sed 's/OPCODE/ MATCH_PWSLLI_H/' > pwslli_h.cc
sed 's/NAME/wslli/' ../riscv/insn_template.cc | sed 's/OPCODE/ MATCH_WSLLI/' > wslli.cc
sed 's/NAME/pwsll_bs/' ../riscv/insn_template.cc | sed 's/OPCODE/ MATCH_PWSLL_BS/' > pwsll_bs.cc
sed 's/NAME/pwsll_hs/' ../riscv/insn_template.cc | sed 's/OPCODE/ MATCH_PWSLL_HS/' > pwsll_hs.cc
sed 's/NAME/wsll/' ../riscv/insn_template.cc | sed 's/OPCODE/ MATCH_WSLL/' > wsll.cc
sed 's/NAME/pwslai_b/' ../riscv/insn_template.cc | sed 's/OPCODE/ MATCH_PWSLAI_B/' > pwslai_b.cc
sed 's/NAME/pwslai_h/' ../riscv/insn_template.cc | sed 's/OPCODE/ MATCH_PWSLAI_H/' > pwslai_h.cc
sed 's/NAME/wslai/' ../riscv/insn_template.cc | sed 's/OPCODE/ MATCH_WSLAI/' > wslai.cc
sed 's/NAME/pwsla_bs/' ../riscv/insn_template.cc | sed 's/OPCODE/ MATCH_PWSLA_BS/' > pwsla_bs.cc
sed 's/NAME/pwsla_hs/' ../riscv/insn_template.cc | sed 's/OPCODE/ MATCH_PWSLA_HS/' > pwsla_hs.cc
sed 's/NAME/wsla/' ../riscv/insn_template.cc | sed 's/OPCODE/ MATCH_WSLA/' > wsla.cc
sed 's/NAME/pmin_db/' ../riscv/insn_template.cc | sed 's/OPCODE/ MATCH_PMIN_DB/' > pmin_db.cc
sed 's/NAME/pmin_dh/' ../riscv/insn_template.cc | sed 's/OPCODE/ MATCH_PMIN_DH/' > pmin_dh.cc
sed 's/NAME/pmin_dw/' ../riscv/insn_template.cc | sed 's/OPCODE/ MATCH_PMIN_DW/' > pmin_dw.cc
sed 's/NAME/pminu_db/' ../riscv/insn_template.cc | sed 's/OPCODE/ MATCH_PMINU_DB/' > pminu_db.cc
sed 's/NAME/pminu_dh/' ../riscv/insn_template.cc | sed 's/OPCODE/ MATCH_PMINU_DH/' > pminu_dh.cc
sed 's/NAME/pminu_dw/' ../riscv/insn_template.cc | sed 's/OPCODE/ MATCH_PMINU_DW/' > pminu_dw.cc
sed 's/NAME/pmax_db/' ../riscv/insn_template.cc | sed 's/OPCODE/ MATCH_PMAX_DB/' > pmax_db.cc
sed 's/NAME/pmax_dh/' ../riscv/insn_template.cc | sed 's/OPCODE/ MATCH_PMAX_DH/' > pmax_dh.cc
sed 's/NAME/pmax_dw/' ../riscv/insn_template.cc | sed 's/OPCODE/ MATCH_PMAX_DW/' > pmax_dw.cc
sed 's/NAME/pmaxu_db/' ../riscv/insn_template.cc | sed 's/OPCODE/ MATCH_PMAXU_DB/' > pmaxu_db.cc
sed 's/NAME/pmaxu_dh/' ../riscv/insn_template.cc | sed 's/OPCODE/ MATCH_PMAXU_DH/' > pmaxu_dh.cc
sed 's/NAME/pmaxu_dw/' ../riscv/insn_template.cc | sed 's/OPCODE/ MATCH_PMAXU_DW/' > pmaxu_dw.cc
sed 's/NAME/pmseq_db/' ../riscv/insn_template.cc | sed 's/OPCODE/ MATCH_PMSEQ_DB/' > pmseq_db.cc
sed 's/NAME/pmseq_dh/' ../riscv/insn_template.cc | sed 's/OPCODE/ MATCH_PMSEQ_DH/' > pmseq_dh.cc
sed 's/NAME/pmseq_dw/' ../riscv/insn_template.cc | sed 's/OPCODE/ MATCH_PMSEQ_DW/' > pmseq_dw.cc
sed 's/NAME/pmslt_db/' ../riscv/insn_template.cc | sed 's/OPCODE/ MATCH_PMSLT_DB/' > pmslt_db.cc
sed 's/NAME/pmslt_dh/' ../riscv/insn_template.cc | sed 's/OPCODE/ MATCH_PMSLT_DH/' > pmslt_dh.cc
sed 's/NAME/pmslt_dw/' ../riscv/insn_template.cc | sed 's/OPCODE/ MATCH_PMSLT_DW/' > pmslt_dw.cc
sed 's/NAME/pmsltu_db/' ../riscv/insn_template.cc | sed 's/OPCODE/ MATCH_PMSLTU_DB/' > pmsltu_db.cc
sed 's/NAME/pmsltu_dh/' ../riscv/insn_template.cc | sed 's/OPCODE/ MATCH_PMSLTU_DH/' > pmsltu_dh.cc
sed 's/NAME/pmsltu_dw/' ../riscv/insn_template.cc | sed 's/OPCODE/ MATCH_PMSLTU_DW/' > pmsltu_dw.cc
sed 's/NAME/ppaire_db/' ../riscv/insn_template.cc | sed 's/OPCODE/ MATCH_PPAIRE_DB/' > ppaire_db.cc
sed 's/NAME/ppaire_dh/' ../riscv/insn_template.cc | sed 's/OPCODE/ MATCH_PPAIRE_DH/' > ppaire_dh.cc
sed 's/NAME/ppaireo_db/' ../riscv/insn_template.cc | sed 's/OPCODE/ MATCH_PPAIREO_DB/' > ppaireo_db.cc
sed 's/NAME/ppaireo_dh/' ../riscv/insn_template.cc | sed 's/OPCODE/ MATCH_PPAIREO_DH/' > ppaireo_dh.cc
sed 's/NAME/ppairoe_db/' ../riscv/insn_template.cc | sed 's/OPCODE/ MATCH_PPAIROE_DB/' > ppairoe_db.cc
sed 's/NAME/ppairoe_dh/' ../riscv/insn_template.cc | sed 's/OPCODE/ MATCH_PPAIROE_DH/' > ppairoe_dh.cc
sed 's/NAME/ppairo_db/' ../riscv/insn_template.cc | sed 's/OPCODE/ MATCH_PPAIRO_DB/' > ppairo_db.cc
sed 's/NAME/ppairo_dh/' ../riscv/insn_template.cc | sed 's/OPCODE/ MATCH_PPAIRO_DH/' > ppairo_dh.cc
sed 's/NAME/wzip8p/' ../riscv/insn_template.cc | sed 's/OPCODE/ MATCH_WZIP8P/' > wzip8p.cc
sed 's/NAME/wzip16p/' ../riscv/insn_template.cc | sed 's/OPCODE/ MATCH_WZIP16P/' > wzip16p.cc
sed 's/NAME/pnsrli_b/' ../riscv/insn_template.cc | sed 's/OPCODE/ MATCH_PNSRLI_B/' > pnsrli_b.cc
sed 's/NAME/pnsrli_h/' ../riscv/insn_template.cc | sed 's/OPCODE/ MATCH_PNSRLI_H/' > pnsrli_h.cc
sed 's/NAME/nsrli/' ../riscv/insn_template.cc | sed 's/OPCODE/ MATCH_NSRLI/' > nsrli.cc
sed 's/NAME/pnsrl_bs/' ../riscv/insn_template.cc | sed 's/OPCODE/ MATCH_PNSRL_BS/' > pnsrl_bs.cc
sed 's/NAME/pnsrl_hs/' ../riscv/insn_template.cc | sed 's/OPCODE/ MATCH_PNSRL_HS/' > pnsrl_hs.cc
sed 's/NAME/nsrl/' ../riscv/insn_template.cc | sed 's/OPCODE/ MATCH_NSRL/' > nsrl.cc
sed 's/NAME/pnsrai_b/' ../riscv/insn_template.cc | sed 's/OPCODE/ MATCH_PNSRAI_B/' > pnsrai_b.cc
sed 's/NAME/pnsrai_h/' ../riscv/insn_template.cc | sed 's/OPCODE/ MATCH_PNSRAI_H/' > pnsrai_h.cc
sed 's/NAME/nsrai/' ../riscv/insn_template.cc | sed 's/OPCODE/ MATCH_NSRAI/' > nsrai.cc
sed 's/NAME/pnsra_bs/' ../riscv/insn_template.cc | sed 's/OPCODE/ MATCH_PNSRA_BS/' > pnsra_bs.cc
sed 's/NAME/pnsra_hs/' ../riscv/insn_template.cc | sed 's/OPCODE/ MATCH_PNSRA_HS/' > pnsra_hs.cc
sed 's/NAME/nsra/' ../riscv/insn_template.cc | sed 's/OPCODE/ MATCH_NSRA/' > nsra.cc
sed 's/NAME/pnsrari_b/' ../riscv/insn_template.cc | sed 's/OPCODE/ MATCH_PNSRARI_B/' > pnsrari_b.cc
sed 's/NAME/pnsrari_h/' ../riscv/insn_template.cc | sed 's/OPCODE/ MATCH_PNSRARI_H/' > pnsrari_h.cc
sed 's/NAME/nsrari/' ../riscv/insn_template.cc | sed 's/OPCODE/ MATCH_NSRARI/' > nsrari.cc
sed 's/NAME/pnsrar_bs/' ../riscv/insn_template.cc | sed 's/OPCODE/ MATCH_PNSRAR_BS/' > pnsrar_bs.cc
sed 's/NAME/pnsrar_hs/' ../riscv/insn_template.cc | sed 's/OPCODE/ MATCH_PNSRAR_HS/' > pnsrar_hs.cc
sed 's/NAME/nsrar/' ../riscv/insn_template.cc | sed 's/OPCODE/ MATCH_NSRAR/' > nsrar.cc
sed 's/NAME/pnclipi_b/' ../riscv/insn_template.cc | sed 's/OPCODE/ MATCH_PNCLIPI_B/' > pnclipi_b.cc
sed 's/NAME/pnclipi_h/' ../riscv/insn_template.cc | sed 's/OPCODE/ MATCH_PNCLIPI_H/' > pnclipi_h.cc
sed 's/NAME/nclipi/' ../riscv/insn_template.cc | sed 's/OPCODE/ MATCH_NCLIPI/' > nclipi.cc
sed 's/NAME/pnclip_bs/' ../riscv/insn_template.cc | sed 's/OPCODE/ MATCH_PNCLIP_BS/' > pnclip_bs.cc
sed 's/NAME/pnclip_hs/' ../riscv/insn_template.cc | sed 's/OPCODE/ MATCH_PNCLIP_HS/' > pnclip_hs.cc
sed 's/NAME/nclip/' ../riscv/insn_template.cc | sed 's/OPCODE/ MATCH_NCLIP/' > nclip.cc
sed 's/NAME/pnclipri_b/' ../riscv/insn_template.cc | sed 's/OPCODE/ MATCH_PNCLIPRI_B/' > pnclipri_b.cc
sed 's/NAME/pnclipri_h/' ../riscv/insn_template.cc | sed 's/OPCODE/ MATCH_PNCLIPRI_H/' > pnclipri_h.cc
sed 's/NAME/nclipri/' ../riscv/insn_template.cc | sed 's/OPCODE/ MATCH_NCLIPRI/' > nclipri.cc
sed 's/NAME/pnclipr_bs/' ../riscv/insn_template.cc | sed 's/OPCODE/ MATCH_PNCLIPR_BS/' > pnclipr_bs.cc
sed 's/NAME/pnclipr_hs/' ../riscv/insn_template.cc | sed 's/OPCODE/ MATCH_PNCLIPR_HS/' > pnclipr_hs.cc
sed 's/NAME/nclipr/' ../riscv/insn_template.cc | sed 's/OPCODE/ MATCH_NCLIPR/' > nclipr.cc
sed 's/NAME/pnclipiu_b/' ../riscv/insn_template.cc | sed 's/OPCODE/ MATCH_PNCLIPIU_B/' > pnclipiu_b.cc
sed 's/NAME/pnclipiu_h/' ../riscv/insn_template.cc | sed 's/OPCODE/ MATCH_PNCLIPIU_H/' > pnclipiu_h.cc
sed 's/NAME/nclipiu/' ../riscv/insn_template.cc | sed 's/OPCODE/ MATCH_NCLIPIU/' > nclipiu.cc
sed 's/NAME/pnclipu_bs/' ../riscv/insn_template.cc | sed 's/OPCODE/ MATCH_PNCLIPU_BS/' > pnclipu_bs.cc
sed 's/NAME/pnclipu_hs/' ../riscv/insn_template.cc | sed 's/OPCODE/ MATCH_PNCLIPU_HS/' > pnclipu_hs.cc
sed 's/NAME/nclipu/' ../riscv/insn_template.cc | sed 's/OPCODE/ MATCH_NCLIPU/' > nclipu.cc
sed 's/NAME/pnclipriu_b/' ../riscv/insn_template.cc | sed 's/OPCODE/ MATCH_PNCLIPRIU_B/' > pnclipriu_b.cc
sed 's/NAME/pnclipriu_h/' ../riscv/insn_template.cc | sed 's/OPCODE/ MATCH_PNCLIPRIU_H/' > pnclipriu_h.cc
sed 's/NAME/nclipriu/' ../riscv/insn_template.cc | sed 's/OPCODE/ MATCH_NCLIPRIU/' > nclipriu.cc
sed 's/NAME/pnclipru_bs/' ../riscv/insn_template.cc | sed 's/OPCODE/ MATCH_PNCLIPRU_BS/' > pnclipru_bs.cc
sed 's/NAME/pnclipru_hs/' ../riscv/insn_template.cc | sed 's/OPCODE/ MATCH_PNCLIPRU_HS/' > pnclipru_hs.cc
sed 's/NAME/nclipru/' ../riscv/insn_template.cc | sed 's/OPCODE/ MATCH_NCLIPRU/' > nclipru.cc
sed 's/NAME/pwmul_b/' ../riscv/insn_template.cc | sed 's/OPCODE/ MATCH_PWMUL_B/' > pwmul_b.cc
sed 's/NAME/pwmul_h/' ../riscv/insn_template.cc | sed 's/OPCODE/ MATCH_PWMUL_H/' > pwmul_h.cc
sed 's/NAME/wmul/' ../riscv/insn_template.cc | sed 's/OPCODE/ MATCH_WMUL/' > wmul.cc
sed 's/NAME/pwmulsu_b/' ../riscv/insn_template.cc | sed 's/OPCODE/ MATCH_PWMULSU_B/' > pwmulsu_b.cc
sed 's/NAME/pwmulsu_h/' ../riscv/insn_template.cc | sed 's/OPCODE/ MATCH_PWMULSU_H/' > pwmulsu_h.cc
sed 's/NAME/wmulsu/' ../riscv/insn_template.cc | sed 's/OPCODE/ MATCH_WMULSU/' > wmulsu.cc
sed 's/NAME/pwmulu_b/' ../riscv/insn_template.cc | sed 's/OPCODE/ MATCH_PWMULU_B/' > pwmulu_b.cc
sed 's/NAME/pwmulu_h/' ../riscv/insn_template.cc | sed 's/OPCODE/ MATCH_PWMULU_H/' > pwmulu_h.cc
sed 's/NAME/wmulu/' ../riscv/insn_template.cc | sed 's/OPCODE/ MATCH_WMULU/' > wmulu.cc
sed 's/NAME/pmqwacc_h/' ../riscv/insn_template.cc | sed 's/OPCODE/ MATCH_PMQWACC_H/' > pmqwacc_h.cc
sed 's/NAME/mqwacc/' ../riscv/insn_template.cc | sed 's/OPCODE/ MATCH_MQWACC/' > mqwacc.cc
sed 's/NAME/pmqrwacc_h/' ../riscv/insn_template.cc | sed 's/OPCODE/ MATCH_PMQRWACC_H/' > pmqrwacc_h.cc
sed 's/NAME/mqrwacc/' ../riscv/insn_template.cc | sed 's/OPCODE/ MATCH_MQRWACC/' > mqrwacc.cc
sed 's/NAME/pwmacc_h/' ../riscv/insn_template.cc | sed 's/OPCODE/ MATCH_PWMACC_H/' > pwmacc_h.cc
sed 's/NAME/wmacc/' ../riscv/insn_template.cc | sed 's/OPCODE/ MATCH_WMACC/' > wmacc.cc
sed 's/NAME/pwmaccsu_h/' ../riscv/insn_template.cc | sed 's/OPCODE/ MATCH_PWMACCSU_H/' > pwmaccsu_h.cc
sed 's/NAME/wmaccsu/' ../riscv/insn_template.cc | sed 's/OPCODE/ MATCH_WMACCSU/' > wmaccsu.cc
sed 's/NAME/pwmaccu_h/' ../riscv/insn_template.cc | sed 's/OPCODE/ MATCH_PWMACCU_H/' > pwmaccu_h.cc
sed 's/NAME/wmaccu/' ../riscv/insn_template.cc | sed 's/OPCODE/ MATCH_WMACCU/' > wmaccu.cc
sed 's/NAME/pm2wadd_h/' ../riscv/insn_template.cc | sed 's/OPCODE/ MATCH_PM2WADD_H/' > pm2wadd_h.cc
sed 's/NAME/pm2wadda_h/' ../riscv/insn_template.cc | sed 's/OPCODE/ MATCH_PM2WADDA_H/' > pm2wadda_h.cc
sed 's/NAME/pm2waddsu_h/' ../riscv/insn_template.cc | sed 's/OPCODE/ MATCH_PM2WADDSU_H/' > pm2waddsu_h.cc
sed 's/NAME/pm2waddasu_h/' ../riscv/insn_template.cc | sed 's/OPCODE/ MATCH_PM2WADDASU_H/' > pm2waddasu_h.cc
sed 's/NAME/pm2waddu_h/' ../riscv/insn_template.cc | sed 's/OPCODE/ MATCH_PM2WADDU_H/' > pm2waddu_h.cc
sed 's/NAME/pm2waddau_h/' ../riscv/insn_template.cc | sed 's/OPCODE/ MATCH_PM2WADDAU_H/' > pm2waddau_h.cc
sed 's/NAME/pm2wadd_hx/' ../riscv/insn_template.cc | sed 's/OPCODE/ MATCH_PM2WADD_HX/' > pm2wadd_hx.cc
sed 's/NAME/pm2wadda_hx/' ../riscv/insn_template.cc | sed 's/OPCODE/ MATCH_PM2WADDA_HX/' > pm2wadda_hx.cc
sed 's/NAME/pm2wsub_h/' ../riscv/insn_template.cc | sed 's/OPCODE/ MATCH_PM2WSUB_H/' > pm2wsub_h.cc
sed 's/NAME/pm2wsuba_h/' ../riscv/insn_template.cc | sed 's/OPCODE/ MATCH_PM2WSUBA_H/' > pm2wsuba_h.cc
sed 's/NAME/pm2wsub_hx/' ../riscv/insn_template.cc | sed 's/OPCODE/ MATCH_PM2WSUB_HX/' > pm2wsub_hx.cc
sed 's/NAME/pm2wsuba_hx/' ../riscv/insn_template.cc | sed 's/OPCODE/ MATCH_PM2WSUBA_HX/' > pm2wsuba_hx.cc
sed 's/NAME/pli_w/' ../riscv/insn_template.cc | sed 's/OPCODE/ MATCH_PLI_W/' > pli_w.cc
sed 's/NAME/plui_w/' ../riscv/insn_template.cc | sed 's/OPCODE/ MATCH_PLUI_W/' > plui_w.cc
sed 's/NAME/paadd_w/' ../riscv/insn_template.cc | sed 's/OPCODE/ MATCH_PAADD_W/' > paadd_w.cc
sed 's/NAME/paaddu_w/' ../riscv/insn_template.cc | sed 's/OPCODE/ MATCH_PAADDU_W/' > paaddu_w.cc
sed 's/NAME/padd_w/' ../riscv/insn_template.cc | sed 's/OPCODE/ MATCH_PADD_W/' > padd_w.cc
sed 's/NAME/padd_ws/' ../riscv/insn_template.cc | sed 's/OPCODE/ MATCH_PADD_WS/' > padd_ws.cc
sed 's/NAME/pasub_w/' ../riscv/insn_template.cc | sed 's/OPCODE/ MATCH_PASUB_W/' > pasub_w.cc
sed 's/NAME/pasubu_w/' ../riscv/insn_template.cc | sed 's/OPCODE/ MATCH_PASUBU_W/' > pasubu_w.cc
sed 's/NAME/psadd_w/' ../riscv/insn_template.cc | sed 's/OPCODE/ MATCH_PSADD_W/' > psadd_w.cc
sed 's/NAME/psaddu_w/' ../riscv/insn_template.cc | sed 's/OPCODE/ MATCH_PSADDU_W/' > psaddu_w.cc
sed 's/NAME/psh1add_w/' ../riscv/insn_template.cc | sed 's/OPCODE/ MATCH_PSH1ADD_W/' > psh1add_w.cc
sed 's/NAME/pssh1sadd_w/' ../riscv/insn_template.cc | sed 's/OPCODE/ MATCH_PSSH1SADD_W/' > pssh1sadd_w.cc
sed 's/NAME/pssub_w/' ../riscv/insn_template.cc | sed 's/OPCODE/ MATCH_PSSUB_W/' > pssub_w.cc
sed 's/NAME/pssubu_w/' ../riscv/insn_template.cc | sed 's/OPCODE/ MATCH_PSSUBU_W/' > pssubu_w.cc
sed 's/NAME/psub_w/' ../riscv/insn_template.cc | sed 's/OPCODE/ MATCH_PSUB_W/' > psub_w.cc
sed 's/NAME/paas_wx/' ../riscv/insn_template.cc | sed 's/OPCODE/ MATCH_PAAS_WX/' > paas_wx.cc
sed 's/NAME/pas_wx/' ../riscv/insn_template.cc | sed 's/OPCODE/ MATCH_PAS_WX/' > pas_wx.cc
sed 's/NAME/pasa_wx/' ../riscv/insn_template.cc | sed 's/OPCODE/ MATCH_PASA_WX/' > pasa_wx.cc
sed 's/NAME/psa_wx/' ../riscv/insn_template.cc | sed 's/OPCODE/ MATCH_PSA_WX/' > psa_wx.cc
sed 's/NAME/psas_wx/' ../riscv/insn_template.cc | sed 's/OPCODE/ MATCH_PSAS_WX/' > psas_wx.cc
sed 's/NAME/pssa_wx/' ../riscv/insn_template.cc | sed 's/OPCODE/ MATCH_PSSA_WX/' > pssa_wx.cc
sed 's/NAME/predsum_ws/' ../riscv/insn_template.cc | sed 's/OPCODE/ MATCH_PREDSUM_WS/' > predsum_ws.cc
sed 's/NAME/predsumu_ws/' ../riscv/insn_template.cc | sed 's/OPCODE/ MATCH_PREDSUMU_WS/' > predsumu_ws.cc
sed 's/NAME/psati_w/' ../riscv/insn_template.cc | sed 's/OPCODE/ MATCH_PSATI_W/' > psati_w.cc
sed 's/NAME/psext_w_b/' ../riscv/insn_template.cc | sed 's/OPCODE/ MATCH_PSEXT_W_B/' > psext_w_b.cc
sed 's/NAME/psext_w_h/' ../riscv/insn_template.cc | sed 's/OPCODE/ MATCH_PSEXT_W_H/' > psext_w_h.cc
sed 's/NAME/pusati_w/' ../riscv/insn_template.cc | sed 's/OPCODE/ MATCH_PUSATI_W/' > pusati_w.cc
sed 's/NAME/psll_ws/' ../riscv/insn_template.cc | sed 's/OPCODE/ MATCH_PSLL_WS/' > psll_ws.cc
sed 's/NAME/pslli_w/' ../riscv/insn_template.cc | sed 's/OPCODE/ MATCH_PSLLI_W/' > pslli_w.cc
sed 's/NAME/psra_ws/' ../riscv/insn_template.cc | sed 's/OPCODE/ MATCH_PSRA_WS/' > psra_ws.cc
sed 's/NAME/psrai_w/' ../riscv/insn_template.cc | sed 's/OPCODE/ MATCH_PSRAI_W/' > psrai_w.cc
sed 's/NAME/psrari_w/' ../riscv/insn_template.cc | sed 's/OPCODE/ MATCH_PSRARI_W/' > psrari_w.cc
sed 's/NAME/psrl_ws/' ../riscv/insn_template.cc | sed 's/OPCODE/ MATCH_PSRL_WS/' > psrl_ws.cc
sed 's/NAME/psrli_w/' ../riscv/insn_template.cc | sed 's/OPCODE/ MATCH_PSRLI_W/' > psrli_w.cc
sed 's/NAME/pssha_ws/' ../riscv/insn_template.cc | sed 's/OPCODE/ MATCH_PSSHA_WS/' > pssha_ws.cc
sed 's/NAME/psshar_ws/' ../riscv/insn_template.cc | sed 's/OPCODE/ MATCH_PSSHAR_WS/' > psshar_ws.cc
sed 's/NAME/psslai_w/' ../riscv/insn_template.cc | sed 's/OPCODE/ MATCH_PSSLAI_W/' > psslai_w.cc
sed 's/NAME/sha/' ../riscv/insn_template.cc | sed 's/OPCODE/ MATCH_SHA/' > sha.cc
sed 's/NAME/shar/' ../riscv/insn_template.cc | sed 's/OPCODE/ MATCH_SHAR/' > shar.cc
sed 's/NAME/pmax_w/' ../riscv/insn_template.cc | sed 's/OPCODE/ MATCH_PMAX_W/' > pmax_w.cc
sed 's/NAME/pmaxu_w/' ../riscv/insn_template.cc | sed 's/OPCODE/ MATCH_PMAXU_W/' > pmaxu_w.cc
sed 's/NAME/pmin_w/' ../riscv/insn_template.cc | sed 's/OPCODE/ MATCH_PMIN_W/' > pmin_w.cc
sed 's/NAME/pminu_w/' ../riscv/insn_template.cc | sed 's/OPCODE/ MATCH_PMINU_W/' > pminu_w.cc
sed 's/NAME/pmseq_w/' ../riscv/insn_template.cc | sed 's/OPCODE/ MATCH_PMSEQ_W/' > pmseq_w.cc
sed 's/NAME/pmslt_w/' ../riscv/insn_template.cc | sed 's/OPCODE/ MATCH_PMSLT_W/' > pmslt_w.cc
sed 's/NAME/pmsltu_w/' ../riscv/insn_template.cc | sed 's/OPCODE/ MATCH_PMSLTU_W/' > pmsltu_w.cc
sed 's/NAME/ppaire_h/' ../riscv/insn_template.cc | sed 's/OPCODE/ MATCH_PPAIRE_H/' > ppaire_h.cc
sed 's/NAME/ppaireo_w/' ../riscv/insn_template.cc | sed 's/OPCODE/ MATCH_PPAIREO_W/' > ppaireo_w.cc
sed 's/NAME/ppairo_w/' ../riscv/insn_template.cc | sed 's/OPCODE/ MATCH_PPAIRO_W/' > ppairo_w.cc
sed 's/NAME/ppairoe_w/' ../riscv/insn_template.cc | sed 's/OPCODE/ MATCH_PPAIROE_W/' > ppairoe_w.cc
sed 's/NAME/rev/' ../riscv/insn_template.cc | sed 's/OPCODE/ MATCH_REV/' > rev.cc
sed 's/NAME/rev16/' ../riscv/insn_template.cc | sed 's/OPCODE/ MATCH_REV16/' > rev16.cc
sed 's/NAME/rev_rv32/' ../riscv/insn_template.cc | sed 's/OPCODE/ MATCH_REV_RV32/' > rev_rv32.cc
sed 's/NAME/unzip16hp/' ../riscv/insn_template.cc | sed 's/OPCODE/ MATCH_UNZIP16HP/' > unzip16hp.cc
sed 's/NAME/unzip16p/' ../riscv/insn_template.cc | sed 's/OPCODE/ MATCH_UNZIP16P/' > unzip16p.cc
sed 's/NAME/unzip8hp/' ../riscv/insn_template.cc | sed 's/OPCODE/ MATCH_UNZIP8HP/' > unzip8hp.cc
sed 's/NAME/unzip8p/' ../riscv/insn_template.cc | sed 's/OPCODE/ MATCH_UNZIP8P/' > unzip8p.cc
sed 's/NAME/zip16hp/' ../riscv/insn_template.cc | sed 's/OPCODE/ MATCH_ZIP16HP/' > zip16hp.cc
sed 's/NAME/zip16p/' ../riscv/insn_template.cc | sed 's/OPCODE/ MATCH_ZIP16P/' > zip16p.cc
sed 's/NAME/zip8hp/' ../riscv/insn_template.cc | sed 's/OPCODE/ MATCH_ZIP8HP/' > zip8hp.cc
sed 's/NAME/zip8p/' ../riscv/insn_template.cc | sed 's/OPCODE/ MATCH_ZIP8P/' > zip8p.cc
sed 's/NAME/absw/' ../riscv/insn_template.cc | sed 's/OPCODE/ MATCH_ABSW/' > absw.cc
sed 's/NAME/clsw/' ../riscv/insn_template.cc | sed 's/OPCODE/ MATCH_CLSW/' > clsw.cc
sed 's/NAME/mul_w00/' ../riscv/insn_template.cc | sed 's/OPCODE/ MATCH_MUL_W00/' > mul_w00.cc
sed 's/NAME/mul_w01/' ../riscv/insn_template.cc | sed 's/OPCODE/ MATCH_MUL_W01/' > mul_w01.cc
sed 's/NAME/mul_w11/' ../riscv/insn_template.cc | sed 's/OPCODE/ MATCH_MUL_W11/' > mul_w11.cc
sed 's/NAME/mulsu_w00/' ../riscv/insn_template.cc | sed 's/OPCODE/ MATCH_MULSU_W00/' > mulsu_w00.cc
sed 's/NAME/mulsu_w11/' ../riscv/insn_template.cc | sed 's/OPCODE/ MATCH_MULSU_W11/' > mulsu_w11.cc
sed 's/NAME/mulu_w00/' ../riscv/insn_template.cc | sed 's/OPCODE/ MATCH_MULU_W00/' > mulu_w00.cc
sed 's/NAME/mulu_w01/' ../riscv/insn_template.cc | sed 's/OPCODE/ MATCH_MULU_W01/' > mulu_w01.cc
sed 's/NAME/mulu_w11/' ../riscv/insn_template.cc | sed 's/OPCODE/ MATCH_MULU_W11/' > mulu_w11.cc
sed 's/NAME/pmul_w_h00/' ../riscv/insn_template.cc | sed 's/OPCODE/ MATCH_PMUL_W_H00/' > pmul_w_h00.cc
sed 's/NAME/pmul_w_h01/' ../riscv/insn_template.cc | sed 's/OPCODE/ MATCH_PMUL_W_H01/' > pmul_w_h01.cc
sed 's/NAME/pmul_w_h11/' ../riscv/insn_template.cc | sed 's/OPCODE/ MATCH_PMUL_W_H11/' > pmul_w_h11.cc
sed 's/NAME/pmulh_w/' ../riscv/insn_template.cc | sed 's/OPCODE/ MATCH_PMULH_W/' > pmulh_w.cc
sed 's/NAME/pmulh_w_h0/' ../riscv/insn_template.cc | sed 's/OPCODE/ MATCH_PMULH_W_H0/' > pmulh_w_h0.cc
sed 's/NAME/pmulh_w_h1/' ../riscv/insn_template.cc | sed 's/OPCODE/ MATCH_PMULH_W_H1/' > pmulh_w_h1.cc
sed 's/NAME/pmulhr_w/' ../riscv/insn_template.cc | sed 's/OPCODE/ MATCH_PMULHR_W/' > pmulhr_w.cc
sed 's/NAME/pmulhrsu_w/' ../riscv/insn_template.cc | sed 's/OPCODE/ MATCH_PMULHRSU_W/' > pmulhrsu_w.cc
sed 's/NAME/pmulhru_w/' ../riscv/insn_template.cc | sed 's/OPCODE/ MATCH_PMULHRU_W/' > pmulhru_w.cc
sed 's/NAME/pmulhsu_w/' ../riscv/insn_template.cc | sed 's/OPCODE/ MATCH_PMULHSU_W/' > pmulhsu_w.cc
sed 's/NAME/pmulhsu_w_h0/' ../riscv/insn_template.cc | sed 's/OPCODE/ MATCH_PMULHSU_W_H0/' > pmulhsu_w_h0.cc
sed 's/NAME/pmulhsu_w_h1/' ../riscv/insn_template.cc | sed 's/OPCODE/ MATCH_PMULHSU_W_H1/' > pmulhsu_w_h1.cc
sed 's/NAME/pmulhu_w/' ../riscv/insn_template.cc | sed 's/OPCODE/ MATCH_PMULHU_W/' > pmulhu_w.cc
sed 's/NAME/pmulq_w/' ../riscv/insn_template.cc | sed 's/OPCODE/ MATCH_PMULQ_W/' > pmulq_w.cc
sed 's/NAME/pmulqr_w/' ../riscv/insn_template.cc | sed 's/OPCODE/ MATCH_PMULQR_W/' > pmulqr_w.cc
sed 's/NAME/pmulsu_w_h00/' ../riscv/insn_template.cc | sed 's/OPCODE/ MATCH_PMULSU_W_H00/' > pmulsu_w_h00.cc
sed 's/NAME/pmulsu_w_h11/' ../riscv/insn_template.cc | sed 's/OPCODE/ MATCH_PMULSU_W_H11/' > pmulsu_w_h11.cc
sed 's/NAME/pmulu_w_h00/' ../riscv/insn_template.cc | sed 's/OPCODE/ MATCH_PMULU_W_H00/' > pmulu_w_h00.cc
sed 's/NAME/pmulu_w_h01/' ../riscv/insn_template.cc | sed 's/OPCODE/ MATCH_PMULU_W_H01/' > pmulu_w_h01.cc
sed 's/NAME/pmulu_w_h11/' ../riscv/insn_template.cc | sed 's/OPCODE/ MATCH_PMULU_W_H11/' > pmulu_w_h11.cc
sed 's/NAME/macc_w00/' ../riscv/insn_template.cc | sed 's/OPCODE/ MATCH_MACC_W00/' > macc_w00.cc
sed 's/NAME/macc_w01/' ../riscv/insn_template.cc | sed 's/OPCODE/ MATCH_MACC_W01/' > macc_w01.cc
sed 's/NAME/macc_w11/' ../riscv/insn_template.cc | sed 's/OPCODE/ MATCH_MACC_W11/' > macc_w11.cc
sed 's/NAME/maccsu_w00/' ../riscv/insn_template.cc | sed 's/OPCODE/ MATCH_MACCSU_W00/' > maccsu_w00.cc
sed 's/NAME/maccsu_w11/' ../riscv/insn_template.cc | sed 's/OPCODE/ MATCH_MACCSU_W11/' > maccsu_w11.cc
sed 's/NAME/maccu_w00/' ../riscv/insn_template.cc | sed 's/OPCODE/ MATCH_MACCU_W00/' > maccu_w00.cc
sed 's/NAME/maccu_w01/' ../riscv/insn_template.cc | sed 's/OPCODE/ MATCH_MACCU_W01/' > maccu_w01.cc
sed 's/NAME/maccu_w11/' ../riscv/insn_template.cc | sed 's/OPCODE/ MATCH_MACCU_W11/' > maccu_w11.cc
sed 's/NAME/mqacc_w00/' ../riscv/insn_template.cc | sed 's/OPCODE/ MATCH_MQACC_W00/' > mqacc_w00.cc
sed 's/NAME/mqacc_w01/' ../riscv/insn_template.cc | sed 's/OPCODE/ MATCH_MQACC_W01/' > mqacc_w01.cc
sed 's/NAME/mqacc_w11/' ../riscv/insn_template.cc | sed 's/OPCODE/ MATCH_MQACC_W11/' > mqacc_w11.cc
sed 's/NAME/mqracc_w00/' ../riscv/insn_template.cc | sed 's/OPCODE/ MATCH_MQRACC_W00/' > mqracc_w00.cc
sed 's/NAME/mqracc_w01/' ../riscv/insn_template.cc | sed 's/OPCODE/ MATCH_MQRACC_W01/' > mqracc_w01.cc
sed 's/NAME/mqracc_w11/' ../riscv/insn_template.cc | sed 's/OPCODE/ MATCH_MQRACC_W11/' > mqracc_w11.cc
sed 's/NAME/pmacc_w_h00/' ../riscv/insn_template.cc | sed 's/OPCODE/ MATCH_PMACC_W_H00/' > pmacc_w_h00.cc
sed 's/NAME/pmacc_w_h01/' ../riscv/insn_template.cc | sed 's/OPCODE/ MATCH_PMACC_W_H01/' > pmacc_w_h01.cc
sed 's/NAME/pmacc_w_h11/' ../riscv/insn_template.cc | sed 's/OPCODE/ MATCH_PMACC_W_H11/' > pmacc_w_h11.cc
sed 's/NAME/pmaccsu_w_h00/' ../riscv/insn_template.cc | sed 's/OPCODE/ MATCH_PMACCSU_W_H00/' > pmaccsu_w_h00.cc
sed 's/NAME/pmaccsu_w_h11/' ../riscv/insn_template.cc | sed 's/OPCODE/ MATCH_PMACCSU_W_H11/' > pmaccsu_w_h11.cc
sed 's/NAME/pmaccu_w_h00/' ../riscv/insn_template.cc | sed 's/OPCODE/ MATCH_PMACCU_W_H00/' > pmaccu_w_h00.cc
sed 's/NAME/pmaccu_w_h01/' ../riscv/insn_template.cc | sed 's/OPCODE/ MATCH_PMACCU_W_H01/' > pmaccu_w_h01.cc
sed 's/NAME/pmaccu_w_h11/' ../riscv/insn_template.cc | sed 's/OPCODE/ MATCH_PMACCU_W_H11/' > pmaccu_w_h11.cc
sed 's/NAME/pmhacc_w/' ../riscv/insn_template.cc | sed 's/OPCODE/ MATCH_PMHACC_W/' > pmhacc_w.cc
sed 's/NAME/pmhacc_w_h0/' ../riscv/insn_template.cc | sed 's/OPCODE/ MATCH_PMHACC_W_H0/' > pmhacc_w_h0.cc
sed 's/NAME/pmhacc_w_h1/' ../riscv/insn_template.cc | sed 's/OPCODE/ MATCH_PMHACC_W_H1/' > pmhacc_w_h1.cc
sed 's/NAME/pmhaccsu_w/' ../riscv/insn_template.cc | sed 's/OPCODE/ MATCH_PMHACCSU_W/' > pmhaccsu_w.cc
sed 's/NAME/pmhaccsu_w_h0/' ../riscv/insn_template.cc | sed 's/OPCODE/ MATCH_PMHACCSU_W_H0/' > pmhaccsu_w_h0.cc
sed 's/NAME/pmhaccsu_w_h1/' ../riscv/insn_template.cc | sed 's/OPCODE/ MATCH_PMHACCSU_W_H1/' > pmhaccsu_w_h1.cc
sed 's/NAME/pmhaccu_w/' ../riscv/insn_template.cc | sed 's/OPCODE/ MATCH_PMHACCU_W/' > pmhaccu_w.cc
sed 's/NAME/pmhracc_w/' ../riscv/insn_template.cc | sed 's/OPCODE/ MATCH_PMHRACC_W/' > pmhracc_w.cc
sed 's/NAME/pmhraccsu_w/' ../riscv/insn_template.cc | sed 's/OPCODE/ MATCH_PMHRACCSU_W/' > pmhraccsu_w.cc
sed 's/NAME/pmhraccu_w/' ../riscv/insn_template.cc | sed 's/OPCODE/ MATCH_PMHRACCU_W/' > pmhraccu_w.cc
sed 's/NAME/pmqacc_w_h00/' ../riscv/insn_template.cc | sed 's/OPCODE/ MATCH_PMQACC_W_H00/' > pmqacc_w_h00.cc
sed 's/NAME/pmqacc_w_h01/' ../riscv/insn_template.cc | sed 's/OPCODE/ MATCH_PMQACC_W_H01/' > pmqacc_w_h01.cc
sed 's/NAME/pmqacc_w_h11/' ../riscv/insn_template.cc | sed 's/OPCODE/ MATCH_PMQACC_W_H11/' > pmqacc_w_h11.cc
sed 's/NAME/pmqracc_w_h00/' ../riscv/insn_template.cc | sed 's/OPCODE/ MATCH_PMQRACC_W_H00/' > pmqracc_w_h00.cc
sed 's/NAME/pmqracc_w_h01/' ../riscv/insn_template.cc | sed 's/OPCODE/ MATCH_PMQRACC_W_H01/' > pmqracc_w_h01.cc
sed 's/NAME/pmqracc_w_h11/' ../riscv/insn_template.cc | sed 's/OPCODE/ MATCH_PMQRACC_W_H11/' > pmqracc_w_h11.cc
sed 's/NAME/pm2add_w/' ../riscv/insn_template.cc | sed 's/OPCODE/ MATCH_PM2ADD_W/' > pm2add_w.cc
sed 's/NAME/pm2add_wx/' ../riscv/insn_template.cc | sed 's/OPCODE/ MATCH_PM2ADD_WX/' > pm2add_wx.cc
sed 's/NAME/pm2adda_w/' ../riscv/insn_template.cc | sed 's/OPCODE/ MATCH_PM2ADDA_W/' > pm2adda_w.cc
sed 's/NAME/pm2adda_wx/' ../riscv/insn_template.cc | sed 's/OPCODE/ MATCH_PM2ADDA_WX/' > pm2adda_wx.cc
sed 's/NAME/pm2addasu_w/' ../riscv/insn_template.cc | sed 's/OPCODE/ MATCH_PM2ADDASU_W/' > pm2addasu_w.cc
sed 's/NAME/pm2addau_w/' ../riscv/insn_template.cc | sed 's/OPCODE/ MATCH_PM2ADDAU_W/' > pm2addau_w.cc
sed 's/NAME/pm2addsu_w/' ../riscv/insn_template.cc | sed 's/OPCODE/ MATCH_PM2ADDSU_W/' > pm2addsu_w.cc
sed 's/NAME/pm2addu_w/' ../riscv/insn_template.cc | sed 's/OPCODE/ MATCH_PM2ADDU_W/' > pm2addu_w.cc
sed 's/NAME/pm2sub_w/' ../riscv/insn_template.cc | sed 's/OPCODE/ MATCH_PM2SUB_W/' > pm2sub_w.cc
sed 's/NAME/pm2sub_wx/' ../riscv/insn_template.cc | sed 's/OPCODE/ MATCH_PM2SUB_WX/' > pm2sub_wx.cc
sed 's/NAME/pm2suba_w/' ../riscv/insn_template.cc | sed 's/OPCODE/ MATCH_PM2SUBA_W/' > pm2suba_w.cc
sed 's/NAME/pm2suba_wx/' ../riscv/insn_template.cc | sed 's/OPCODE/ MATCH_PM2SUBA_WX/' > pm2suba_wx.cc
sed 's/NAME/pm4add_h/' ../riscv/insn_template.cc | sed 's/OPCODE/ MATCH_PM4ADD_H/' > pm4add_h.cc
sed 's/NAME/pm4adda_h/' ../riscv/insn_template.cc | sed 's/OPCODE/ MATCH_PM4ADDA_H/' > pm4adda_h.cc
sed 's/NAME/pm4addasu_h/' ../riscv/insn_template.cc | sed 's/OPCODE/ MATCH_PM4ADDASU_H/' > pm4addasu_h.cc
sed 's/NAME/pm4addau_h/' ../riscv/insn_template.cc | sed 's/OPCODE/ MATCH_PM4ADDAU_H/' > pm4addau_h.cc
sed 's/NAME/pm4addsu_h/' ../riscv/insn_template.cc | sed 's/OPCODE/ MATCH_PM4ADDSU_H/' > pm4addsu_h.cc
sed 's/NAME/pm4addu_h/' ../riscv/insn_template.cc | sed 's/OPCODE/ MATCH_PM4ADDU_H/' > pm4addu_h.cc
sed 's/NAME/pmq2add_w/' ../riscv/insn_template.cc | sed 's/OPCODE/ MATCH_PMQ2ADD_W/' > pmq2add_w.cc
sed 's/NAME/pmq2adda_w/' ../riscv/insn_template.cc | sed 's/OPCODE/ MATCH_PMQ2ADDA_W/' > pmq2adda_w.cc
sed 's/NAME/pmqr2add_w/' ../riscv/insn_template.cc | sed 's/OPCODE/ MATCH_PMQR2ADD_W/' > pmqr2add_w.cc
sed 's/NAME/pmqr2adda_w/' ../riscv/insn_template.cc | sed 's/OPCODE/ MATCH_PMQR2ADDA_W/' > pmqr2adda_w.cc
sed 's/NAME/sshl/' ../riscv/insn_template.cc | sed 's/OPCODE/ MATCH_SSHL/' > sshl.cc
sed 's/NAME/sshlr/' ../riscv/insn_template.cc | sed 's/OPCODE/ MATCH_SSHLR/' > sshlr.cc
sed 's/NAME/shl/' ../riscv/insn_template.cc | sed 's/OPCODE/ MATCH_SHL/' > shl.cc
sed 's/NAME/shlr/' ../riscv/insn_template.cc | sed 's/OPCODE/ MATCH_SHLR/' > shlr.cc
sed 's/NAME/psshl_hs/' ../riscv/insn_template.cc | sed 's/OPCODE/ MATCH_PSSHL_HS/' > psshl_hs.cc
sed 's/NAME/psshlr_hs/' ../riscv/insn_template.cc | sed 's/OPCODE/ MATCH_PSSHLR_HS/' > psshlr_hs.cc
sed 's/NAME/psshl_ws/' ../riscv/insn_template.cc | sed 's/OPCODE/ MATCH_PSSHL_WS/' > psshl_ws.cc
sed 's/NAME/psshlr_ws/' ../riscv/insn_template.cc | sed 's/OPCODE/ MATCH_PSSHLR_WS/' > psshlr_ws.cc
sed 's/NAME/psshl_dhs/' ../riscv/insn_template.cc | sed 's/OPCODE/ MATCH_PSSHL_DHS/' > psshl_dhs.cc
sed 's/NAME/psshlr_dhs/' ../riscv/insn_template.cc | sed 's/OPCODE/ MATCH_PSSHLR_DHS/' > psshlr_dhs.cc
sed 's/NAME/psshl_dws/' ../riscv/insn_template.cc | sed 's/OPCODE/ MATCH_PSSHL_DWS/' > psshl_dws.cc
sed 's/NAME/psshlr_dws/' ../riscv/insn_template.cc | sed 's/OPCODE/ MATCH_PSSHLR_DWS/' > psshlr_dws.cc
sed 's/NAME/pnclipp_b/' ../riscv/insn_template.cc | sed 's/OPCODE/ MATCH_PNCLIPP_B/' > pnclipp_b.cc
sed 's/NAME/pnclipp_h/' ../riscv/insn_template.cc | sed 's/OPCODE/ MATCH_PNCLIPP_H/' > pnclipp_h.cc
sed 's/NAME/pnclipp_w/' ../riscv/insn_template.cc | sed 's/OPCODE/ MATCH_PNCLIPP_W/' > pnclipp_w.cc
sed 's/NAME/pnclipup_b/' ../riscv/insn_template.cc | sed 's/OPCODE/ MATCH_PNCLIPUP_B/' > pnclipup_b.cc
sed 's/NAME/pnclipup_h/' ../riscv/insn_template.cc | sed 's/OPCODE/ MATCH_PNCLIPUP_H/' > pnclipup_h.cc
sed 's/NAME/pnclipup_w/' ../riscv/insn_template.cc | sed 's/OPCODE/ MATCH_PNCLIPUP_W/' > pnclipup_w.cc
sed 's/NAME/hfence_gvma/' ../riscv/insn_template.cc | sed 's/OPCODE/ MATCH_HFENCE_GVMA/' > hfence_gvma.cc
sed 's/NAME/hfence_vvma/' ../riscv/insn_template.cc | sed 's/OPCODE/ MATCH_HFENCE_VVMA/' > hfence_vvma.cc
sed 's/NAME/hlv_b/' ../riscv/insn_template.cc | sed 's/OPCODE/ MATCH_HLV_B/' > hlv_b.cc
sed 's/NAME/hlv_bu/' ../riscv/insn_template.cc | sed 's/OPCODE/ MATCH_HLV_BU/' > hlv_bu.cc
sed 's/NAME/hlv_h/' ../riscv/insn_template.cc | sed 's/OPCODE/ MATCH_HLV_H/' > hlv_h.cc
sed 's/NAME/hlv_hu/' ../riscv/insn_template.cc | sed 's/OPCODE/ MATCH_HLV_HU/' > hlv_hu.cc
sed 's/NAME/hlvx_hu/' ../riscv/insn_template.cc | sed 's/OPCODE/ MATCH_HLVX_HU/' > hlvx_hu.cc
sed 's/NAME/hlv_w/' ../riscv/insn_template.cc | sed 's/OPCODE/ MATCH_HLV_W/' > hlv_w.cc
sed 's/NAME/hlv_wu/' ../riscv/insn_template.cc | sed 's/OPCODE/ MATCH_HLV_WU/' > hlv_wu.cc
sed 's/NAME/hlvx_wu/' ../riscv/insn_template.cc | sed 's/OPCODE/ MATCH_HLVX_WU/' > hlvx_wu.cc
sed 's/NAME/hlv_d/' ../riscv/insn_template.cc | sed 's/OPCODE/ MATCH_HLV_D/' > hlv_d.cc
sed 's/NAME/hsv_b/' ../riscv/insn_template.cc | sed 's/OPCODE/ MATCH_HSV_B/' > hsv_b.cc
sed 's/NAME/hsv_h/' ../riscv/insn_template.cc | sed 's/OPCODE/ MATCH_HSV_H/' > hsv_h.cc
sed 's/NAME/hsv_w/' ../riscv/insn_template.cc | sed 's/OPCODE/ MATCH_HSV_W/' > hsv_w.cc
sed 's/NAME/hsv_d/' ../riscv/insn_template.cc | sed 's/OPCODE/ MATCH_HSV_D/' > hsv_d.cc
sed 's/NAME/aes32dsi/' ../riscv/insn_template.cc | sed 's/OPCODE/ MATCH_AES32DSI/' > aes32dsi.cc
sed 's/NAME/aes32dsmi/' ../riscv/insn_template.cc | sed 's/OPCODE/ MATCH_AES32DSMI/' > aes32dsmi.cc
sed 's/NAME/aes32esi/' ../riscv/insn_template.cc | sed 's/OPCODE/ MATCH_AES32ESI/' > aes32esi.cc
sed 's/NAME/aes32esmi/' ../riscv/insn_template.cc | sed 's/OPCODE/ MATCH_AES32ESMI/' > aes32esmi.cc
sed 's/NAME/aes64ds/' ../riscv/insn_template.cc | sed 's/OPCODE/ MATCH_AES64DS/' > aes64ds.cc
sed 's/NAME/aes64dsm/' ../riscv/insn_template.cc | sed 's/OPCODE/ MATCH_AES64DSM/' > aes64dsm.cc
sed 's/NAME/aes64es/' ../riscv/insn_template.cc | sed 's/OPCODE/ MATCH_AES64ES/' > aes64es.cc
sed 's/NAME/aes64esm/' ../riscv/insn_template.cc | sed 's/OPCODE/ MATCH_AES64ESM/' > aes64esm.cc
sed 's/NAME/aes64ks1i/' ../riscv/insn_template.cc | sed 's/OPCODE/ MATCH_AES64KS1I/' > aes64ks1i.cc
sed 's/NAME/aes64ks2/' ../riscv/insn_template.cc | sed 's/OPCODE/ MATCH_AES64KS2/' > aes64ks2.cc
sed 's/NAME/aes64im/' ../riscv/insn_template.cc | sed 's/OPCODE/ MATCH_AES64IM/' > aes64im.cc
sed 's/NAME/sha256sig0/' ../riscv/insn_template.cc | sed 's/OPCODE/ MATCH_SHA256SIG0/' > sha256sig0.cc
sed 's/NAME/sha256sig1/' ../riscv/insn_template.cc | sed 's/OPCODE/ MATCH_SHA256SIG1/' > sha256sig1.cc
sed 's/NAME/sha256sum0/' ../riscv/insn_template.cc | sed 's/OPCODE/ MATCH_SHA256SUM0/' > sha256sum0.cc
sed 's/NAME/sha256sum1/' ../riscv/insn_template.cc | sed 's/OPCODE/ MATCH_SHA256SUM1/' > sha256sum1.cc
sed 's/NAME/sha512sig0/' ../riscv/insn_template.cc | sed 's/OPCODE/ MATCH_SHA512SIG0/' > sha512sig0.cc
sed 's/NAME/sha512sig0h/' ../riscv/insn_template.cc | sed 's/OPCODE/ MATCH_SHA512SIG0H/' > sha512sig0h.cc
sed 's/NAME/sha512sig0l/' ../riscv/insn_template.cc | sed 's/OPCODE/ MATCH_SHA512SIG0L/' > sha512sig0l.cc
sed 's/NAME/sha512sig1/' ../riscv/insn_template.cc | sed 's/OPCODE/ MATCH_SHA512SIG1/' > sha512sig1.cc
sed 's/NAME/sha512sig1h/' ../riscv/insn_template.cc | sed 's/OPCODE/ MATCH_SHA512SIG1H/' > sha512sig1h.cc
sed 's/NAME/sha512sig1l/' ../riscv/insn_template.cc | sed 's/OPCODE/ MATCH_SHA512SIG1L/' > sha512sig1l.cc
sed 's/NAME/sha512sum0/' ../riscv/insn_template.cc | sed 's/OPCODE/ MATCH_SHA512SUM0/' > sha512sum0.cc
sed 's/NAME/sha512sum0r/' ../riscv/insn_template.cc | sed 's/OPCODE/ MATCH_SHA512SUM0R/' > sha512sum0r.cc
sed 's/NAME/sha512sum1/' ../riscv/insn_template.cc | sed 's/OPCODE/ MATCH_SHA512SUM1/' > sha512sum1.cc
sed 's/NAME/sha512sum1r/' ../riscv/insn_template.cc | sed 's/OPCODE/ MATCH_SHA512SUM1R/' > sha512sum1r.cc
sed 's/NAME/sm3p0/' ../riscv/insn_template.cc | sed 's/OPCODE/ MATCH_SM3P0/' > sm3p0.cc
sed 's/NAME/sm3p1/' ../riscv/insn_template.cc | sed 's/OPCODE/ MATCH_SM3P1/' > sm3p1.cc
sed 's/NAME/sm4ed/' ../riscv/insn_template.cc | sed 's/OPCODE/ MATCH_SM4ED/' > sm4ed.cc
sed 's/NAME/sm4ks/' ../riscv/insn_template.cc | sed 's/OPCODE/ MATCH_SM4KS/' > sm4ks.cc
sed 's/NAME/fadd_q/' ../riscv/insn_template.cc | sed 's/OPCODE/ MATCH_FADD_Q/' > fadd_q.cc
sed 's/NAME/fclass_q/' ../riscv/insn_template.cc | sed 's/OPCODE/ MATCH_FCLASS_Q/' > fclass_q.cc
sed 's/NAME/fcvt_l_q/' ../riscv/insn_template.cc | sed 's/OPCODE/ MATCH_FCVT_L_Q/' > fcvt_l_q.cc
sed 's/NAME/fcvt_lu_q/' ../riscv/insn_template.cc | sed 's/OPCODE/ MATCH_FCVT_LU_Q/' > fcvt_lu_q.cc
sed 's/NAME/fcvt_q_d/' ../riscv/insn_template.cc | sed 's/OPCODE/ MATCH_FCVT_Q_D/' > fcvt_q_d.cc
sed 's/NAME/fcvt_q_l/' ../riscv/insn_template.cc | sed 's/OPCODE/ MATCH_FCVT_Q_L/' > fcvt_q_l.cc
sed 's/NAME/fcvt_q_lu/' ../riscv/insn_template.cc | sed 's/OPCODE/ MATCH_FCVT_Q_LU/' > fcvt_q_lu.cc
sed 's/NAME/fcvt_q_s/' ../riscv/insn_template.cc | sed 's/OPCODE/ MATCH_FCVT_Q_S/' > fcvt_q_s.cc
sed 's/NAME/fcvt_q_w/' ../riscv/insn_template.cc | sed 's/OPCODE/ MATCH_FCVT_Q_W/' > fcvt_q_w.cc
sed 's/NAME/fcvt_q_wu/' ../riscv/insn_template.cc | sed 's/OPCODE/ MATCH_FCVT_Q_WU/' > fcvt_q_wu.cc
sed 's/NAME/fcvt_s_q/' ../riscv/insn_template.cc | sed 's/OPCODE/ MATCH_FCVT_S_Q/' > fcvt_s_q.cc
sed 's/NAME/fcvt_w_q/' ../riscv/insn_template.cc | sed 's/OPCODE/ MATCH_FCVT_W_Q/' > fcvt_w_q.cc
sed 's/NAME/fcvt_wu_q/' ../riscv/insn_template.cc | sed 's/OPCODE/ MATCH_FCVT_WU_Q/' > fcvt_wu_q.cc
sed 's/NAME/fdiv_q/' ../riscv/insn_template.cc | sed 's/OPCODE/ MATCH_FDIV_Q/' > fdiv_q.cc
sed 's/NAME/feq_q/' ../riscv/insn_template.cc | sed 's/OPCODE/ MATCH_FEQ_Q/' > feq_q.cc
sed 's/NAME/fle_q/' ../riscv/insn_template.cc | sed 's/OPCODE/ MATCH_FLE_Q/' > fle_q.cc
sed 's/NAME/flq/' ../riscv/insn_template.cc | sed 's/OPCODE/ MATCH_FLQ/' > flq.cc
sed 's/NAME/flt_q/' ../riscv/insn_template.cc | sed 's/OPCODE/ MATCH_FLT_Q/' > flt_q.cc
sed 's/NAME/fmadd_q/' ../riscv/insn_template.cc | sed 's/OPCODE/ MATCH_FMADD_Q/' > fmadd_q.cc
sed 's/NAME/fmax_q/' ../riscv/insn_template.cc | sed 's/OPCODE/ MATCH_FMAX_Q/' > fmax_q.cc
sed 's/NAME/fmin_q/' ../riscv/insn_template.cc | sed 's/OPCODE/ MATCH_FMIN_Q/' > fmin_q.cc
sed 's/NAME/fmsub_q/' ../riscv/insn_template.cc | sed 's/OPCODE/ MATCH_FMSUB_Q/' > fmsub_q.cc
sed 's/NAME/fmul_q/' ../riscv/insn_template.cc | sed 's/OPCODE/ MATCH_FMUL_Q/' > fmul_q.cc
sed 's/NAME/fnmadd_q/' ../riscv/insn_template.cc | sed 's/OPCODE/ MATCH_FNMADD_Q/' > fnmadd_q.cc
sed 's/NAME/fnmsub_q/' ../riscv/insn_template.cc | sed 's/OPCODE/ MATCH_FNMSUB_Q/' > fnmsub_q.cc
sed 's/NAME/fsgnj_q/' ../riscv/insn_template.cc | sed 's/OPCODE/ MATCH_FSGNJ_Q/' > fsgnj_q.cc
sed 's/NAME/fsgnjn_q/' ../riscv/insn_template.cc | sed 's/OPCODE/ MATCH_FSGNJN_Q/' > fsgnjn_q.cc
sed 's/NAME/fsgnjx_q/' ../riscv/insn_template.cc | sed 's/OPCODE/ MATCH_FSGNJX_Q/' > fsgnjx_q.cc
sed 's/NAME/fsq/' ../riscv/insn_template.cc | sed 's/OPCODE/ MATCH_FSQ/' > fsq.cc
sed 's/NAME/fsqrt_q/' ../riscv/insn_template.cc | sed 's/OPCODE/ MATCH_FSQRT_Q/' > fsqrt_q.cc
sed 's/NAME/fsub_q/' ../riscv/insn_template.cc | sed 's/OPCODE/ MATCH_FSUB_Q/' > fsub_q.cc
sed 's/NAME/fli_q/' ../riscv/insn_template.cc | sed 's/OPCODE/ MATCH_FLI_Q/' > fli_q.cc
sed 's/NAME/fmaxm_q/' ../riscv/insn_template.cc | sed 's/OPCODE/ MATCH_FMAXM_Q/' > fmaxm_q.cc
sed 's/NAME/fminm_q/' ../riscv/insn_template.cc | sed 's/OPCODE/ MATCH_FMINM_Q/' > fminm_q.cc
sed 's/NAME/fround_q/' ../riscv/insn_template.cc | sed 's/OPCODE/ MATCH_FROUND_Q/' > fround_q.cc
sed 's/NAME/froundnx_q/' ../riscv/insn_template.cc | sed 's/OPCODE/ MATCH_FROUNDNX_Q/' > froundnx_q.cc
sed 's/NAME/fmvh_x_q/' ../riscv/insn_template.cc | sed 's/OPCODE/ MATCH_FMVH_X_Q/' > fmvh_x_q.cc
sed 's/NAME/fmvp_q_x/' ../riscv/insn_template.cc | sed 's/OPCODE/ MATCH_FMVP_Q_X/' > fmvp_q_x.cc
sed 's/NAME/fleq_q/' ../riscv/insn_template.cc | sed 's/OPCODE/ MATCH_FLEQ_Q/' > fleq_q.cc
sed 's/NAME/fltq_q/' ../riscv/insn_template.cc | sed 's/OPCODE/ MATCH_FLTQ_Q/' > fltq_q.cc
sed 's/NAME/amocas_w/' ../riscv/insn_template.cc | sed 's/OPCODE/ MATCH_AMOCAS_W/' > amocas_w.cc
sed 's/NAME/amocas_d/' ../riscv/insn_template.cc | sed 's/OPCODE/ MATCH_AMOCAS_D/' > amocas_d.cc
sed 's/NAME/amocas_q/' ../riscv/insn_template.cc | sed 's/OPCODE/ MATCH_AMOCAS_Q/' > amocas_q.cc
sed 's/NAME/amoadd_b/' ../riscv/insn_template.cc | sed 's/OPCODE/ MATCH_AMOADD_B/' > amoadd_b.cc
sed 's/NAME/amoand_b/' ../riscv/insn_template.cc | sed 's/OPCODE/ MATCH_AMOAND_B/' > amoand_b.cc
sed 's/NAME/amomax_b/' ../riscv/insn_template.cc | sed 's/OPCODE/ MATCH_AMOMAX_B/' > amomax_b.cc
sed 's/NAME/amomaxu_b/' ../riscv/insn_template.cc | sed 's/OPCODE/ MATCH_AMOMAXU_B/' > amomaxu_b.cc
sed 's/NAME/amomin_b/' ../riscv/insn_template.cc | sed 's/OPCODE/ MATCH_AMOMIN_B/' > amomin_b.cc
sed 's/NAME/amominu_b/' ../riscv/insn_template.cc | sed 's/OPCODE/ MATCH_AMOMINU_B/' > amominu_b.cc
sed 's/NAME/amoor_b/' ../riscv/insn_template.cc | sed 's/OPCODE/ MATCH_AMOOR_B/' > amoor_b.cc
sed 's/NAME/amoswap_b/' ../riscv/insn_template.cc | sed 's/OPCODE/ MATCH_AMOSWAP_B/' > amoswap_b.cc
sed 's/NAME/amoxor_b/' ../riscv/insn_template.cc | sed 's/OPCODE/ MATCH_AMOXOR_B/' > amoxor_b.cc
sed 's/NAME/amocas_b/' ../riscv/insn_template.cc | sed 's/OPCODE/ MATCH_AMOCAS_B/' > amocas_b.cc
sed 's/NAME/amoadd_h/' ../riscv/insn_template.cc | sed 's/OPCODE/ MATCH_AMOADD_H/' > amoadd_h.cc
sed 's/NAME/amoand_h/' ../riscv/insn_template.cc | sed 's/OPCODE/ MATCH_AMOAND_H/' > amoand_h.cc
sed 's/NAME/amomax_h/' ../riscv/insn_template.cc | sed 's/OPCODE/ MATCH_AMOMAX_H/' > amomax_h.cc
sed 's/NAME/amomaxu_h/' ../riscv/insn_template.cc | sed 's/OPCODE/ MATCH_AMOMAXU_H/' > amomaxu_h.cc
sed 's/NAME/amomin_h/' ../riscv/insn_template.cc | sed 's/OPCODE/ MATCH_AMOMIN_H/' > amomin_h.cc
sed 's/NAME/amominu_h/' ../riscv/insn_template.cc | sed 's/OPCODE/ MATCH_AMOMINU_H/' > amominu_h.cc
sed 's/NAME/amoor_h/' ../riscv/insn_template.cc | sed 's/OPCODE/ MATCH_AMOOR_H/' > amoor_h.cc
sed 's/NAME/amoswap_h/' ../riscv/insn_template.cc | sed 's/OPCODE/ MATCH_AMOSWAP_H/' > amoswap_h.cc
sed 's/NAME/amoxor_h/' ../riscv/insn_template.cc | sed 's/OPCODE/ MATCH_AMOXOR_H/' > amoxor_h.cc
sed 's/NAME/amocas_h/' ../riscv/insn_template.cc | sed 's/OPCODE/ MATCH_AMOCAS_H/' > amocas_h.cc
sed 's/NAME/wrs_sto/' ../riscv/insn_template.cc | sed 's/OPCODE/ MATCH_WRS_STO/' > wrs_sto.cc
sed 's/NAME/wrs_nto/' ../riscv/insn_template.cc | sed 's/OPCODE/ MATCH_WRS_NTO/' > wrs_nto.cc
sed 's/NAME/lb_aq/' ../riscv/insn_template.cc | sed 's/OPCODE/ MATCH_LB_AQ/' > lb_aq.cc
sed 's/NAME/lh_aq/' ../riscv/insn_template.cc | sed 's/OPCODE/ MATCH_LH_AQ/' > lh_aq.cc
sed 's/NAME/lw_aq/' ../riscv/insn_template.cc | sed 's/OPCODE/ MATCH_LW_AQ/' > lw_aq.cc
sed 's/NAME/ld_aq/' ../riscv/insn_template.cc | sed 's/OPCODE/ MATCH_LD_AQ/' > ld_aq.cc
sed 's/NAME/sb_rl/' ../riscv/insn_template.cc | sed 's/OPCODE/ MATCH_SB_RL/' > sb_rl.cc
sed 's/NAME/sh_rl/' ../riscv/insn_template.cc | sed 's/OPCODE/ MATCH_SH_RL/' > sh_rl.cc
sed 's/NAME/sw_rl/' ../riscv/insn_template.cc | sed 's/OPCODE/ MATCH_SW_RL/' > sw_rl.cc
sed 's/NAME/sd_rl/' ../riscv/insn_template.cc | sed 's/OPCODE/ MATCH_SD_RL/' > sd_rl.cc
sed 's/NAME/c_zext_b/' ../riscv/insn_template.cc | sed 's/OPCODE/ MATCH_C_ZEXT_B/' > c_zext_b.cc
sed 's/NAME/c_zext_h/' ../riscv/insn_template.cc | sed 's/OPCODE/ MATCH_C_ZEXT_H/' > c_zext_h.cc
sed 's/NAME/c_zext_w/' ../riscv/insn_template.cc | sed 's/OPCODE/ MATCH_C_ZEXT_W/' > c_zext_w.cc
sed 's/NAME/c_sext_b/' ../riscv/insn_template.cc | sed 's/OPCODE/ MATCH_C_SEXT_B/' > c_sext_b.cc
sed 's/NAME/c_sext_h/' ../riscv/insn_template.cc | sed 's/OPCODE/ MATCH_C_SEXT_H/' > c_sext_h.cc
sed 's/NAME/c_not/' ../riscv/insn_template.cc | sed 's/OPCODE/ MATCH_C_NOT/' > c_not.cc
sed 's/NAME/c_mul/' ../riscv/insn_template.cc | sed 's/OPCODE/ MATCH_C_MUL/' > c_mul.cc
sed 's/NAME/c_lbu/' ../riscv/insn_template.cc | sed 's/OPCODE/ MATCH_C_LBU/' > c_lbu.cc
sed 's/NAME/c_lhu/' ../riscv/insn_template.cc | sed 's/OPCODE/ MATCH_C_LHU/' > c_lhu.cc
sed 's/NAME/c_lh/' ../riscv/insn_template.cc | sed 's/OPCODE/ MATCH_C_LH/' > c_lh.cc
sed 's/NAME/c_sb/' ../riscv/insn_template.cc | sed 's/OPCODE/ MATCH_C_SB/' > c_sb.cc
sed 's/NAME/c_sh/' ../riscv/insn_template.cc | sed 's/OPCODE/ MATCH_C_SH/' > c_sh.cc
sed 's/NAME/cm_push/' ../riscv/insn_template.cc | sed 's/OPCODE/ MATCH_CM_PUSH/' > cm_push.cc
sed 's/NAME/cm_pop/' ../riscv/insn_template.cc | sed 's/OPCODE/ MATCH_CM_POP/' > cm_pop.cc
sed 's/NAME/cm_popret/' ../riscv/insn_template.cc | sed 's/OPCODE/ MATCH_CM_POPRET/' > cm_popret.cc
sed 's/NAME/cm_popretz/' ../riscv/insn_template.cc | sed 's/OPCODE/ MATCH_CM_POPRETZ/' > cm_popretz.cc
sed 's/NAME/cm_mva01s/' ../riscv/insn_template.cc | sed 's/OPCODE/ MATCH_CM_MVA01S/' > cm_mva01s.cc
sed 's/NAME/cm_mvsa01/' ../riscv/insn_template.cc | sed 's/OPCODE/ MATCH_CM_MVSA01/' > cm_mvsa01.cc
sed 's/NAME/cm_jalt/' ../riscv/insn_template.cc | sed 's/OPCODE/ MATCH_CM_JALT/' > cm_jalt.cc
sed 's/NAME/fadd_h/' ../riscv/insn_template.cc | sed 's/OPCODE/ MATCH_FADD_H/' > fadd_h.cc
sed 's/NAME/fclass_h/' ../riscv/insn_template.cc | sed 's/OPCODE/ MATCH_FCLASS_H/' > fclass_h.cc
sed 's/NAME/fcvt_l_h/' ../riscv/insn_template.cc | sed 's/OPCODE/ MATCH_FCVT_L_H/' > fcvt_l_h.cc
sed 's/NAME/fcvt_lu_h/' ../riscv/insn_template.cc | sed 's/OPCODE/ MATCH_FCVT_LU_H/' > fcvt_lu_h.cc
sed 's/NAME/fcvt_d_h/' ../riscv/insn_template.cc | sed 's/OPCODE/ MATCH_FCVT_D_H/' > fcvt_d_h.cc
sed 's/NAME/fcvt_h_d/' ../riscv/insn_template.cc | sed 's/OPCODE/ MATCH_FCVT_H_D/' > fcvt_h_d.cc
sed 's/NAME/fcvt_h_l/' ../riscv/insn_template.cc | sed 's/OPCODE/ MATCH_FCVT_H_L/' > fcvt_h_l.cc
sed 's/NAME/fcvt_h_lu/' ../riscv/insn_template.cc | sed 's/OPCODE/ MATCH_FCVT_H_LU/' > fcvt_h_lu.cc
sed 's/NAME/fcvt_h_q/' ../riscv/insn_template.cc | sed 's/OPCODE/ MATCH_FCVT_H_Q/' > fcvt_h_q.cc
sed 's/NAME/fcvt_h_s/' ../riscv/insn_template.cc | sed 's/OPCODE/ MATCH_FCVT_H_S/' > fcvt_h_s.cc
sed 's/NAME/fcvt_h_w/' ../riscv/insn_template.cc | sed 's/OPCODE/ MATCH_FCVT_H_W/' > fcvt_h_w.cc
sed 's/NAME/fcvt_h_wu/' ../riscv/insn_template.cc | sed 's/OPCODE/ MATCH_FCVT_H_WU/' > fcvt_h_wu.cc
sed 's/NAME/fcvt_q_h/' ../riscv/insn_template.cc | sed 's/OPCODE/ MATCH_FCVT_Q_H/' > fcvt_q_h.cc
sed 's/NAME/fcvt_s_h/' ../riscv/insn_template.cc | sed 's/OPCODE/ MATCH_FCVT_S_H/' > fcvt_s_h.cc
sed 's/NAME/fcvt_w_h/' ../riscv/insn_template.cc | sed 's/OPCODE/ MATCH_FCVT_W_H/' > fcvt_w_h.cc
sed 's/NAME/fcvt_wu_h/' ../riscv/insn_template.cc | sed 's/OPCODE/ MATCH_FCVT_WU_H/' > fcvt_wu_h.cc
sed 's/NAME/fdiv_h/' ../riscv/insn_template.cc | sed 's/OPCODE/ MATCH_FDIV_H/' > fdiv_h.cc
sed 's/NAME/feq_h/' ../riscv/insn_template.cc | sed 's/OPCODE/ MATCH_FEQ_H/' > feq_h.cc
sed 's/NAME/fle_h/' ../riscv/insn_template.cc | sed 's/OPCODE/ MATCH_FLE_H/' > fle_h.cc
sed 's/NAME/flh/' ../riscv/insn_template.cc | sed 's/OPCODE/ MATCH_FLH/' > flh.cc
sed 's/NAME/flt_h/' ../riscv/insn_template.cc | sed 's/OPCODE/ MATCH_FLT_H/' > flt_h.cc
sed 's/NAME/fmadd_h/' ../riscv/insn_template.cc | sed 's/OPCODE/ MATCH_FMADD_H/' > fmadd_h.cc
sed 's/NAME/fmax_h/' ../riscv/insn_template.cc | sed 's/OPCODE/ MATCH_FMAX_H/' > fmax_h.cc
sed 's/NAME/fmin_h/' ../riscv/insn_template.cc | sed 's/OPCODE/ MATCH_FMIN_H/' > fmin_h.cc
sed 's/NAME/fmsub_h/' ../riscv/insn_template.cc | sed 's/OPCODE/ MATCH_FMSUB_H/' > fmsub_h.cc
sed 's/NAME/fmul_h/' ../riscv/insn_template.cc | sed 's/OPCODE/ MATCH_FMUL_H/' > fmul_h.cc
sed 's/NAME/fmv_h_x/' ../riscv/insn_template.cc | sed 's/OPCODE/ MATCH_FMV_H_X/' > fmv_h_x.cc
sed 's/NAME/fmv_x_h/' ../riscv/insn_template.cc | sed 's/OPCODE/ MATCH_FMV_X_H/' > fmv_x_h.cc
sed 's/NAME/fnmadd_h/' ../riscv/insn_template.cc | sed 's/OPCODE/ MATCH_FNMADD_H/' > fnmadd_h.cc
sed 's/NAME/fnmsub_h/' ../riscv/insn_template.cc | sed 's/OPCODE/ MATCH_FNMSUB_H/' > fnmsub_h.cc
sed 's/NAME/fsgnj_h/' ../riscv/insn_template.cc | sed 's/OPCODE/ MATCH_FSGNJ_H/' > fsgnj_h.cc
sed 's/NAME/fsgnjn_h/' ../riscv/insn_template.cc | sed 's/OPCODE/ MATCH_FSGNJN_H/' > fsgnjn_h.cc
sed 's/NAME/fsgnjx_h/' ../riscv/insn_template.cc | sed 's/OPCODE/ MATCH_FSGNJX_H/' > fsgnjx_h.cc
sed 's/NAME/fsh/' ../riscv/insn_template.cc | sed 's/OPCODE/ MATCH_FSH/' > fsh.cc
sed 's/NAME/fsqrt_h/' ../riscv/insn_template.cc | sed 's/OPCODE/ MATCH_FSQRT_H/' > fsqrt_h.cc
sed 's/NAME/fsub_h/' ../riscv/insn_template.cc | sed 's/OPCODE/ MATCH_FSUB_H/' > fsub_h.cc
sed 's/NAME/fli_h/' ../riscv/insn_template.cc | sed 's/OPCODE/ MATCH_FLI_H/' > fli_h.cc
sed 's/NAME/fmaxm_h/' ../riscv/insn_template.cc | sed 's/OPCODE/ MATCH_FMAXM_H/' > fmaxm_h.cc
sed 's/NAME/fminm_h/' ../riscv/insn_template.cc | sed 's/OPCODE/ MATCH_FMINM_H/' > fminm_h.cc
sed 's/NAME/fround_h/' ../riscv/insn_template.cc | sed 's/OPCODE/ MATCH_FROUND_H/' > fround_h.cc
sed 's/NAME/froundnx_h/' ../riscv/insn_template.cc | sed 's/OPCODE/ MATCH_FROUNDNX_H/' > froundnx_h.cc
sed 's/NAME/fleq_h/' ../riscv/insn_template.cc | sed 's/OPCODE/ MATCH_FLEQ_H/' > fleq_h.cc
sed 's/NAME/fltq_h/' ../riscv/insn_template.cc | sed 's/OPCODE/ MATCH_FLTQ_H/' > fltq_h.cc
sed 's/NAME/czero_eqz/' ../riscv/insn_template.cc | sed 's/OPCODE/ MATCH_CZERO_EQZ/' > czero_eqz.cc
sed 's/NAME/czero_nez/' ../riscv/insn_template.cc | sed 's/OPCODE/ MATCH_CZERO_NEZ/' > czero_nez.cc
sed 's/NAME/vandn_vv/' ../riscv/insn_template.cc | sed 's/OPCODE/ MATCH_VANDN_VV/' > vandn_vv.cc
sed 's/NAME/vandn_vx/' ../riscv/insn_template.cc | sed 's/OPCODE/ MATCH_VANDN_VX/' > vandn_vx.cc
sed 's/NAME/vbrev8_v/' ../riscv/insn_template.cc | sed 's/OPCODE/ MATCH_VBREV8_V/' > vbrev8_v.cc
sed 's/NAME/vbrev_v/' ../riscv/insn_template.cc | sed 's/OPCODE/ MATCH_VBREV_V/' > vbrev_v.cc
sed 's/NAME/vclz_v/' ../riscv/insn_template.cc | sed 's/OPCODE/ MATCH_VCLZ_V/' > vclz_v.cc
sed 's/NAME/vcpop_v/' ../riscv/insn_template.cc | sed 's/OPCODE/ MATCH_VCPOP_V/' > vcpop_v.cc
sed 's/NAME/vctz_v/' ../riscv/insn_template.cc | sed 's/OPCODE/ MATCH_VCTZ_V/' > vctz_v.cc
sed 's/NAME/vrev8_v/' ../riscv/insn_template.cc | sed 's/OPCODE/ MATCH_VREV8_V/' > vrev8_v.cc
sed 's/NAME/vrol_vv/' ../riscv/insn_template.cc | sed 's/OPCODE/ MATCH_VROL_VV/' > vrol_vv.cc
sed 's/NAME/vrol_vx/' ../riscv/insn_template.cc | sed 's/OPCODE/ MATCH_VROL_VX/' > vrol_vx.cc
sed 's/NAME/vror_vi/' ../riscv/insn_template.cc | sed 's/OPCODE/ MATCH_VROR_VI/' > vror_vi.cc
sed 's/NAME/vror_vv/' ../riscv/insn_template.cc | sed 's/OPCODE/ MATCH_VROR_VV/' > vror_vv.cc
sed 's/NAME/vror_vx/' ../riscv/insn_template.cc | sed 's/OPCODE/ MATCH_VROR_VX/' > vror_vx.cc
sed 's/NAME/vwsll_vi/' ../riscv/insn_template.cc | sed 's/OPCODE/ MATCH_VWSLL_VI/' > vwsll_vi.cc
sed 's/NAME/vwsll_vv/' ../riscv/insn_template.cc | sed 's/OPCODE/ MATCH_VWSLL_VV/' > vwsll_vv.cc
sed 's/NAME/vwsll_vx/' ../riscv/insn_template.cc | sed 's/OPCODE/ MATCH_VWSLL_VX/' > vwsll_vx.cc
sed 's/NAME/vclmul_vv/' ../riscv/insn_template.cc | sed 's/OPCODE/ MATCH_VCLMUL_VV/' > vclmul_vv.cc
sed 's/NAME/vclmul_vx/' ../riscv/insn_template.cc | sed 's/OPCODE/ MATCH_VCLMUL_VX/' > vclmul_vx.cc
sed 's/NAME/vclmulh_vv/' ../riscv/insn_template.cc | sed 's/OPCODE/ MATCH_VCLMULH_VV/' > vclmulh_vv.cc
sed 's/NAME/vclmulh_vx/' ../riscv/insn_template.cc | sed 's/OPCODE/ MATCH_VCLMULH_VX/' > vclmulh_vx.cc
sed 's/NAME/vghsh_vv/' ../riscv/insn_template.cc | sed 's/OPCODE/ MATCH_VGHSH_VV/' > vghsh_vv.cc
sed 's/NAME/vgmul_vv/' ../riscv/insn_template.cc | sed 's/OPCODE/ MATCH_VGMUL_VV/' > vgmul_vv.cc
sed 's/NAME/vaesdf_vs/' ../riscv/insn_template.cc | sed 's/OPCODE/ MATCH_VAESDF_VS/' > vaesdf_vs.cc
sed 's/NAME/vaesdf_vv/' ../riscv/insn_template.cc | sed 's/OPCODE/ MATCH_VAESDF_VV/' > vaesdf_vv.cc
sed 's/NAME/vaesdm_vs/' ../riscv/insn_template.cc | sed 's/OPCODE/ MATCH_VAESDM_VS/' > vaesdm_vs.cc
sed 's/NAME/vaesdm_vv/' ../riscv/insn_template.cc | sed 's/OPCODE/ MATCH_VAESDM_VV/' > vaesdm_vv.cc
sed 's/NAME/vaesef_vs/' ../riscv/insn_template.cc | sed 's/OPCODE/ MATCH_VAESEF_VS/' > vaesef_vs.cc
sed 's/NAME/vaesef_vv/' ../riscv/insn_template.cc | sed 's/OPCODE/ MATCH_VAESEF_VV/' > vaesef_vv.cc
sed 's/NAME/vaesem_vs/' ../riscv/insn_template.cc | sed 's/OPCODE/ MATCH_VAESEM_VS/' > vaesem_vs.cc
sed 's/NAME/vaesem_vv/' ../riscv/insn_template.cc | sed 's/OPCODE/ MATCH_VAESEM_VV/' > vaesem_vv.cc
sed 's/NAME/vaeskf1_vi/' ../riscv/insn_template.cc | sed 's/OPCODE/ MATCH_VAESKF1_VI/' > vaeskf1_vi.cc
sed 's/NAME/vaeskf2_vi/' ../riscv/insn_template.cc | sed 's/OPCODE/ MATCH_VAESKF2_VI/' > vaeskf2_vi.cc
sed 's/NAME/vaesz_vs/' ../riscv/insn_template.cc | sed 's/OPCODE/ MATCH_VAESZ_VS/' > vaesz_vs.cc
sed 's/NAME/vsha2cl_vv/' ../riscv/insn_template.cc | sed 's/OPCODE/ MATCH_VSHA2CL_VV/' > vsha2cl_vv.cc
sed 's/NAME/vsha2ch_vv/' ../riscv/insn_template.cc | sed 's/OPCODE/ MATCH_VSHA2CH_VV/' > vsha2ch_vv.cc
sed 's/NAME/vsha2ms_vv/' ../riscv/insn_template.cc | sed 's/OPCODE/ MATCH_VSHA2MS_VV/' > vsha2ms_vv.cc
sed 's/NAME/vsm4k_vi/' ../riscv/insn_template.cc | sed 's/OPCODE/ MATCH_VSM4K_VI/' > vsm4k_vi.cc
sed 's/NAME/vsm4r_vs/' ../riscv/insn_template.cc | sed 's/OPCODE/ MATCH_VSM4R_VS/' > vsm4r_vs.cc
sed 's/NAME/vsm4r_vv/' ../riscv/insn_template.cc | sed 's/OPCODE/ MATCH_VSM4R_VV/' > vsm4r_vv.cc
sed 's/NAME/vsm3c_vi/' ../riscv/insn_template.cc | sed 's/OPCODE/ MATCH_VSM3C_VI/' > vsm3c_vi.cc
sed 's/NAME/vsm3me_vv/' ../riscv/insn_template.cc | sed 's/OPCODE/ MATCH_VSM3ME_VV/' > vsm3me_vv.cc
sed 's/NAME/vfbdota_vv/' ../riscv/insn_template.cc | sed 's/OPCODE/ MATCH_VFBDOTA_VV/' > vfbdota_vv.cc
sed 's/NAME/vfqwbdota_alt_vv/' ../riscv/insn_template.cc | sed 's/OPCODE/ MATCH_VFQWBDOTA_ALT_VV/' > vfqwbdota_alt_vv.cc
sed 's/NAME/vfqwbdota_vv/' ../riscv/insn_template.cc | sed 's/OPCODE/ MATCH_VFQWBDOTA_VV/' > vfqwbdota_vv.cc
sed 's/NAME/vfwbdota_vv/' ../riscv/insn_template.cc | sed 's/OPCODE/ MATCH_VFWBDOTA_VV/' > vfwbdota_vv.cc
sed 's/NAME/vqwbdotas_vv/' ../riscv/insn_template.cc | sed 's/OPCODE/ MATCH_VQWBDOTAS_VV/' > vqwbdotas_vv.cc
sed 's/NAME/vqwbdotau_vv/' ../riscv/insn_template.cc | sed 's/OPCODE/ MATCH_VQWBDOTAU_VV/' > vqwbdotau_vv.cc
sed 's/NAME/vfqwdota_alt_vv/' ../riscv/insn_template.cc | sed 's/OPCODE/ MATCH_VFQWDOTA_ALT_VV/' > vfqwdota_alt_vv.cc
sed 's/NAME/vfqwdota_vv/' ../riscv/insn_template.cc | sed 's/OPCODE/ MATCH_VFQWDOTA_VV/' > vfqwdota_vv.cc
sed 's/NAME/vfwdota_vv/' ../riscv/insn_template.cc | sed 's/OPCODE/ MATCH_VFWDOTA_VV/' > vfwdota_vv.cc
sed 's/NAME/vqwdotas_vv/' ../riscv/insn_template.cc | sed 's/OPCODE/ MATCH_VQWDOTAS_VV/' > vqwdotas_vv.cc
sed 's/NAME/vqwdotau_vv/' ../riscv/insn_template.cc | sed 's/OPCODE/ MATCH_VQWDOTAU_VV/' > vqwdotau_vv.cc
sed 's/NAME/vabd_vv/' ../riscv/insn_template.cc | sed 's/OPCODE/ MATCH_VABD_VV/' > vabd_vv.cc
sed 's/NAME/vabd_vx/' ../riscv/insn_template.cc | sed 's/OPCODE/ MATCH_VABD_VX/' > vabd_vx.cc
sed 's/NAME/vabdu_vv/' ../riscv/insn_template.cc | sed 's/OPCODE/ MATCH_VABDU_VV/' > vabdu_vv.cc
sed 's/NAME/vabdu_vx/' ../riscv/insn_template.cc | sed 's/OPCODE/ MATCH_VABDU_VX/' > vabdu_vx.cc
sed 's/NAME/vwabda_vv/' ../riscv/insn_template.cc | sed 's/OPCODE/ MATCH_VWABDA_VV/' > vwabda_vv.cc
sed 's/NAME/vwabda_vx/' ../riscv/insn_template.cc | sed 's/OPCODE/ MATCH_VWABDA_VX/' > vwabda_vx.cc
sed 's/NAME/vwabdau_vv/' ../riscv/insn_template.cc | sed 's/OPCODE/ MATCH_VWABDAU_VV/' > vwabdau_vv.cc
sed 's/NAME/vwabdau_vx/' ../riscv/insn_template.cc | sed 's/OPCODE/ MATCH_VWABDAU_VX/' > vwabdau_vx.cc
sed 's/NAME/msettn/' ../riscv/insn_template.cc | sed 's/OPCODE/ MATCH_MSETTN/' > msettn.cc
sed 's/NAME/msettm/' ../riscv/insn_template.cc | sed 's/OPCODE/ MATCH_MSETTM/' > msettm.cc
sed 's/NAME/msettk/' ../riscv/insn_template.cc | sed 's/OPCODE/ MATCH_MSETTK/' > msettk.cc
sed 's/NAME/msetmtype/' ../riscv/insn_template.cc | sed 's/OPCODE/ MATCH_MSETMTYPE/' > msetmtype.cc
sed 's/NAME/msetmtypei/' ../riscv/insn_template.cc | sed 's/OPCODE/ MATCH_MSETMTYPEI/' > msetmtypei.cc
sed 's/NAME/vtle8/' ../riscv/insn_template.cc | sed 's/OPCODE/ MATCH_VTLE8/' > vtle8.cc
sed 's/NAME/vtse8/' ../riscv/insn_template.cc | sed 's/OPCODE/ MATCH_VTSE8/' > vtse8.cc
sed 's/NAME/vtle16/' ../riscv/insn_template.cc | sed 's/OPCODE/ MATCH_VTLE16/' > vtle16.cc
sed 's/NAME/vtse16/' ../riscv/insn_template.cc | sed 's/OPCODE/ MATCH_VTSE16/' > vtse16.cc
sed 's/NAME/vtle32/' ../riscv/insn_template.cc | sed 's/OPCODE/ MATCH_VTLE32/' > vtle32.cc
sed 's/NAME/vtse32/' ../riscv/insn_template.cc | sed 's/OPCODE/ MATCH_VTSE32/' > vtse32.cc
sed 's/NAME/vtle64/' ../riscv/insn_template.cc | sed 's/OPCODE/ MATCH_VTLE64/' > vtle64.cc
sed 's/NAME/vtse64/' ../riscv/insn_template.cc | sed 's/OPCODE/ MATCH_VTSE64/' > vtse64.cc
sed 's/NAME/vtmv_t_v/' ../riscv/insn_template.cc | sed 's/OPCODE/ MATCH_VTMV_T_V/' > vtmv_t_v.cc
sed 's/NAME/vtmv_v_t/' ../riscv/insn_template.cc | sed 's/OPCODE/ MATCH_VTMV_V_T/' > vtmv_v_t.cc
sed 's/NAME/vtzero/' ../riscv/insn_template.cc | sed 's/OPCODE/ MATCH_VTZERO/' > vtzero.cc
sed 's/NAME/vtdiscard/' ../riscv/insn_template.cc | sed 's/OPCODE/ MATCH_VTDISCARD/' > vtdiscard.cc
sed 's/NAME/vtmmu_tvv/' ../riscv/insn_template.cc | sed 's/OPCODE/ MATCH_VTMMU_TVV/' > vtmmu_tvv.cc
sed 's/NAME/vtmms_tvv/' ../riscv/insn_template.cc | sed 's/OPCODE/ MATCH_VTMMS_TVV/' > vtmms_tvv.cc
sed 's/NAME/vtfmm_tvv/' ../riscv/insn_template.cc | sed 's/OPCODE/ MATCH_VTFMM_TVV/' > vtfmm_tvv.cc
sed 's/NAME/vtfmm_alt_tvv/' ../riscv/insn_template.cc | sed 's/OPCODE/ MATCH_VTFMM_ALT_TVV/' > vtfmm_alt_tvv.cc
sed 's/NAME/vzip_vv/' ../riscv/insn_template.cc | sed 's/OPCODE/ MATCH_VZIP_VV/' > vzip_vv.cc
sed 's/NAME/vunzipe_v/' ../riscv/insn_template.cc | sed 's/OPCODE/ MATCH_VUNZIPE_V/' > vunzipe_v.cc
sed 's/NAME/vunzipo_v/' ../riscv/insn_template.cc | sed 's/OPCODE/ MATCH_VUNZIPO_V/' > vunzipo_v.cc
sed 's/NAME/vpaire_vv/' ../riscv/insn_template.cc | sed 's/OPCODE/ MATCH_VPAIRE_VV/' > vpaire_vv.cc
sed 's/NAME/vpairo_vv/' ../riscv/insn_template.cc | sed 's/OPCODE/ MATCH_VPAIRO_VV/' > vpairo_vv.cc
sed 's/NAME/lxh/' ../riscv/insn_template.cc | sed 's/OPCODE/ MATCH_LXH/' > lxh.cc
sed 's/NAME/lxw/' ../riscv/insn_template.cc | sed 's/OPCODE/ MATCH_LXW/' > lxw.cc
sed 's/NAME/lxd/' ../riscv/insn_template.cc | sed 's/OPCODE/ MATCH_LXD/' > lxd.cc
sed 's/NAME/lxhu/' ../riscv/insn_template.cc | sed 's/OPCODE/ MATCH_LXHU/' > lxhu.cc
sed 's/NAME/lxwu/' ../riscv/insn_template.cc | sed 's/OPCODE/ MATCH_LXWU/' > lxwu.cc
sed 's/NAME/lxsb/' ../riscv/insn_template.cc | sed 's/OPCODE/ MATCH_LXSB/' > lxsb.cc
sed 's/NAME/lxsh/' ../riscv/insn_template.cc | sed 's/OPCODE/ MATCH_LXSH/' > lxsh.cc
sed 's/NAME/lxsw/' ../riscv/insn_template.cc | sed 's/OPCODE/ MATCH_LXSW/' > lxsw.cc
sed 's/NAME/lxsd/' ../riscv/insn_template.cc | sed 's/OPCODE/ MATCH_LXSD/' > lxsd.cc
sed 's/NAME/lxsbu/' ../riscv/insn_template.cc | sed 's/OPCODE/ MATCH_LXSBU/' > lxsbu.cc
sed 's/NAME/lxshu/' ../riscv/insn_template.cc | sed 's/OPCODE/ MATCH_LXSHU/' > lxshu.cc
sed 's/NAME/lxswu/' ../riscv/insn_template.cc | sed 's/OPCODE/ MATCH_LXSWU/' > lxswu.cc
sed 's/NAME/lxsuwb/' ../riscv/insn_template.cc | sed 's/OPCODE/ MATCH_LXSUWB/' > lxsuwb.cc
sed 's/NAME/lxsuwh/' ../riscv/insn_template.cc | sed 's/OPCODE/ MATCH_LXSUWH/' > lxsuwh.cc
sed 's/NAME/lxsuww/' ../riscv/insn_template.cc | sed 's/OPCODE/ MATCH_LXSUWW/' > lxsuww.cc
sed 's/NAME/lxsuwd/' ../riscv/insn_template.cc | sed 's/OPCODE/ MATCH_LXSUWD/' > lxsuwd.cc
sed 's/NAME/lxsuwbu/' ../riscv/insn_template.cc | sed 's/OPCODE/ MATCH_LXSUWBU/' > lxsuwbu.cc
sed 's/NAME/lxsuwhu/' ../riscv/insn_template.cc | sed 's/OPCODE/ MATCH_LXSUWHU/' > lxsuwhu.cc
sed 's/NAME/lxsuwwu/' ../riscv/insn_template.cc | sed 's/OPCODE/ MATCH_LXSUWWU/' > lxsuwwu.cc
sed 's/NAME/csrrc/' ../riscv/insn_template.cc | sed 's/OPCODE/ MATCH_CSRRC/' > csrrc.cc
sed 's/NAME/csrrci/' ../riscv/insn_template.cc | sed 's/OPCODE/ MATCH_CSRRCI/' > csrrci.cc
sed 's/NAME/csrrs/' ../riscv/insn_template.cc | sed 's/OPCODE/ MATCH_CSRRS/' > csrrs.cc
sed 's/NAME/csrrsi/' ../riscv/insn_template.cc | sed 's/OPCODE/ MATCH_CSRRSI/' > csrrsi.cc
sed 's/NAME/csrrw/' ../riscv/insn_template.cc | sed 's/OPCODE/ MATCH_CSRRW/' > csrrw.cc
sed 's/NAME/csrrwi/' ../riscv/insn_template.cc | sed 's/OPCODE/ MATCH_CSRRWI/' > csrrwi.cc
sed 's/NAME/dret/' ../riscv/insn_template.cc | sed 's/OPCODE/ MATCH_DRET/' > dret.cc
sed 's/NAME/ebreak/' ../riscv/insn_template.cc | sed 's/OPCODE/ MATCH_EBREAK/' > ebreak.cc
sed 's/NAME/ecall/' ../riscv/insn_template.cc | sed 's/OPCODE/ MATCH_ECALL/' > ecall.cc
sed 's/NAME/mret/' ../riscv/insn_template.cc | sed 's/OPCODE/ MATCH_MRET/' > mret.cc
sed 's/NAME/sfence_vma/' ../riscv/insn_template.cc | sed 's/OPCODE/ MATCH_SFENCE_VMA/' > sfence_vma.cc
sed 's/NAME/sret/' ../riscv/insn_template.cc | sed 's/OPCODE/ MATCH_SRET/' > sret.cc
sed 's/NAME/wfi/' ../riscv/insn_template.cc | sed 's/OPCODE/ MATCH_WFI/' > wfi.cc
sed 's/NAME/mnret/' ../riscv/insn_template.cc | sed 's/OPCODE/ MATCH_MNRET/' > mnret.cc
sed 's/NAME/sfence_w_inval/' ../riscv/insn_template.cc | sed 's/OPCODE/ MATCH_SFENCE_W_INVAL/' > sfence_w_inval.cc
sed 's/NAME/sfence_inval_ir/' ../riscv/insn_template.cc | sed 's/OPCODE/ MATCH_SFENCE_INVAL_IR/' > sfence_inval_ir.cc
sed 's/NAME/sinval_vma/' ../riscv/insn_template.cc | sed 's/OPCODE/ MATCH_SINVAL_VMA/' > sinval_vma.cc
sed 's/NAME/hinval_vvma/' ../riscv/insn_template.cc | sed 's/OPCODE/ MATCH_HINVAL_VVMA/' > hinval_vvma.cc
sed 's/NAME/hinval_gvma/' ../riscv/insn_template.cc | sed 's/OPCODE/ MATCH_HINVAL_GVMA/' > hinval_gvma.cc
sed 's/NAME/beqi/' ../riscv/insn_template.cc | sed 's/OPCODE/ MATCH_BEQI/' > beqi.cc
sed 's/NAME/bnei/' ../riscv/insn_template.cc | sed 's/OPCODE/ MATCH_BNEI/' > bnei.cc
sed 's/NAME/mop_r_N/' ../riscv/insn_template.cc | sed 's/OPCODE/ MATCH_MOP_R_N/' > mop_r_N.cc
sed 's/NAME/mop_rr_N/' ../riscv/insn_template.cc | sed 's/OPCODE/ MATCH_MOP_RR_N/' > mop_rr_N.cc
sed 's/NAME/c_mop_N/' ../riscv/insn_template.cc | sed 's/OPCODE/ MATCH_C_MOP_N/' > c_mop_N.cc
sed 's/NAME/lpad/' ../riscv/insn_template.cc | sed 's/OPCODE/ MATCH_LPAD/' > lpad.cc
sed 's/NAME/sspush_x1/' ../riscv/insn_template.cc | sed 's/OPCODE/ MATCH_SSPUSH_X1/' > sspush_x1.cc
sed 's/NAME/sspush_x5/' ../riscv/insn_template.cc | sed 's/OPCODE/ MATCH_SSPUSH_X5/' > sspush_x5.cc
sed 's/NAME/sspopchk_x1/' ../riscv/insn_template.cc | sed 's/OPCODE/ MATCH_SSPOPCHK_X1/' > sspopchk_x1.cc
sed 's/NAME/sspopchk_x5/' ../riscv/insn_template.cc | sed 's/OPCODE/ MATCH_SSPOPCHK_X5/' > sspopchk_x5.cc
sed 's/NAME/ssrdp/' ../riscv/insn_template.cc | sed 's/OPCODE/ MATCH_SSRDP/' > ssrdp.cc
sed 's/NAME/ssamoswap_w/' ../riscv/insn_template.cc | sed 's/OPCODE/ MATCH_SSAMOSWAP_W/' > ssamoswap_w.cc
sed 's/NAME/ssamoswap_d/' ../riscv/insn_template.cc | sed 's/OPCODE/ MATCH_SSAMOSWAP_D/' > ssamoswap_d.cc
sed 's/NAME/c_sspush_x1/' ../riscv/insn_template.cc | sed 's/OPCODE/ MATCH_C_SSPUSH_X1/' > c_sspush_x1.cc
sed 's/NAME/c_sspopchk_x5/' ../riscv/insn_template.cc | sed 's/OPCODE/ MATCH_C_SSPOPCHK_X5/' > c_sspopchk_x5.cc
gcc -MMD -MP  -DPREFIX=\"/usr/local\" -Wall -Wno-nonportable-include-path -g -O2 -fPIC -g -O2   -iquote . -I.. -iquote ../fesvr -iquote ../riscv -iquote ../disasm -iquote ../customext -iquote ../fdt -iquote ../softfloat -iquote ../spike_main -iquote ../spike_dasm -Wno-sign-compare -Wno-implicit-fallthrough -c ../softfloat/e4m3_to_f16.c -o e4m3_to_f16.o -MF e4m3_to_f16.d
gcc -MMD -MP  -DPREFIX=\"/usr/local\" -Wall -Wno-nonportable-include-path -g -O2 -fPIC -g -O2   -iquote . -I.. -iquote ../fesvr -iquote ../riscv -iquote ../disasm -iquote ../customext -iquote ../fdt -iquote ../softfloat -iquote ../spike_main -iquote ../spike_dasm -Wno-sign-compare -Wno-implicit-fallthrough -c ../softfloat/e5m2_to_f16.c -o e5m2_to_f16.o -MF e5m2_to_f16.d
gcc -MMD -MP  -DPREFIX=\"/usr/local\" -Wall -Wno-nonportable-include-path -g -O2 -fPIC -g -O2   -iquote . -I.. -iquote ../fesvr -iquote ../riscv -iquote ../disasm -iquote ../customext -iquote ../fdt -iquote ../softfloat -iquote ../spike_main -iquote ../spike_dasm -Wno-sign-compare -Wno-implicit-fallthrough -c ../softfloat/e4m3_to_bf16.c -o e4m3_to_bf16.o -MF e4m3_to_bf16.d
gcc -MMD -MP  -DPREFIX=\"/usr/local\" -Wall -Wno-nonportable-include-path -g -O2 -fPIC -g -O2   -iquote . -I.. -iquote ../fesvr -iquote ../riscv -iquote ../disasm -iquote ../customext -iquote ../fdt -iquote ../softfloat -iquote ../spike_main -iquote ../spike_dasm -Wno-sign-compare -Wno-implicit-fallthrough -c ../softfloat/e5m2_to_bf16.c -o e5m2_to_bf16.o -MF e5m2_to_bf16.d
gcc -MMD -MP  -DPREFIX=\"/usr/local\" -Wall -Wno-nonportable-include-path -g -O2 -fPIC -g -O2   -iquote . -I.. -iquote ../fesvr -iquote ../riscv -iquote ../disasm -iquote ../customext -iquote ../fdt -iquote ../softfloat -iquote ../spike_main -iquote ../spike_dasm -Wno-sign-compare -Wno-implicit-fallthrough -c ../softfloat/bf16_add.c -o bf16_add.o -MF bf16_add.d
gcc -MMD -MP  -DPREFIX=\"/usr/local\" -Wall -Wno-nonportable-include-path -g -O2 -fPIC -g -O2   -iquote . -I.. -iquote ../fesvr -iquote ../riscv -iquote ../disasm -iquote ../customext -iquote ../fdt -iquote ../softfloat -iquote ../spike_main -iquote ../spike_dasm -Wno-sign-compare -Wno-implicit-fallthrough -c ../softfloat/bf16_div.c -o bf16_div.o -MF bf16_div.d
gcc -MMD -MP  -DPREFIX=\"/usr/local\" -Wall -Wno-nonportable-include-path -g -O2 -fPIC -g -O2   -iquote . -I.. -iquote ../fesvr -iquote ../riscv -iquote ../disasm -iquote ../customext -iquote ../fdt -iquote ../softfloat -iquote ../spike_main -iquote ../spike_dasm -Wno-sign-compare -Wno-implicit-fallthrough -c ../softfloat/bf16_mul.c -o bf16_mul.o -MF bf16_mul.d
gcc -MMD -MP  -DPREFIX=\"/usr/local\" -Wall -Wno-nonportable-include-path -g -O2 -fPIC -g -O2   -iquote . -I.. -iquote ../fesvr -iquote ../riscv -iquote ../disasm -iquote ../customext -iquote ../fdt -iquote ../softfloat -iquote ../spike_main -iquote ../spike_dasm -Wno-sign-compare -Wno-implicit-fallthrough -c ../softfloat/bf16_mulAdd.c -o bf16_mulAdd.o -MF bf16_mulAdd.d
gcc -MMD -MP  -DPREFIX=\"/usr/local\" -Wall -Wno-nonportable-include-path -g -O2 -fPIC -g -O2   -iquote . -I.. -iquote ../fesvr -iquote ../riscv -iquote ../disasm -iquote ../customext -iquote ../fdt -iquote ../softfloat -iquote ../spike_main -iquote ../spike_dasm -Wno-sign-compare -Wno-implicit-fallthrough -c ../softfloat/bf16_sqrt.c -o bf16_sqrt.o -MF bf16_sqrt.d
gcc -MMD -MP  -DPREFIX=\"/usr/local\" -Wall -Wno-nonportable-include-path -g -O2 -fPIC -g -O2   -iquote . -I.. -iquote ../fesvr -iquote ../riscv -iquote ../disasm -iquote ../customext -iquote ../fdt -iquote ../softfloat -iquote ../spike_main -iquote ../spike_dasm -Wno-sign-compare -Wno-implicit-fallthrough -c ../softfloat/bf16_sub.c -o bf16_sub.o -MF bf16_sub.d
gcc -MMD -MP  -DPREFIX=\"/usr/local\" -Wall -Wno-nonportable-include-path -g -O2 -fPIC -g -O2   -iquote . -I.. -iquote ../fesvr -iquote ../riscv -iquote ../disasm -iquote ../customext -iquote ../fdt -iquote ../softfloat -iquote ../spike_main -iquote ../spike_dasm -Wno-sign-compare -Wno-implicit-fallthrough -c ../softfloat/bf16_cmp.c -o bf16_cmp.o -MF bf16_cmp.d
gcc -MMD -MP  -DPREFIX=\"/usr/local\" -Wall -Wno-nonportable-include-path -g -O2 -fPIC -g -O2   -iquote . -I.. -iquote ../fesvr -iquote ../riscv -iquote ../disasm -iquote ../customext -iquote ../fdt -iquote ../softfloat -iquote ../spike_main -iquote ../spike_dasm -Wno-sign-compare -Wno-implicit-fallthrough -c ../softfloat/bf16_classify.c -o bf16_classify.o -MF bf16_classify.d
gcc -MMD -MP  -DPREFIX=\"/usr/local\" -Wall -Wno-nonportable-include-path -g -O2 -fPIC -g -O2   -iquote . -I.. -iquote ../fesvr -iquote ../riscv -iquote ../disasm -iquote ../customext -iquote ../fdt -iquote ../softfloat -iquote ../spike_main -iquote ../spike_dasm -Wno-sign-compare -Wno-implicit-fallthrough -c ../softfloat/bf16_to_e4m3.c -o bf16_to_e4m3.o -MF bf16_to_e4m3.d
gcc -MMD -MP  -DPREFIX=\"/usr/local\" -Wall -Wno-nonportable-include-path -g -O2 -fPIC -g -O2   -iquote . -I.. -iquote ../fesvr -iquote ../riscv -iquote ../disasm -iquote ../customext -iquote ../fdt -iquote ../softfloat -iquote ../spike_main -iquote ../spike_dasm -Wno-sign-compare -Wno-implicit-fallthrough -c ../softfloat/bf16_to_e5m2.c -o bf16_to_e5m2.o -MF bf16_to_e5m2.d
gcc -MMD -MP  -DPREFIX=\"/usr/local\" -Wall -Wno-nonportable-include-path -g -O2 -fPIC -g -O2   -iquote . -I.. -iquote ../fesvr -iquote ../riscv -iquote ../disasm -iquote ../customext -iquote ../fdt -iquote ../softfloat -iquote ../spike_main -iquote ../spike_dasm -Wno-sign-compare -Wno-implicit-fallthrough -c ../softfloat/bf16_to_f32.c -o bf16_to_f32.o -MF bf16_to_f32.d
gcc -MMD -MP  -DPREFIX=\"/usr/local\" -Wall -Wno-nonportable-include-path -g -O2 -fPIC -g -O2   -iquote . -I.. -iquote ../fesvr -iquote ../riscv -iquote ../disasm -iquote ../customext -iquote ../fdt -iquote ../softfloat -iquote ../spike_main -iquote ../spike_dasm -Wno-sign-compare -Wno-implicit-fallthrough -c ../softfloat/bf16_to_f64.c -o bf16_to_f64.o -MF bf16_to_f64.d
gcc -MMD -MP  -DPREFIX=\"/usr/local\" -Wall -Wno-nonportable-include-path -g -O2 -fPIC -g -O2   -iquote . -I.. -iquote ../fesvr -iquote ../riscv -iquote ../disasm -iquote ../customext -iquote ../fdt -iquote ../softfloat -iquote ../spike_main -iquote ../spike_dasm -Wno-sign-compare -Wno-implicit-fallthrough -c ../softfloat/bf16_to_i8.c -o bf16_to_i8.o -MF bf16_to_i8.d
gcc -MMD -MP  -DPREFIX=\"/usr/local\" -Wall -Wno-nonportable-include-path -g -O2 -fPIC -g -O2   -iquote . -I.. -iquote ../fesvr -iquote ../riscv -iquote ../disasm -iquote ../customext -iquote ../fdt -iquote ../softfloat -iquote ../spike_main -iquote ../spike_dasm -Wno-sign-compare -Wno-implicit-fallthrough -c ../softfloat/bf16_to_i32.c -o bf16_to_i32.o -MF bf16_to_i32.d
gcc -MMD -MP  -DPREFIX=\"/usr/local\" -Wall -Wno-nonportable-include-path -g -O2 -fPIC -g -O2   -iquote . -I.. -iquote ../fesvr -iquote ../riscv -iquote ../disasm -iquote ../customext -iquote ../fdt -iquote ../softfloat -iquote ../spike_main -iquote ../spike_dasm -Wno-sign-compare -Wno-implicit-fallthrough -c ../softfloat/bf16_to_ui8.c -o bf16_to_ui8.o -MF bf16_to_ui8.d
gcc -MMD -MP  -DPREFIX=\"/usr/local\" -Wall -Wno-nonportable-include-path -g -O2 -fPIC -g -O2   -iquote . -I.. -iquote ../fesvr -iquote ../riscv -iquote ../disasm -iquote ../customext -iquote ../fdt -iquote ../softfloat -iquote ../spike_main -iquote ../spike_dasm -Wno-sign-compare -Wno-implicit-fallthrough -c ../softfloat/bf16_to_ui32.c -o bf16_to_ui32.o -MF bf16_to_ui32.d
gcc -MMD -MP  -DPREFIX=\"/usr/local\" -Wall -Wno-nonportable-include-path -g -O2 -fPIC -g -O2   -iquote . -I.. -iquote ../fesvr -iquote ../riscv -iquote ../disasm -iquote ../customext -iquote ../fdt -iquote ../softfloat -iquote ../spike_main -iquote ../spike_dasm -Wno-sign-compare -Wno-implicit-fallthrough -c ../softfloat/f128_add.c -o f128_add.o -MF f128_add.d
gcc -MMD -MP  -DPREFIX=\"/usr/local\" -Wall -Wno-nonportable-include-path -g -O2 -fPIC -g -O2   -iquote . -I.. -iquote ../fesvr -iquote ../riscv -iquote ../disasm -iquote ../customext -iquote ../fdt -iquote ../softfloat -iquote ../spike_main -iquote ../spike_dasm -Wno-sign-compare -Wno-implicit-fallthrough -c ../softfloat/f128_classify.c -o f128_classify.o -MF f128_classify.d
gcc -MMD -MP  -DPREFIX=\"/usr/local\" -Wall -Wno-nonportable-include-path -g -O2 -fPIC -g -O2   -iquote . -I.. -iquote ../fesvr -iquote ../riscv -iquote ../disasm -iquote ../customext -iquote ../fdt -iquote ../softfloat -iquote ../spike_main -iquote ../spike_dasm -Wno-sign-compare -Wno-implicit-fallthrough -c ../softfloat/f128_div.c -o f128_div.o -MF f128_div.d
gcc -MMD -MP  -DPREFIX=\"/usr/local\" -Wall -Wno-nonportable-include-path -g -O2 -fPIC -g -O2   -iquote . -I.. -iquote ../fesvr -iquote ../riscv -iquote ../disasm -iquote ../customext -iquote ../fdt -iquote ../softfloat -iquote ../spike_main -iquote ../spike_dasm -Wno-sign-compare -Wno-implicit-fallthrough -c ../softfloat/f128_eq.c -o f128_eq.o -MF f128_eq.d
gcc -MMD -MP  -DPREFIX=\"/usr/local\" -Wall -Wno-nonportable-include-path -g -O2 -fPIC -g -O2   -iquote . -I.. -iquote ../fesvr -iquote ../riscv -iquote ../disasm -iquote ../customext -iquote ../fdt -iquote ../softfloat -iquote ../spike_main -iquote ../spike_dasm -Wno-sign-compare -Wno-implicit-fallthrough -c ../softfloat/f128_eq_signaling.c -o f128_eq_signaling.o -MF f128_eq_signaling.d
gcc -MMD -MP  -DPREFIX=\"/usr/local\" -Wall -Wno-nonportable-include-path -g -O2 -fPIC -g -O2   -iquote . -I.. -iquote ../fesvr -iquote ../riscv -iquote ../disasm -iquote ../customext -iquote ../fdt -iquote ../softfloat -iquote ../spike_main -iquote ../spike_dasm -Wno-sign-compare -Wno-implicit-fallthrough -c ../softfloat/f128_isSignalingNaN.c -o f128_isSignalingNaN.o -MF f128_isSignalingNaN.d
gcc -MMD -MP  -DPREFIX=\"/usr/local\" -Wall -Wno-nonportable-include-path -g -O2 -fPIC -g -O2   -iquote . -I.. -iquote ../fesvr -iquote ../riscv -iquote ../disasm -iquote ../customext -iquote ../fdt -iquote ../softfloat -iquote ../spike_main -iquote ../spike_dasm -Wno-sign-compare -Wno-implicit-fallthrough -c ../softfloat/f128_le.c -o f128_le.o -MF f128_le.d
gcc -MMD -MP  -DPREFIX=\"/usr/local\" -Wall -Wno-nonportable-include-path -g -O2 -fPIC -g -O2   -iquote . -I.. -iquote ../fesvr -iquote ../riscv -iquote ../disasm -iquote ../customext -iquote ../fdt -iquote ../softfloat -iquote ../spike_main -iquote ../spike_dasm -Wno-sign-compare -Wno-implicit-fallthrough -c ../softfloat/f128_le_quiet.c -o f128_le_quiet.o -MF f128_le_quiet.d
gcc -MMD -MP  -DPREFIX=\"/usr/local\" -Wall -Wno-nonportable-include-path -g -O2 -fPIC -g -O2   -iquote . -I.. -iquote ../fesvr -iquote ../riscv -iquote ../disasm -iquote ../customext -iquote ../fdt -iquote ../softfloat -iquote ../spike_main -iquote ../spike_dasm -Wno-sign-compare -Wno-implicit-fallthrough -c ../softfloat/f128_lt.c -o f128_lt.o -MF f128_lt.d
gcc -MMD -MP  -DPREFIX=\"/usr/local\" -Wall -Wno-nonportable-include-path -g -O2 -fPIC -g -O2   -iquote . -I.. -iquote ../fesvr -iquote ../riscv -iquote ../disasm -iquote ../customext -iquote ../fdt -iquote ../softfloat -iquote ../spike_main -iquote ../spike_dasm -Wno-sign-compare -Wno-implicit-fallthrough -c ../softfloat/f128_lt_quiet.c -o f128_lt_quiet.o -MF f128_lt_quiet.d
gcc -MMD -MP  -DPREFIX=\"/usr/local\" -Wall -Wno-nonportable-include-path -g -O2 -fPIC -g -O2   -iquote . -I.. -iquote ../fesvr -iquote ../riscv -iquote ../disasm -iquote ../customext -iquote ../fdt -iquote ../softfloat -iquote ../spike_main -iquote ../spike_dasm -Wno-sign-compare -Wno-implicit-fallthrough -c ../softfloat/f128_mulAdd.c -o f128_mulAdd.o -MF f128_mulAdd.d
gcc -MMD -MP  -DPREFIX=\"/usr/local\" -Wall -Wno-nonportable-include-path -g -O2 -fPIC -g -O2   -iquote . -I.. -iquote ../fesvr -iquote ../riscv -iquote ../disasm -iquote ../customext -iquote ../fdt -iquote ../softfloat -iquote ../spike_main -iquote ../spike_dasm -Wno-sign-compare -Wno-implicit-fallthrough -c ../softfloat/f128_mul.c -o f128_mul.o -MF f128_mul.d
gcc -MMD -MP  -DPREFIX=\"/usr/local\" -Wall -Wno-nonportable-include-path -g -O2 -fPIC -g -O2   -iquote . -I.. -iquote ../fesvr -iquote ../riscv -iquote ../disasm -iquote ../customext -iquote ../fdt -iquote ../softfloat -iquote ../spike_main -iquote ../spike_dasm -Wno-sign-compare -Wno-implicit-fallthrough -c ../softfloat/f128_rem.c -o f128_rem.o -MF f128_rem.d
gcc -MMD -MP  -DPREFIX=\"/usr/local\" -Wall -Wno-nonportable-include-path -g -O2 -fPIC -g -O2   -iquote . -I.. -iquote ../fesvr -iquote ../riscv -iquote ../disasm -iquote ../customext -iquote ../fdt -iquote ../softfloat -iquote ../spike_main -iquote ../spike_dasm -Wno-sign-compare -Wno-implicit-fallthrough -c ../softfloat/f128_roundToInt.c -o f128_roundToInt.o -MF f128_roundToInt.d
gcc -MMD -MP  -DPREFIX=\"/usr/local\" -Wall -Wno-nonportable-include-path -g -O2 -fPIC -g -O2   -iquote . -I.. -iquote ../fesvr -iquote ../riscv -iquote ../disasm -iquote ../customext -iquote ../fdt -iquote ../softfloat -iquote ../spike_main -iquote ../spike_dasm -Wno-sign-compare -Wno-implicit-fallthrough -c ../softfloat/f128_sqrt.c -o f128_sqrt.o -MF f128_sqrt.d
gcc -MMD -MP  -DPREFIX=\"/usr/local\" -Wall -Wno-nonportable-include-path -g -O2 -fPIC -g -O2   -iquote . -I.. -iquote ../fesvr -iquote ../riscv -iquote ../disasm -iquote ../customext -iquote ../fdt -iquote ../softfloat -iquote ../spike_main -iquote ../spike_dasm -Wno-sign-compare -Wno-implicit-fallthrough -c ../softfloat/f128_sub.c -o f128_sub.o -MF f128_sub.d
gcc -MMD -MP  -DPREFIX=\"/usr/local\" -Wall -Wno-nonportable-include-path -g -O2 -fPIC -g -O2   -iquote . -I.. -iquote ../fesvr -iquote ../riscv -iquote ../disasm -iquote ../customext -iquote ../fdt -iquote ../softfloat -iquote ../spike_main -iquote ../spike_dasm -Wno-sign-compare -Wno-implicit-fallthrough -c ../softfloat/f128_to_f16.c -o f128_to_f16.o -MF f128_to_f16.d
gcc -MMD -MP  -DPREFIX=\"/usr/local\" -Wall -Wno-nonportable-include-path -g -O2 -fPIC -g -O2   -iquote . -I.. -iquote ../fesvr -iquote ../riscv -iquote ../disasm -iquote ../customext -iquote ../fdt -iquote ../softfloat -iquote ../spike_main -iquote ../spike_dasm -Wno-sign-compare -Wno-implicit-fallthrough -c ../softfloat/f128_to_f32.c -o f128_to_f32.o -MF f128_to_f32.d
gcc -MMD -MP  -DPREFIX=\"/usr/local\" -Wall -Wno-nonportable-include-path -g -O2 -fPIC -g -O2   -iquote . -I.. -iquote ../fesvr -iquote ../riscv -iquote ../disasm -iquote ../customext -iquote ../fdt -iquote ../softfloat -iquote ../spike_main -iquote ../spike_dasm -Wno-sign-compare -Wno-implicit-fallthrough -c ../softfloat/f128_to_f64.c -o f128_to_f64.o -MF f128_to_f64.d
gcc -MMD -MP  -DPREFIX=\"/usr/local\" -Wall -Wno-nonportable-include-path -g -O2 -fPIC -g -O2   -iquote . -I.. -iquote ../fesvr -iquote ../riscv -iquote ../disasm -iquote ../customext -iquote ../fdt -iquote ../softfloat -iquote ../spike_main -iquote ../spike_dasm -Wno-sign-compare -Wno-implicit-fallthrough -c ../softfloat/f128_to_i32.c -o f128_to_i32.o -MF f128_to_i32.d
gcc -MMD -MP  -DPREFIX=\"/usr/local\" -Wall -Wno-nonportable-include-path -g -O2 -fPIC -g -O2   -iquote . -I.. -iquote ../fesvr -iquote ../riscv -iquote ../disasm -iquote ../customext -iquote ../fdt -iquote ../softfloat -iquote ../spike_main -iquote ../spike_dasm -Wno-sign-compare -Wno-implicit-fallthrough -c ../softfloat/f128_to_i32_r_minMag.c -o f128_to_i32_r_minMag.o -MF f128_to_i32_r_minMag.d
gcc -MMD -MP  -DPREFIX=\"/usr/local\" -Wall -Wno-nonportable-include-path -g -O2 -fPIC -g -O2   -iquote . -I.. -iquote ../fesvr -iquote ../riscv -iquote ../disasm -iquote ../customext -iquote ../fdt -iquote ../softfloat -iquote ../spike_main -iquote ../spike_dasm -Wno-sign-compare -Wno-implicit-fallthrough -c ../softfloat/f128_to_i64.c -o f128_to_i64.o -MF f128_to_i64.d
gcc -MMD -MP  -DPREFIX=\"/usr/local\" -Wall -Wno-nonportable-include-path -g -O2 -fPIC -g -O2   -iquote . -I.. -iquote ../fesvr -iquote ../riscv -iquote ../disasm -iquote ../customext -iquote ../fdt -iquote ../softfloat -iquote ../spike_main -iquote ../spike_dasm -Wno-sign-compare -Wno-implicit-fallthrough -c ../softfloat/f128_to_i64_r_minMag.c -o f128_to_i64_r_minMag.o -MF f128_to_i64_r_minMag.d
gcc -MMD -MP  -DPREFIX=\"/usr/local\" -Wall -Wno-nonportable-include-path -g -O2 -fPIC -g -O2   -iquote . -I.. -iquote ../fesvr -iquote ../riscv -iquote ../disasm -iquote ../customext -iquote ../fdt -iquote ../softfloat -iquote ../spike_main -iquote ../spike_dasm -Wno-sign-compare -Wno-implicit-fallthrough -c ../softfloat/f128_to_ui32.c -o f128_to_ui32.o -MF f128_to_ui32.d
gcc -MMD -MP  -DPREFIX=\"/usr/local\" -Wall -Wno-nonportable-include-path -g -O2 -fPIC -g -O2   -iquote . -I.. -iquote ../fesvr -iquote ../riscv -iquote ../disasm -iquote ../customext -iquote ../fdt -iquote ../softfloat -iquote ../spike_main -iquote ../spike_dasm -Wno-sign-compare -Wno-implicit-fallthrough -c ../softfloat/f128_to_ui32_r_minMag.c -o f128_to_ui32_r_minMag.o -MF f128_to_ui32_r_minMag.d
gcc -MMD -MP  -DPREFIX=\"/usr/local\" -Wall -Wno-nonportable-include-path -g -O2 -fPIC -g -O2   -iquote . -I.. -iquote ../fesvr -iquote ../riscv -iquote ../disasm -iquote ../customext -iquote ../fdt -iquote ../softfloat -iquote ../spike_main -iquote ../spike_dasm -Wno-sign-compare -Wno-implicit-fallthrough -c ../softfloat/f128_to_ui64.c -o f128_to_ui64.o -MF f128_to_ui64.d
gcc -MMD -MP  -DPREFIX=\"/usr/local\" -Wall -Wno-nonportable-include-path -g -O2 -fPIC -g -O2   -iquote . -I.. -iquote ../fesvr -iquote ../riscv -iquote ../disasm -iquote ../customext -iquote ../fdt -iquote ../softfloat -iquote ../spike_main -iquote ../spike_dasm -Wno-sign-compare -Wno-implicit-fallthrough -c ../softfloat/f128_to_ui64_r_minMag.c -o f128_to_ui64_r_minMag.o -MF f128_to_ui64_r_minMag.d
gcc -MMD -MP  -DPREFIX=\"/usr/local\" -Wall -Wno-nonportable-include-path -g -O2 -fPIC -g -O2   -iquote . -I.. -iquote ../fesvr -iquote ../riscv -iquote ../disasm -iquote ../customext -iquote ../fdt -iquote ../softfloat -iquote ../spike_main -iquote ../spike_dasm -Wno-sign-compare -Wno-implicit-fallthrough -c ../softfloat/f16_add.c -o f16_add.o -MF f16_add.d
gcc -MMD -MP  -DPREFIX=\"/usr/local\" -Wall -Wno-nonportable-include-path -g -O2 -fPIC -g -O2   -iquote . -I.. -iquote ../fesvr -iquote ../riscv -iquote ../disasm -iquote ../customext -iquote ../fdt -iquote ../softfloat -iquote ../spike_main -iquote ../spike_dasm -Wno-sign-compare -Wno-implicit-fallthrough -c ../softfloat/f16_classify.c -o f16_classify.o -MF f16_classify.d
gcc -MMD -MP  -DPREFIX=\"/usr/local\" -Wall -Wno-nonportable-include-path -g -O2 -fPIC -g -O2   -iquote . -I.. -iquote ../fesvr -iquote ../riscv -iquote ../disasm -iquote ../customext -iquote ../fdt -iquote ../softfloat -iquote ../spike_main -iquote ../spike_dasm -Wno-sign-compare -Wno-implicit-fallthrough -c ../softfloat/f16_div.c -o f16_div.o -MF f16_div.d
gcc -MMD -MP  -DPREFIX=\"/usr/local\" -Wall -Wno-nonportable-include-path -g -O2 -fPIC -g -O2   -iquote . -I.. -iquote ../fesvr -iquote ../riscv -iquote ../disasm -iquote ../customext -iquote ../fdt -iquote ../softfloat -iquote ../spike_main -iquote ../spike_dasm -Wno-sign-compare -Wno-implicit-fallthrough -c ../softfloat/f16_eq.c -o f16_eq.o -MF f16_eq.d
gcc -MMD -MP  -DPREFIX=\"/usr/local\" -Wall -Wno-nonportable-include-path -g -O2 -fPIC -g -O2   -iquote . -I.. -iquote ../fesvr -iquote ../riscv -iquote ../disasm -iquote ../customext -iquote ../fdt -iquote ../softfloat -iquote ../spike_main -iquote ../spike_dasm -Wno-sign-compare -Wno-implicit-fallthrough -c ../softfloat/f16_eq_signaling.c -o f16_eq_signaling.o -MF f16_eq_signaling.d
gcc -MMD -MP  -DPREFIX=\"/usr/local\" -Wall -Wno-nonportable-include-path -g -O2 -fPIC -g -O2   -iquote . -I.. -iquote ../fesvr -iquote ../riscv -iquote ../disasm -iquote ../customext -iquote ../fdt -iquote ../softfloat -iquote ../spike_main -iquote ../spike_dasm -Wno-sign-compare -Wno-implicit-fallthrough -c ../softfloat/f16_isSignalingNaN.c -o f16_isSignalingNaN.o -MF f16_isSignalingNaN.d
gcc -MMD -MP  -DPREFIX=\"/usr/local\" -Wall -Wno-nonportable-include-path -g -O2 -fPIC -g -O2   -iquote . -I.. -iquote ../fesvr -iquote ../riscv -iquote ../disasm -iquote ../customext -iquote ../fdt -iquote ../softfloat -iquote ../spike_main -iquote ../spike_dasm -Wno-sign-compare -Wno-implicit-fallthrough -c ../softfloat/f16_le.c -o f16_le.o -MF f16_le.d
gcc -MMD -MP  -DPREFIX=\"/usr/local\" -Wall -Wno-nonportable-include-path -g -O2 -fPIC -g -O2   -iquote . -I.. -iquote ../fesvr -iquote ../riscv -iquote ../disasm -iquote ../customext -iquote ../fdt -iquote ../softfloat -iquote ../spike_main -iquote ../spike_dasm -Wno-sign-compare -Wno-implicit-fallthrough -c ../softfloat/f16_le_quiet.c -o f16_le_quiet.o -MF f16_le_quiet.d
gcc -MMD -MP  -DPREFIX=\"/usr/local\" -Wall -Wno-nonportable-include-path -g -O2 -fPIC -g -O2   -iquote . -I.. -iquote ../fesvr -iquote ../riscv -iquote ../disasm -iquote ../customext -iquote ../fdt -iquote ../softfloat -iquote ../spike_main -iquote ../spike_dasm -Wno-sign-compare -Wno-implicit-fallthrough -c ../softfloat/f16_lt.c -o f16_lt.o -MF f16_lt.d
gcc -MMD -MP  -DPREFIX=\"/usr/local\" -Wall -Wno-nonportable-include-path -g -O2 -fPIC -g -O2   -iquote . -I.. -iquote ../fesvr -iquote ../riscv -iquote ../disasm -iquote ../customext -iquote ../fdt -iquote ../softfloat -iquote ../spike_main -iquote ../spike_dasm -Wno-sign-compare -Wno-implicit-fallthrough -c ../softfloat/f16_lt_quiet.c -o f16_lt_quiet.o -MF f16_lt_quiet.d
gcc -MMD -MP  -DPREFIX=\"/usr/local\" -Wall -Wno-nonportable-include-path -g -O2 -fPIC -g -O2   -iquote . -I.. -iquote ../fesvr -iquote ../riscv -iquote ../disasm -iquote ../customext -iquote ../fdt -iquote ../softfloat -iquote ../spike_main -iquote ../spike_dasm -Wno-sign-compare -Wno-implicit-fallthrough -c ../softfloat/f16_mulAdd.c -o f16_mulAdd.o -MF f16_mulAdd.d
gcc -MMD -MP  -DPREFIX=\"/usr/local\" -Wall -Wno-nonportable-include-path -g -O2 -fPIC -g -O2   -iquote . -I.. -iquote ../fesvr -iquote ../riscv -iquote ../disasm -iquote ../customext -iquote ../fdt -iquote ../softfloat -iquote ../spike_main -iquote ../spike_dasm -Wno-sign-compare -Wno-implicit-fallthrough -c ../softfloat/f16_mul.c -o f16_mul.o -MF f16_mul.d
gcc -MMD -MP  -DPREFIX=\"/usr/local\" -Wall -Wno-nonportable-include-path -g -O2 -fPIC -g -O2   -iquote . -I.. -iquote ../fesvr -iquote ../riscv -iquote ../disasm -iquote ../customext -iquote ../fdt -iquote ../softfloat -iquote ../spike_main -iquote ../spike_dasm -Wno-sign-compare -Wno-implicit-fallthrough -c ../softfloat/f16_rem.c -o f16_rem.o -MF f16_rem.d
gcc -MMD -MP  -DPREFIX=\"/usr/local\" -Wall -Wno-nonportable-include-path -g -O2 -fPIC -g -O2   -iquote . -I.. -iquote ../fesvr -iquote ../riscv -iquote ../disasm -iquote ../customext -iquote ../fdt -iquote ../softfloat -iquote ../spike_main -iquote ../spike_dasm -Wno-sign-compare -Wno-implicit-fallthrough -c ../softfloat/f16_roundToInt.c -o f16_roundToInt.o -MF f16_roundToInt.d
gcc -MMD -MP  -DPREFIX=\"/usr/local\" -Wall -Wno-nonportable-include-path -g -O2 -fPIC -g -O2   -iquote . -I.. -iquote ../fesvr -iquote ../riscv -iquote ../disasm -iquote ../customext -iquote ../fdt -iquote ../softfloat -iquote ../spike_main -iquote ../spike_dasm -Wno-sign-compare -Wno-implicit-fallthrough -c ../softfloat/f16_sqrt.c -o f16_sqrt.o -MF f16_sqrt.d
gcc -MMD -MP  -DPREFIX=\"/usr/local\" -Wall -Wno-nonportable-include-path -g -O2 -fPIC -g -O2   -iquote . -I.. -iquote ../fesvr -iquote ../riscv -iquote ../disasm -iquote ../customext -iquote ../fdt -iquote ../softfloat -iquote ../spike_main -iquote ../spike_dasm -Wno-sign-compare -Wno-implicit-fallthrough -c ../softfloat/f16_sub.c -o f16_sub.o -MF f16_sub.d
gcc -MMD -MP  -DPREFIX=\"/usr/local\" -Wall -Wno-nonportable-include-path -g -O2 -fPIC -g -O2   -iquote . -I.. -iquote ../fesvr -iquote ../riscv -iquote ../disasm -iquote ../customext -iquote ../fdt -iquote ../softfloat -iquote ../spike_main -iquote ../spike_dasm -Wno-sign-compare -Wno-implicit-fallthrough -c ../softfloat/f16_to_f128.c -o f16_to_f128.o -MF f16_to_f128.d
gcc -MMD -MP  -DPREFIX=\"/usr/local\" -Wall -Wno-nonportable-include-path -g -O2 -fPIC -g -O2   -iquote . -I.. -iquote ../fesvr -iquote ../riscv -iquote ../disasm -iquote ../customext -iquote ../fdt -iquote ../softfloat -iquote ../spike_main -iquote ../spike_dasm -Wno-sign-compare -Wno-implicit-fallthrough -c ../softfloat/f16_to_f32.c -o f16_to_f32.o -MF f16_to_f32.d
gcc -MMD -MP  -DPREFIX=\"/usr/local\" -Wall -Wno-nonportable-include-path -g -O2 -fPIC -g -O2   -iquote . -I.. -iquote ../fesvr -iquote ../riscv -iquote ../disasm -iquote ../customext -iquote ../fdt -iquote ../softfloat -iquote ../spike_main -iquote ../spike_dasm -Wno-sign-compare -Wno-implicit-fallthrough -c ../softfloat/f16_to_f64.c -o f16_to_f64.o -MF f16_to_f64.d
gcc -MMD -MP  -DPREFIX=\"/usr/local\" -Wall -Wno-nonportable-include-path -g -O2 -fPIC -g -O2   -iquote . -I.. -iquote ../fesvr -iquote ../riscv -iquote ../disasm -iquote ../customext -iquote ../fdt -iquote ../softfloat -iquote ../spike_main -iquote ../spike_dasm -Wno-sign-compare -Wno-implicit-fallthrough -c ../softfloat/f16_to_e4m3.c -o f16_to_e4m3.o -MF f16_to_e4m3.d
gcc -MMD -MP  -DPREFIX=\"/usr/local\" -Wall -Wno-nonportable-include-path -g -O2 -fPIC -g -O2   -iquote . -I.. -iquote ../fesvr -iquote ../riscv -iquote ../disasm -iquote ../customext -iquote ../fdt -iquote ../softfloat -iquote ../spike_main -iquote ../spike_dasm -Wno-sign-compare -Wno-implicit-fallthrough -c ../softfloat/f16_to_e5m2.c -o f16_to_e5m2.o -MF f16_to_e5m2.d
gcc -MMD -MP  -DPREFIX=\"/usr/local\" -Wall -Wno-nonportable-include-path -g -O2 -fPIC -g -O2   -iquote . -I.. -iquote ../fesvr -iquote ../riscv -iquote ../disasm -iquote ../customext -iquote ../fdt -iquote ../softfloat -iquote ../spike_main -iquote ../spike_dasm -Wno-sign-compare -Wno-implicit-fallthrough -c ../softfloat/f16_to_i8.c -o f16_to_i8.o -MF f16_to_i8.d
gcc -MMD -MP  -DPREFIX=\"/usr/local\" -Wall -Wno-nonportable-include-path -g -O2 -fPIC -g -O2   -iquote . -I.. -iquote ../fesvr -iquote ../riscv -iquote ../disasm -iquote ../customext -iquote ../fdt -iquote ../softfloat -iquote ../spike_main -iquote ../spike_dasm -Wno-sign-compare -Wno-implicit-fallthrough -c ../softfloat/f16_to_i16.c -o f16_to_i16.o -MF f16_to_i16.d
gcc -MMD -MP  -DPREFIX=\"/usr/local\" -Wall -Wno-nonportable-include-path -g -O2 -fPIC -g -O2   -iquote . -I.. -iquote ../fesvr -iquote ../riscv -iquote ../disasm -iquote ../customext -iquote ../fdt -iquote ../softfloat -iquote ../spike_main -iquote ../spike_dasm -Wno-sign-compare -Wno-implicit-fallthrough -c ../softfloat/f16_to_i32.c -o f16_to_i32.o -MF f16_to_i32.d
gcc -MMD -MP  -DPREFIX=\"/usr/local\" -Wall -Wno-nonportable-include-path -g -O2 -fPIC -g -O2   -iquote . -I.. -iquote ../fesvr -iquote ../riscv -iquote ../disasm -iquote ../customext -iquote ../fdt -iquote ../softfloat -iquote ../spike_main -iquote ../spike_dasm -Wno-sign-compare -Wno-implicit-fallthrough -c ../softfloat/f16_to_i32_r_minMag.c -o f16_to_i32_r_minMag.o -MF f16_to_i32_r_minMag.d
gcc -MMD -MP  -DPREFIX=\"/usr/local\" -Wall -Wno-nonportable-include-path -g -O2 -fPIC -g -O2   -iquote . -I.. -iquote ../fesvr -iquote ../riscv -iquote ../disasm -iquote ../customext -iquote ../fdt -iquote ../softfloat -iquote ../spike_main -iquote ../spike_dasm -Wno-sign-compare -Wno-implicit-fallthrough -c ../softfloat/f16_to_i64.c -o f16_to_i64.o -MF f16_to_i64.d
gcc -MMD -MP  -DPREFIX=\"/usr/local\" -Wall -Wno-nonportable-include-path -g -O2 -fPIC -g -O2   -iquote . -I.. -iquote ../fesvr -iquote ../riscv -iquote ../disasm -iquote ../customext -iquote ../fdt -iquote ../softfloat -iquote ../spike_main -iquote ../spike_dasm -Wno-sign-compare -Wno-implicit-fallthrough -c ../softfloat/f16_to_i64_r_minMag.c -o f16_to_i64_r_minMag.o -MF f16_to_i64_r_minMag.d
gcc -MMD -MP  -DPREFIX=\"/usr/local\" -Wall -Wno-nonportable-include-path -g -O2 -fPIC -g -O2   -iquote . -I.. -iquote ../fesvr -iquote ../riscv -iquote ../disasm -iquote ../customext -iquote ../fdt -iquote ../softfloat -iquote ../spike_main -iquote ../spike_dasm -Wno-sign-compare -Wno-implicit-fallthrough -c ../softfloat/f16_to_ui8.c -o f16_to_ui8.o -MF f16_to_ui8.d
gcc -MMD -MP  -DPREFIX=\"/usr/local\" -Wall -Wno-nonportable-include-path -g -O2 -fPIC -g -O2   -iquote . -I.. -iquote ../fesvr -iquote ../riscv -iquote ../disasm -iquote ../customext -iquote ../fdt -iquote ../softfloat -iquote ../spike_main -iquote ../spike_dasm -Wno-sign-compare -Wno-implicit-fallthrough -c ../softfloat/f16_to_ui16.c -o f16_to_ui16.o -MF f16_to_ui16.d
gcc -MMD -MP  -DPREFIX=\"/usr/local\" -Wall -Wno-nonportable-include-path -g -O2 -fPIC -g -O2   -iquote . -I.. -iquote ../fesvr -iquote ../riscv -iquote ../disasm -iquote ../customext -iquote ../fdt -iquote ../softfloat -iquote ../spike_main -iquote ../spike_dasm -Wno-sign-compare -Wno-implicit-fallthrough -c ../softfloat/f16_to_ui32.c -o f16_to_ui32.o -MF f16_to_ui32.d
gcc -MMD -MP  -DPREFIX=\"/usr/local\" -Wall -Wno-nonportable-include-path -g -O2 -fPIC -g -O2   -iquote . -I.. -iquote ../fesvr -iquote ../riscv -iquote ../disasm -iquote ../customext -iquote ../fdt -iquote ../softfloat -iquote ../spike_main -iquote ../spike_dasm -Wno-sign-compare -Wno-implicit-fallthrough -c ../softfloat/f16_to_ui32_r_minMag.c -o f16_to_ui32_r_minMag.o -MF f16_to_ui32_r_minMag.d
gcc -MMD -MP  -DPREFIX=\"/usr/local\" -Wall -Wno-nonportable-include-path -g -O2 -fPIC -g -O2   -iquote . -I.. -iquote ../fesvr -iquote ../riscv -iquote ../disasm -iquote ../customext -iquote ../fdt -iquote ../softfloat -iquote ../spike_main -iquote ../spike_dasm -Wno-sign-compare -Wno-implicit-fallthrough -c ../softfloat/f16_to_ui64.c -o f16_to_ui64.o -MF f16_to_ui64.d
gcc -MMD -MP  -DPREFIX=\"/usr/local\" -Wall -Wno-nonportable-include-path -g -O2 -fPIC -g -O2   -iquote . -I.. -iquote ../fesvr -iquote ../riscv -iquote ../disasm -iquote ../customext -iquote ../fdt -iquote ../softfloat -iquote ../spike_main -iquote ../spike_dasm -Wno-sign-compare -Wno-implicit-fallthrough -c ../softfloat/f16_to_ui64_r_minMag.c -o f16_to_ui64_r_minMag.o -MF f16_to_ui64_r_minMag.d
gcc -MMD -MP  -DPREFIX=\"/usr/local\" -Wall -Wno-nonportable-include-path -g -O2 -fPIC -g -O2   -iquote . -I.. -iquote ../fesvr -iquote ../riscv -iquote ../disasm -iquote ../customext -iquote ../fdt -iquote ../softfloat -iquote ../spike_main -iquote ../spike_dasm -Wno-sign-compare -Wno-implicit-fallthrough -c ../softfloat/f32_add.c -o f32_add.o -MF f32_add.d
gcc -MMD -MP  -DPREFIX=\"/usr/local\" -Wall -Wno-nonportable-include-path -g -O2 -fPIC -g -O2   -iquote . -I.. -iquote ../fesvr -iquote ../riscv -iquote ../disasm -iquote ../customext -iquote ../fdt -iquote ../softfloat -iquote ../spike_main -iquote ../spike_dasm -Wno-sign-compare -Wno-implicit-fallthrough -c ../softfloat/f32_classify.c -o f32_classify.o -MF f32_classify.d
gcc -MMD -MP  -DPREFIX=\"/usr/local\" -Wall -Wno-nonportable-include-path -g -O2 -fPIC -g -O2   -iquote . -I.. -iquote ../fesvr -iquote ../riscv -iquote ../disasm -iquote ../customext -iquote ../fdt -iquote ../softfloat -iquote ../spike_main -iquote ../spike_dasm -Wno-sign-compare -Wno-implicit-fallthrough -c ../softfloat/f32_div.c -o f32_div.o -MF f32_div.d
gcc -MMD -MP  -DPREFIX=\"/usr/local\" -Wall -Wno-nonportable-include-path -g -O2 -fPIC -g -O2   -iquote . -I.. -iquote ../fesvr -iquote ../riscv -iquote ../disasm -iquote ../customext -iquote ../fdt -iquote ../softfloat -iquote ../spike_main -iquote ../spike_dasm -Wno-sign-compare -Wno-implicit-fallthrough -c ../softfloat/f32_eq.c -o f32_eq.o -MF f32_eq.d
gcc -MMD -MP  -DPREFIX=\"/usr/local\" -Wall -Wno-nonportable-include-path -g -O2 -fPIC -g -O2   -iquote . -I.. -iquote ../fesvr -iquote ../riscv -iquote ../disasm -iquote ../customext -iquote ../fdt -iquote ../softfloat -iquote ../spike_main -iquote ../spike_dasm -Wno-sign-compare -Wno-implicit-fallthrough -c ../softfloat/f32_eq_signaling.c -o f32_eq_signaling.o -MF f32_eq_signaling.d
gcc -MMD -MP  -DPREFIX=\"/usr/local\" -Wall -Wno-nonportable-include-path -g -O2 -fPIC -g -O2   -iquote . -I.. -iquote ../fesvr -iquote ../riscv -iquote ../disasm -iquote ../customext -iquote ../fdt -iquote ../softfloat -iquote ../spike_main -iquote ../spike_dasm -Wno-sign-compare -Wno-implicit-fallthrough -c ../softfloat/f32_isSignalingNaN.c -o f32_isSignalingNaN.o -MF f32_isSignalingNaN.d
gcc -MMD -MP  -DPREFIX=\"/usr/local\" -Wall -Wno-nonportable-include-path -g -O2 -fPIC -g -O2   -iquote . -I.. -iquote ../fesvr -iquote ../riscv -iquote ../disasm -iquote ../customext -iquote ../fdt -iquote ../softfloat -iquote ../spike_main -iquote ../spike_dasm -Wno-sign-compare -Wno-implicit-fallthrough -c ../softfloat/f32_le.c -o f32_le.o -MF f32_le.d
gcc -MMD -MP  -DPREFIX=\"/usr/local\" -Wall -Wno-nonportable-include-path -g -O2 -fPIC -g -O2   -iquote . -I.. -iquote ../fesvr -iquote ../riscv -iquote ../disasm -iquote ../customext -iquote ../fdt -iquote ../softfloat -iquote ../spike_main -iquote ../spike_dasm -Wno-sign-compare -Wno-implicit-fallthrough -c ../softfloat/f32_le_quiet.c -o f32_le_quiet.o -MF f32_le_quiet.d
gcc -MMD -MP  -DPREFIX=\"/usr/local\" -Wall -Wno-nonportable-include-path -g -O2 -fPIC -g -O2   -iquote . -I.. -iquote ../fesvr -iquote ../riscv -iquote ../disasm -iquote ../customext -iquote ../fdt -iquote ../softfloat -iquote ../spike_main -iquote ../spike_dasm -Wno-sign-compare -Wno-implicit-fallthrough -c ../softfloat/f32_lt.c -o f32_lt.o -MF f32_lt.d
gcc -MMD -MP  -DPREFIX=\"/usr/local\" -Wall -Wno-nonportable-include-path -g -O2 -fPIC -g -O2   -iquote . -I.. -iquote ../fesvr -iquote ../riscv -iquote ../disasm -iquote ../customext -iquote ../fdt -iquote ../softfloat -iquote ../spike_main -iquote ../spike_dasm -Wno-sign-compare -Wno-implicit-fallthrough -c ../softfloat/f32_lt_quiet.c -o f32_lt_quiet.o -MF f32_lt_quiet.d
gcc -MMD -MP  -DPREFIX=\"/usr/local\" -Wall -Wno-nonportable-include-path -g -O2 -fPIC -g -O2   -iquote . -I.. -iquote ../fesvr -iquote ../riscv -iquote ../disasm -iquote ../customext -iquote ../fdt -iquote ../softfloat -iquote ../spike_main -iquote ../spike_dasm -Wno-sign-compare -Wno-implicit-fallthrough -c ../softfloat/f32_mulAdd.c -o f32_mulAdd.o -MF f32_mulAdd.d
gcc -MMD -MP  -DPREFIX=\"/usr/local\" -Wall -Wno-nonportable-include-path -g -O2 -fPIC -g -O2   -iquote . -I.. -iquote ../fesvr -iquote ../riscv -iquote ../disasm -iquote ../customext -iquote ../fdt -iquote ../softfloat -iquote ../spike_main -iquote ../spike_dasm -Wno-sign-compare -Wno-implicit-fallthrough -c ../softfloat/f32_mul.c -o f32_mul.o -MF f32_mul.d
gcc -MMD -MP  -DPREFIX=\"/usr/local\" -Wall -Wno-nonportable-include-path -g -O2 -fPIC -g -O2   -iquote . -I.. -iquote ../fesvr -iquote ../riscv -iquote ../disasm -iquote ../customext -iquote ../fdt -iquote ../softfloat -iquote ../spike_main -iquote ../spike_dasm -Wno-sign-compare -Wno-implicit-fallthrough -c ../softfloat/f32_rem.c -o f32_rem.o -MF f32_rem.d
gcc -MMD -MP  -DPREFIX=\"/usr/local\" -Wall -Wno-nonportable-include-path -g -O2 -fPIC -g -O2   -iquote . -I.. -iquote ../fesvr -iquote ../riscv -iquote ../disasm -iquote ../customext -iquote ../fdt -iquote ../softfloat -iquote ../spike_main -iquote ../spike_dasm -Wno-sign-compare -Wno-implicit-fallthrough -c ../softfloat/f32_roundToInt.c -o f32_roundToInt.o -MF f32_roundToInt.d
gcc -MMD -MP  -DPREFIX=\"/usr/local\" -Wall -Wno-nonportable-include-path -g -O2 -fPIC -g -O2   -iquote . -I.. -iquote ../fesvr -iquote ../riscv -iquote ../disasm -iquote ../customext -iquote ../fdt -iquote ../softfloat -iquote ../spike_main -iquote ../spike_dasm -Wno-sign-compare -Wno-implicit-fallthrough -c ../softfloat/f32_sqrt.c -o f32_sqrt.o -MF f32_sqrt.d
gcc -MMD -MP  -DPREFIX=\"/usr/local\" -Wall -Wno-nonportable-include-path -g -O2 -fPIC -g -O2   -iquote . -I.. -iquote ../fesvr -iquote ../riscv -iquote ../disasm -iquote ../customext -iquote ../fdt -iquote ../softfloat -iquote ../spike_main -iquote ../spike_dasm -Wno-sign-compare -Wno-implicit-fallthrough -c ../softfloat/f32_sub.c -o f32_sub.o -MF f32_sub.d
gcc -MMD -MP  -DPREFIX=\"/usr/local\" -Wall -Wno-nonportable-include-path -g -O2 -fPIC -g -O2   -iquote . -I.. -iquote ../fesvr -iquote ../riscv -iquote ../disasm -iquote ../customext -iquote ../fdt -iquote ../softfloat -iquote ../spike_main -iquote ../spike_dasm -Wno-sign-compare -Wno-implicit-fallthrough -c ../softfloat/f32_to_e4m3.c -o f32_to_e4m3.o -MF f32_to_e4m3.d
gcc -MMD -MP  -DPREFIX=\"/usr/local\" -Wall -Wno-nonportable-include-path -g -O2 -fPIC -g -O2   -iquote . -I.. -iquote ../fesvr -iquote ../riscv -iquote ../disasm -iquote ../customext -iquote ../fdt -iquote ../softfloat -iquote ../spike_main -iquote ../spike_dasm -Wno-sign-compare -Wno-implicit-fallthrough -c ../softfloat/f32_to_e5m2.c -o f32_to_e5m2.o -MF f32_to_e5m2.d
gcc -MMD -MP  -DPREFIX=\"/usr/local\" -Wall -Wno-nonportable-include-path -g -O2 -fPIC -g -O2   -iquote . -I.. -iquote ../fesvr -iquote ../riscv -iquote ../disasm -iquote ../customext -iquote ../fdt -iquote ../softfloat -iquote ../spike_main -iquote ../spike_dasm -Wno-sign-compare -Wno-implicit-fallthrough -c ../softfloat/f32_to_bf16.c -o f32_to_bf16.o -MF f32_to_bf16.d
gcc -MMD -MP  -DPREFIX=\"/usr/local\" -Wall -Wno-nonportable-include-path -g -O2 -fPIC -g -O2   -iquote . -I.. -iquote ../fesvr -iquote ../riscv -iquote ../disasm -iquote ../customext -iquote ../fdt -iquote ../softfloat -iquote ../spike_main -iquote ../spike_dasm -Wno-sign-compare -Wno-implicit-fallthrough -c ../softfloat/f32_to_f128.c -o f32_to_f128.o -MF f32_to_f128.d
gcc -MMD -MP  -DPREFIX=\"/usr/local\" -Wall -Wno-nonportable-include-path -g -O2 -fPIC -g -O2   -iquote . -I.. -iquote ../fesvr -iquote ../riscv -iquote ../disasm -iquote ../customext -iquote ../fdt -iquote ../softfloat -iquote ../spike_main -iquote ../spike_dasm -Wno-sign-compare -Wno-implicit-fallthrough -c ../softfloat/f32_to_f16.c -o f32_to_f16.o -MF f32_to_f16.d
gcc -MMD -MP  -DPREFIX=\"/usr/local\" -Wall -Wno-nonportable-include-path -g -O2 -fPIC -g -O2   -iquote . -I.. -iquote ../fesvr -iquote ../riscv -iquote ../disasm -iquote ../customext -iquote ../fdt -iquote ../softfloat -iquote ../spike_main -iquote ../spike_dasm -Wno-sign-compare -Wno-implicit-fallthrough -c ../softfloat/f32_to_f64.c -o f32_to_f64.o -MF f32_to_f64.d
gcc -MMD -MP  -DPREFIX=\"/usr/local\" -Wall -Wno-nonportable-include-path -g -O2 -fPIC -g -O2   -iquote . -I.. -iquote ../fesvr -iquote ../riscv -iquote ../disasm -iquote ../customext -iquote ../fdt -iquote ../softfloat -iquote ../spike_main -iquote ../spike_dasm -Wno-sign-compare -Wno-implicit-fallthrough -c ../softfloat/f32_to_i16.c -o f32_to_i16.o -MF f32_to_i16.d
gcc -MMD -MP  -DPREFIX=\"/usr/local\" -Wall -Wno-nonportable-include-path -g -O2 -fPIC -g -O2   -iquote . -I.. -iquote ../fesvr -iquote ../riscv -iquote ../disasm -iquote ../customext -iquote ../fdt -iquote ../softfloat -iquote ../spike_main -iquote ../spike_dasm -Wno-sign-compare -Wno-implicit-fallthrough -c ../softfloat/f32_to_i32.c -o f32_to_i32.o -MF f32_to_i32.d
gcc -MMD -MP  -DPREFIX=\"/usr/local\" -Wall -Wno-nonportable-include-path -g -O2 -fPIC -g -O2   -iquote . -I.. -iquote ../fesvr -iquote ../riscv -iquote ../disasm -iquote ../customext -iquote ../fdt -iquote ../softfloat -iquote ../spike_main -iquote ../spike_dasm -Wno-sign-compare -Wno-implicit-fallthrough -c ../softfloat/f32_to_i32_r_minMag.c -o f32_to_i32_r_minMag.o -MF f32_to_i32_r_minMag.d
gcc -MMD -MP  -DPREFIX=\"/usr/local\" -Wall -Wno-nonportable-include-path -g -O2 -fPIC -g -O2   -iquote . -I.. -iquote ../fesvr -iquote ../riscv -iquote ../disasm -iquote ../customext -iquote ../fdt -iquote ../softfloat -iquote ../spike_main -iquote ../spike_dasm -Wno-sign-compare -Wno-implicit-fallthrough -c ../softfloat/f32_to_i64.c -o f32_to_i64.o -MF f32_to_i64.d
gcc -MMD -MP  -DPREFIX=\"/usr/local\" -Wall -Wno-nonportable-include-path -g -O2 -fPIC -g -O2   -iquote . -I.. -iquote ../fesvr -iquote ../riscv -iquote ../disasm -iquote ../customext -iquote ../fdt -iquote ../softfloat -iquote ../spike_main -iquote ../spike_dasm -Wno-sign-compare -Wno-implicit-fallthrough -c ../softfloat/f32_to_i64_r_minMag.c -o f32_to_i64_r_minMag.o -MF f32_to_i64_r_minMag.d
gcc -MMD -MP  -DPREFIX=\"/usr/local\" -Wall -Wno-nonportable-include-path -g -O2 -fPIC -g -O2   -iquote . -I.. -iquote ../fesvr -iquote ../riscv -iquote ../disasm -iquote ../customext -iquote ../fdt -iquote ../softfloat -iquote ../spike_main -iquote ../spike_dasm -Wno-sign-compare -Wno-implicit-fallthrough -c ../softfloat/f32_to_ui16.c -o f32_to_ui16.o -MF f32_to_ui16.d
gcc -MMD -MP  -DPREFIX=\"/usr/local\" -Wall -Wno-nonportable-include-path -g -O2 -fPIC -g -O2   -iquote . -I.. -iquote ../fesvr -iquote ../riscv -iquote ../disasm -iquote ../customext -iquote ../fdt -iquote ../softfloat -iquote ../spike_main -iquote ../spike_dasm -Wno-sign-compare -Wno-implicit-fallthrough -c ../softfloat/f32_to_ui32.c -o f32_to_ui32.o -MF f32_to_ui32.d
gcc -MMD -MP  -DPREFIX=\"/usr/local\" -Wall -Wno-nonportable-include-path -g -O2 -fPIC -g -O2   -iquote . -I.. -iquote ../fesvr -iquote ../riscv -iquote ../disasm -iquote ../customext -iquote ../fdt -iquote ../softfloat -iquote ../spike_main -iquote ../spike_dasm -Wno-sign-compare -Wno-implicit-fallthrough -c ../softfloat/f32_to_ui32_r_minMag.c -o f32_to_ui32_r_minMag.o -MF f32_to_ui32_r_minMag.d
gcc -MMD -MP  -DPREFIX=\"/usr/local\" -Wall -Wno-nonportable-include-path -g -O2 -fPIC -g -O2   -iquote . -I.. -iquote ../fesvr -iquote ../riscv -iquote ../disasm -iquote ../customext -iquote ../fdt -iquote ../softfloat -iquote ../spike_main -iquote ../spike_dasm -Wno-sign-compare -Wno-implicit-fallthrough -c ../softfloat/f32_to_ui64.c -o f32_to_ui64.o -MF f32_to_ui64.d
gcc -MMD -MP  -DPREFIX=\"/usr/local\" -Wall -Wno-nonportable-include-path -g -O2 -fPIC -g -O2   -iquote . -I.. -iquote ../fesvr -iquote ../riscv -iquote ../disasm -iquote ../customext -iquote ../fdt -iquote ../softfloat -iquote ../spike_main -iquote ../spike_dasm -Wno-sign-compare -Wno-implicit-fallthrough -c ../softfloat/f32_to_ui64_r_minMag.c -o f32_to_ui64_r_minMag.o -MF f32_to_ui64_r_minMag.d
gcc -MMD -MP  -DPREFIX=\"/usr/local\" -Wall -Wno-nonportable-include-path -g -O2 -fPIC -g -O2   -iquote . -I.. -iquote ../fesvr -iquote ../riscv -iquote ../disasm -iquote ../customext -iquote ../fdt -iquote ../softfloat -iquote ../spike_main -iquote ../spike_dasm -Wno-sign-compare -Wno-implicit-fallthrough -c ../softfloat/f32_to_i8.c -o f32_to_i8.o -MF f32_to_i8.d
gcc -MMD -MP  -DPREFIX=\"/usr/local\" -Wall -Wno-nonportable-include-path -g -O2 -fPIC -g -O2   -iquote . -I.. -iquote ../fesvr -iquote ../riscv -iquote ../disasm -iquote ../customext -iquote ../fdt -iquote ../softfloat -iquote ../spike_main -iquote ../spike_dasm -Wno-sign-compare -Wno-implicit-fallthrough -c ../softfloat/f32_to_ui8.c -o f32_to_ui8.o -MF f32_to_ui8.d
gcc -MMD -MP  -DPREFIX=\"/usr/local\" -Wall -Wno-nonportable-include-path -g -O2 -fPIC -g -O2   -iquote . -I.. -iquote ../fesvr -iquote ../riscv -iquote ../disasm -iquote ../customext -iquote ../fdt -iquote ../softfloat -iquote ../spike_main -iquote ../spike_dasm -Wno-sign-compare -Wno-implicit-fallthrough -c ../softfloat/f64_add.c -o f64_add.o -MF f64_add.d
gcc -MMD -MP  -DPREFIX=\"/usr/local\" -Wall -Wno-nonportable-include-path -g -O2 -fPIC -g -O2   -iquote . -I.. -iquote ../fesvr -iquote ../riscv -iquote ../disasm -iquote ../customext -iquote ../fdt -iquote ../softfloat -iquote ../spike_main -iquote ../spike_dasm -Wno-sign-compare -Wno-implicit-fallthrough -c ../softfloat/f64_classify.c -o f64_classify.o -MF f64_classify.d
gcc -MMD -MP  -DPREFIX=\"/usr/local\" -Wall -Wno-nonportable-include-path -g -O2 -fPIC -g -O2   -iquote . -I.. -iquote ../fesvr -iquote ../riscv -iquote ../disasm -iquote ../customext -iquote ../fdt -iquote ../softfloat -iquote ../spike_main -iquote ../spike_dasm -Wno-sign-compare -Wno-implicit-fallthrough -c ../softfloat/f64_div.c -o f64_div.o -MF f64_div.d
gcc -MMD -MP  -DPREFIX=\"/usr/local\" -Wall -Wno-nonportable-include-path -g -O2 -fPIC -g -O2   -iquote . -I.. -iquote ../fesvr -iquote ../riscv -iquote ../disasm -iquote ../customext -iquote ../fdt -iquote ../softfloat -iquote ../spike_main -iquote ../spike_dasm -Wno-sign-compare -Wno-implicit-fallthrough -c ../softfloat/f64_eq.c -o f64_eq.o -MF f64_eq.d
gcc -MMD -MP  -DPREFIX=\"/usr/local\" -Wall -Wno-nonportable-include-path -g -O2 -fPIC -g -O2   -iquote . -I.. -iquote ../fesvr -iquote ../riscv -iquote ../disasm -iquote ../customext -iquote ../fdt -iquote ../softfloat -iquote ../spike_main -iquote ../spike_dasm -Wno-sign-compare -Wno-implicit-fallthrough -c ../softfloat/f64_eq_signaling.c -o f64_eq_signaling.o -MF f64_eq_signaling.d
gcc -MMD -MP  -DPREFIX=\"/usr/local\" -Wall -Wno-nonportable-include-path -g -O2 -fPIC -g -O2   -iquote . -I.. -iquote ../fesvr -iquote ../riscv -iquote ../disasm -iquote ../customext -iquote ../fdt -iquote ../softfloat -iquote ../spike_main -iquote ../spike_dasm -Wno-sign-compare -Wno-implicit-fallthrough -c ../softfloat/f64_isSignalingNaN.c -o f64_isSignalingNaN.o -MF f64_isSignalingNaN.d
gcc -MMD -MP  -DPREFIX=\"/usr/local\" -Wall -Wno-nonportable-include-path -g -O2 -fPIC -g -O2   -iquote . -I.. -iquote ../fesvr -iquote ../riscv -iquote ../disasm -iquote ../customext -iquote ../fdt -iquote ../softfloat -iquote ../spike_main -iquote ../spike_dasm -Wno-sign-compare -Wno-implicit-fallthrough -c ../softfloat/f64_le.c -o f64_le.o -MF f64_le.d
gcc -MMD -MP  -DPREFIX=\"/usr/local\" -Wall -Wno-nonportable-include-path -g -O2 -fPIC -g -O2   -iquote . -I.. -iquote ../fesvr -iquote ../riscv -iquote ../disasm -iquote ../customext -iquote ../fdt -iquote ../softfloat -iquote ../spike_main -iquote ../spike_dasm -Wno-sign-compare -Wno-implicit-fallthrough -c ../softfloat/f64_le_quiet.c -o f64_le_quiet.o -MF f64_le_quiet.d
gcc -MMD -MP  -DPREFIX=\"/usr/local\" -Wall -Wno-nonportable-include-path -g -O2 -fPIC -g -O2   -iquote . -I.. -iquote ../fesvr -iquote ../riscv -iquote ../disasm -iquote ../customext -iquote ../fdt -iquote ../softfloat -iquote ../spike_main -iquote ../spike_dasm -Wno-sign-compare -Wno-implicit-fallthrough -c ../softfloat/f64_lt.c -o f64_lt.o -MF f64_lt.d
gcc -MMD -MP  -DPREFIX=\"/usr/local\" -Wall -Wno-nonportable-include-path -g -O2 -fPIC -g -O2   -iquote . -I.. -iquote ../fesvr -iquote ../riscv -iquote ../disasm -iquote ../customext -iquote ../fdt -iquote ../softfloat -iquote ../spike_main -iquote ../spike_dasm -Wno-sign-compare -Wno-implicit-fallthrough -c ../softfloat/f64_lt_quiet.c -o f64_lt_quiet.o -MF f64_lt_quiet.d
gcc -MMD -MP  -DPREFIX=\"/usr/local\" -Wall -Wno-nonportable-include-path -g -O2 -fPIC -g -O2   -iquote . -I.. -iquote ../fesvr -iquote ../riscv -iquote ../disasm -iquote ../customext -iquote ../fdt -iquote ../softfloat -iquote ../spike_main -iquote ../spike_dasm -Wno-sign-compare -Wno-implicit-fallthrough -c ../softfloat/f64_mulAdd.c -o f64_mulAdd.o -MF f64_mulAdd.d
gcc -MMD -MP  -DPREFIX=\"/usr/local\" -Wall -Wno-nonportable-include-path -g -O2 -fPIC -g -O2   -iquote . -I.. -iquote ../fesvr -iquote ../riscv -iquote ../disasm -iquote ../customext -iquote ../fdt -iquote ../softfloat -iquote ../spike_main -iquote ../spike_dasm -Wno-sign-compare -Wno-implicit-fallthrough -c ../softfloat/f64_mul.c -o f64_mul.o -MF f64_mul.d
gcc -MMD -MP  -DPREFIX=\"/usr/local\" -Wall -Wno-nonportable-include-path -g -O2 -fPIC -g -O2   -iquote . -I.. -iquote ../fesvr -iquote ../riscv -iquote ../disasm -iquote ../customext -iquote ../fdt -iquote ../softfloat -iquote ../spike_main -iquote ../spike_dasm -Wno-sign-compare -Wno-implicit-fallthrough -c ../softfloat/f64_rem.c -o f64_rem.o -MF f64_rem.d
gcc -MMD -MP  -DPREFIX=\"/usr/local\" -Wall -Wno-nonportable-include-path -g -O2 -fPIC -g -O2   -iquote . -I.. -iquote ../fesvr -iquote ../riscv -iquote ../disasm -iquote ../customext -iquote ../fdt -iquote ../softfloat -iquote ../spike_main -iquote ../spike_dasm -Wno-sign-compare -Wno-implicit-fallthrough -c ../softfloat/f64_roundToInt.c -o f64_roundToInt.o -MF f64_roundToInt.d
gcc -MMD -MP  -DPREFIX=\"/usr/local\" -Wall -Wno-nonportable-include-path -g -O2 -fPIC -g -O2   -iquote . -I.. -iquote ../fesvr -iquote ../riscv -iquote ../disasm -iquote ../customext -iquote ../fdt -iquote ../softfloat -iquote ../spike_main -iquote ../spike_dasm -Wno-sign-compare -Wno-implicit-fallthrough -c ../softfloat/f64_sqrt.c -o f64_sqrt.o -MF f64_sqrt.d
gcc -MMD -MP  -DPREFIX=\"/usr/local\" -Wall -Wno-nonportable-include-path -g -O2 -fPIC -g -O2   -iquote . -I.. -iquote ../fesvr -iquote ../riscv -iquote ../disasm -iquote ../customext -iquote ../fdt -iquote ../softfloat -iquote ../spike_main -iquote ../spike_dasm -Wno-sign-compare -Wno-implicit-fallthrough -c ../softfloat/f64_sub.c -o f64_sub.o -MF f64_sub.d
gcc -MMD -MP  -DPREFIX=\"/usr/local\" -Wall -Wno-nonportable-include-path -g -O2 -fPIC -g -O2   -iquote . -I.. -iquote ../fesvr -iquote ../riscv -iquote ../disasm -iquote ../customext -iquote ../fdt -iquote ../softfloat -iquote ../spike_main -iquote ../spike_dasm -Wno-sign-compare -Wno-implicit-fallthrough -c ../softfloat/f64_to_bf16.c -o f64_to_bf16.o -MF f64_to_bf16.d
gcc -MMD -MP  -DPREFIX=\"/usr/local\" -Wall -Wno-nonportable-include-path -g -O2 -fPIC -g -O2   -iquote . -I.. -iquote ../fesvr -iquote ../riscv -iquote ../disasm -iquote ../customext -iquote ../fdt -iquote ../softfloat -iquote ../spike_main -iquote ../spike_dasm -Wno-sign-compare -Wno-implicit-fallthrough -c ../softfloat/f64_to_f128.c -o f64_to_f128.o -MF f64_to_f128.d
gcc -MMD -MP  -DPREFIX=\"/usr/local\" -Wall -Wno-nonportable-include-path -g -O2 -fPIC -g -O2   -iquote . -I.. -iquote ../fesvr -iquote ../riscv -iquote ../disasm -iquote ../customext -iquote ../fdt -iquote ../softfloat -iquote ../spike_main -iquote ../spike_dasm -Wno-sign-compare -Wno-implicit-fallthrough -c ../softfloat/f64_to_f16.c -o f64_to_f16.o -MF f64_to_f16.d
gcc -MMD -MP  -DPREFIX=\"/usr/local\" -Wall -Wno-nonportable-include-path -g -O2 -fPIC -g -O2   -iquote . -I.. -iquote ../fesvr -iquote ../riscv -iquote ../disasm -iquote ../customext -iquote ../fdt -iquote ../softfloat -iquote ../spike_main -iquote ../spike_dasm -Wno-sign-compare -Wno-implicit-fallthrough -c ../softfloat/f64_to_f32.c -o f64_to_f32.o -MF f64_to_f32.d
gcc -MMD -MP  -DPREFIX=\"/usr/local\" -Wall -Wno-nonportable-include-path -g -O2 -fPIC -g -O2   -iquote . -I.. -iquote ../fesvr -iquote ../riscv -iquote ../disasm -iquote ../customext -iquote ../fdt -iquote ../softfloat -iquote ../spike_main -iquote ../spike_dasm -Wno-sign-compare -Wno-implicit-fallthrough -c ../softfloat/f64_to_i32.c -o f64_to_i32.o -MF f64_to_i32.d
gcc -MMD -MP  -DPREFIX=\"/usr/local\" -Wall -Wno-nonportable-include-path -g -O2 -fPIC -g -O2   -iquote . -I.. -iquote ../fesvr -iquote ../riscv -iquote ../disasm -iquote ../customext -iquote ../fdt -iquote ../softfloat -iquote ../spike_main -iquote ../spike_dasm -Wno-sign-compare -Wno-implicit-fallthrough -c ../softfloat/f64_to_i32_r_minMag.c -o f64_to_i32_r_minMag.o -MF f64_to_i32_r_minMag.d
gcc -MMD -MP  -DPREFIX=\"/usr/local\" -Wall -Wno-nonportable-include-path -g -O2 -fPIC -g -O2   -iquote . -I.. -iquote ../fesvr -iquote ../riscv -iquote ../disasm -iquote ../customext -iquote ../fdt -iquote ../softfloat -iquote ../spike_main -iquote ../spike_dasm -Wno-sign-compare -Wno-implicit-fallthrough -c ../softfloat/f64_to_i64.c -o f64_to_i64.o -MF f64_to_i64.d
gcc -MMD -MP  -DPREFIX=\"/usr/local\" -Wall -Wno-nonportable-include-path -g -O2 -fPIC -g -O2   -iquote . -I.. -iquote ../fesvr -iquote ../riscv -iquote ../disasm -iquote ../customext -iquote ../fdt -iquote ../softfloat -iquote ../spike_main -iquote ../spike_dasm -Wno-sign-compare -Wno-implicit-fallthrough -c ../softfloat/f64_to_i64_r_minMag.c -o f64_to_i64_r_minMag.o -MF f64_to_i64_r_minMag.d
gcc -MMD -MP  -DPREFIX=\"/usr/local\" -Wall -Wno-nonportable-include-path -g -O2 -fPIC -g -O2   -iquote . -I.. -iquote ../fesvr -iquote ../riscv -iquote ../disasm -iquote ../customext -iquote ../fdt -iquote ../softfloat -iquote ../spike_main -iquote ../spike_dasm -Wno-sign-compare -Wno-implicit-fallthrough -c ../softfloat/f64_to_ui32.c -o f64_to_ui32.o -MF f64_to_ui32.d
gcc -MMD -MP  -DPREFIX=\"/usr/local\" -Wall -Wno-nonportable-include-path -g -O2 -fPIC -g -O2   -iquote . -I.. -iquote ../fesvr -iquote ../riscv -iquote ../disasm -iquote ../customext -iquote ../fdt -iquote ../softfloat -iquote ../spike_main -iquote ../spike_dasm -Wno-sign-compare -Wno-implicit-fallthrough -c ../softfloat/f64_to_ui32_r_minMag.c -o f64_to_ui32_r_minMag.o -MF f64_to_ui32_r_minMag.d
gcc -MMD -MP  -DPREFIX=\"/usr/local\" -Wall -Wno-nonportable-include-path -g -O2 -fPIC -g -O2   -iquote . -I.. -iquote ../fesvr -iquote ../riscv -iquote ../disasm -iquote ../customext -iquote ../fdt -iquote ../softfloat -iquote ../spike_main -iquote ../spike_dasm -Wno-sign-compare -Wno-implicit-fallthrough -c ../softfloat/f64_to_ui64.c -o f64_to_ui64.o -MF f64_to_ui64.d
gcc -MMD -MP  -DPREFIX=\"/usr/local\" -Wall -Wno-nonportable-include-path -g -O2 -fPIC -g -O2   -iquote . -I.. -iquote ../fesvr -iquote ../riscv -iquote ../disasm -iquote ../customext -iquote ../fdt -iquote ../softfloat -iquote ../spike_main -iquote ../spike_dasm -Wno-sign-compare -Wno-implicit-fallthrough -c ../softfloat/f64_to_ui64_r_minMag.c -o f64_to_ui64_r_minMag.o -MF f64_to_ui64_r_minMag.d
gcc -MMD -MP  -DPREFIX=\"/usr/local\" -Wall -Wno-nonportable-include-path -g -O2 -fPIC -g -O2   -iquote . -I.. -iquote ../fesvr -iquote ../riscv -iquote ../disasm -iquote ../customext -iquote ../fdt -iquote ../softfloat -iquote ../spike_main -iquote ../spike_dasm -Wno-sign-compare -Wno-implicit-fallthrough -c ../softfloat/fall_maxmin.c -o fall_maxmin.o -MF fall_maxmin.d
gcc -MMD -MP  -DPREFIX=\"/usr/local\" -Wall -Wno-nonportable-include-path -g -O2 -fPIC -g -O2   -iquote . -I.. -iquote ../fesvr -iquote ../riscv -iquote ../disasm -iquote ../customext -iquote ../fdt -iquote ../softfloat -iquote ../spike_main -iquote ../spike_dasm -Wno-sign-compare -Wno-implicit-fallthrough -c ../softfloat/fall_reciprocal.c -o fall_reciprocal.o -MF fall_reciprocal.d
gcc -MMD -MP  -DPREFIX=\"/usr/local\" -Wall -Wno-nonportable-include-path -g -O2 -fPIC -g -O2   -iquote . -I.. -iquote ../fesvr -iquote ../riscv -iquote ../disasm -iquote ../customext -iquote ../fdt -iquote ../softfloat -iquote ../spike_main -iquote ../spike_dasm -Wno-sign-compare -Wno-implicit-fallthrough -c ../softfloat/fall_sign.c -o fall_sign.o -MF fall_sign.d
gcc -MMD -MP  -DPREFIX=\"/usr/local\" -Wall -Wno-nonportable-include-path -g -O2 -fPIC -g -O2   -iquote . -I.. -iquote ../fesvr -iquote ../riscv -iquote ../disasm -iquote ../customext -iquote ../fdt -iquote ../softfloat -iquote ../spike_main -iquote ../spike_dasm -Wno-sign-compare -Wno-implicit-fallthrough -c ../softfloat/i32_to_f128.c -o i32_to_f128.o -MF i32_to_f128.d
gcc -MMD -MP  -DPREFIX=\"/usr/local\" -Wall -Wno-nonportable-include-path -g -O2 -fPIC -g -O2   -iquote . -I.. -iquote ../fesvr -iquote ../riscv -iquote ../disasm -iquote ../customext -iquote ../fdt -iquote ../softfloat -iquote ../spike_main -iquote ../spike_dasm -Wno-sign-compare -Wno-implicit-fallthrough -c ../softfloat/i32_to_bf16.c -o i32_to_bf16.o -MF i32_to_bf16.d
gcc -MMD -MP  -DPREFIX=\"/usr/local\" -Wall -Wno-nonportable-include-path -g -O2 -fPIC -g -O2   -iquote . -I.. -iquote ../fesvr -iquote ../riscv -iquote ../disasm -iquote ../customext -iquote ../fdt -iquote ../softfloat -iquote ../spike_main -iquote ../spike_dasm -Wno-sign-compare -Wno-implicit-fallthrough -c ../softfloat/i32_to_f16.c -o i32_to_f16.o -MF i32_to_f16.d
gcc -MMD -MP  -DPREFIX=\"/usr/local\" -Wall -Wno-nonportable-include-path -g -O2 -fPIC -g -O2   -iquote . -I.. -iquote ../fesvr -iquote ../riscv -iquote ../disasm -iquote ../customext -iquote ../fdt -iquote ../softfloat -iquote ../spike_main -iquote ../spike_dasm -Wno-sign-compare -Wno-implicit-fallthrough -c ../softfloat/i32_to_f32.c -o i32_to_f32.o -MF i32_to_f32.d
gcc -MMD -MP  -DPREFIX=\"/usr/local\" -Wall -Wno-nonportable-include-path -g -O2 -fPIC -g -O2   -iquote . -I.. -iquote ../fesvr -iquote ../riscv -iquote ../disasm -iquote ../customext -iquote ../fdt -iquote ../softfloat -iquote ../spike_main -iquote ../spike_dasm -Wno-sign-compare -Wno-implicit-fallthrough -c ../softfloat/i32_to_f64.c -o i32_to_f64.o -MF i32_to_f64.d
gcc -MMD -MP  -DPREFIX=\"/usr/local\" -Wall -Wno-nonportable-include-path -g -O2 -fPIC -g -O2   -iquote . -I.. -iquote ../fesvr -iquote ../riscv -iquote ../disasm -iquote ../customext -iquote ../fdt -iquote ../softfloat -iquote ../spike_main -iquote ../spike_dasm -Wno-sign-compare -Wno-implicit-fallthrough -c ../softfloat/i64_to_f128.c -o i64_to_f128.o -MF i64_to_f128.d
gcc -MMD -MP  -DPREFIX=\"/usr/local\" -Wall -Wno-nonportable-include-path -g -O2 -fPIC -g -O2   -iquote . -I.. -iquote ../fesvr -iquote ../riscv -iquote ../disasm -iquote ../customext -iquote ../fdt -iquote ../softfloat -iquote ../spike_main -iquote ../spike_dasm -Wno-sign-compare -Wno-implicit-fallthrough -c ../softfloat/i64_to_f16.c -o i64_to_f16.o -MF i64_to_f16.d
gcc -MMD -MP  -DPREFIX=\"/usr/local\" -Wall -Wno-nonportable-include-path -g -O2 -fPIC -g -O2   -iquote . -I.. -iquote ../fesvr -iquote ../riscv -iquote ../disasm -iquote ../customext -iquote ../fdt -iquote ../softfloat -iquote ../spike_main -iquote ../spike_dasm -Wno-sign-compare -Wno-implicit-fallthrough -c ../softfloat/i64_to_f32.c -o i64_to_f32.o -MF i64_to_f32.d
gcc -MMD -MP  -DPREFIX=\"/usr/local\" -Wall -Wno-nonportable-include-path -g -O2 -fPIC -g -O2   -iquote . -I.. -iquote ../fesvr -iquote ../riscv -iquote ../disasm -iquote ../customext -iquote ../fdt -iquote ../softfloat -iquote ../spike_main -iquote ../spike_dasm -Wno-sign-compare -Wno-implicit-fallthrough -c ../softfloat/i64_to_f64.c -o i64_to_f64.o -MF i64_to_f64.d
gcc -MMD -MP  -DPREFIX=\"/usr/local\" -Wall -Wno-nonportable-include-path -g -O2 -fPIC -g -O2   -iquote . -I.. -iquote ../fesvr -iquote ../riscv -iquote ../disasm -iquote ../customext -iquote ../fdt -iquote ../softfloat -iquote ../spike_main -iquote ../spike_dasm -Wno-sign-compare -Wno-implicit-fallthrough -c ../softfloat/s_add128.c -o s_add128.o -MF s_add128.d
gcc -MMD -MP  -DPREFIX=\"/usr/local\" -Wall -Wno-nonportable-include-path -g -O2 -fPIC -g -O2   -iquote . -I.. -iquote ../fesvr -iquote ../riscv -iquote ../disasm -iquote ../customext -iquote ../fdt -iquote ../softfloat -iquote ../spike_main -iquote ../spike_dasm -Wno-sign-compare -Wno-implicit-fallthrough -c ../softfloat/s_add256M.c -o s_add256M.o -MF s_add256M.d
gcc -MMD -MP  -DPREFIX=\"/usr/local\" -Wall -Wno-nonportable-include-path -g -O2 -fPIC -g -O2   -iquote . -I.. -iquote ../fesvr -iquote ../riscv -iquote ../disasm -iquote ../customext -iquote ../fdt -iquote ../softfloat -iquote ../spike_main -iquote ../spike_dasm -Wno-sign-compare -Wno-implicit-fallthrough -c ../softfloat/s_addCarryM.c -o s_addCarryM.o -MF s_addCarryM.d
gcc -MMD -MP  -DPREFIX=\"/usr/local\" -Wall -Wno-nonportable-include-path -g -O2 -fPIC -g -O2   -iquote . -I.. -iquote ../fesvr -iquote ../riscv -iquote ../disasm -iquote ../customext -iquote ../fdt -iquote ../softfloat -iquote ../spike_main -iquote ../spike_dasm -Wno-sign-compare -Wno-implicit-fallthrough -c ../softfloat/s_addComplCarryM.c -o s_addComplCarryM.o -MF s_addComplCarryM.d
gcc -MMD -MP  -DPREFIX=\"/usr/local\" -Wall -Wno-nonportable-include-path -g -O2 -fPIC -g -O2   -iquote . -I.. -iquote ../fesvr -iquote ../riscv -iquote ../disasm -iquote ../customext -iquote ../fdt -iquote ../softfloat -iquote ../spike_main -iquote ../spike_dasm -Wno-sign-compare -Wno-implicit-fallthrough -c ../softfloat/s_addMagsF128.c -o s_addMagsF128.o -MF s_addMagsF128.d
gcc -MMD -MP  -DPREFIX=\"/usr/local\" -Wall -Wno-nonportable-include-path -g -O2 -fPIC -g -O2   -iquote . -I.. -iquote ../fesvr -iquote ../riscv -iquote ../disasm -iquote ../customext -iquote ../fdt -iquote ../softfloat -iquote ../spike_main -iquote ../spike_dasm -Wno-sign-compare -Wno-implicit-fallthrough -c ../softfloat/s_addMagsF16.c -o s_addMagsF16.o -MF s_addMagsF16.d
gcc -MMD -MP  -DPREFIX=\"/usr/local\" -Wall -Wno-nonportable-include-path -g -O2 -fPIC -g -O2   -iquote . -I.. -iquote ../fesvr -iquote ../riscv -iquote ../disasm -iquote ../customext -iquote ../fdt -iquote ../softfloat -iquote ../spike_main -iquote ../spike_dasm -Wno-sign-compare -Wno-implicit-fallthrough -c ../softfloat/s_addMagsF32.c -o s_addMagsF32.o -MF s_addMagsF32.d
gcc -MMD -MP  -DPREFIX=\"/usr/local\" -Wall -Wno-nonportable-include-path -g -O2 -fPIC -g -O2   -iquote . -I.. -iquote ../fesvr -iquote ../riscv -iquote ../disasm -iquote ../customext -iquote ../fdt -iquote ../softfloat -iquote ../spike_main -iquote ../spike_dasm -Wno-sign-compare -Wno-implicit-fallthrough -c ../softfloat/s_addMagsF64.c -o s_addMagsF64.o -MF s_addMagsF64.d
gcc -MMD -MP  -DPREFIX=\"/usr/local\" -Wall -Wno-nonportable-include-path -g -O2 -fPIC -g -O2   -iquote . -I.. -iquote ../fesvr -iquote ../riscv -iquote ../disasm -iquote ../customext -iquote ../fdt -iquote ../softfloat -iquote ../spike_main -iquote ../spike_dasm -Wno-sign-compare -Wno-implicit-fallthrough -c ../softfloat/s_addM.c -o s_addM.o -MF s_addM.d
gcc -MMD -MP  -DPREFIX=\"/usr/local\" -Wall -Wno-nonportable-include-path -g -O2 -fPIC -g -O2   -iquote . -I.. -iquote ../fesvr -iquote ../riscv -iquote ../disasm -iquote ../customext -iquote ../fdt -iquote ../softfloat -iquote ../spike_main -iquote ../spike_dasm -Wno-sign-compare -Wno-implicit-fallthrough -c ../softfloat/s_approxRecip_1Ks.c -o s_approxRecip_1Ks.o -MF s_approxRecip_1Ks.d
gcc -MMD -MP  -DPREFIX=\"/usr/local\" -Wall -Wno-nonportable-include-path -g -O2 -fPIC -g -O2   -iquote . -I.. -iquote ../fesvr -iquote ../riscv -iquote ../disasm -iquote ../customext -iquote ../fdt -iquote ../softfloat -iquote ../spike_main -iquote ../spike_dasm -Wno-sign-compare -Wno-implicit-fallthrough -c ../softfloat/s_approxRecip32_1.c -o s_approxRecip32_1.o -MF s_approxRecip32_1.d
gcc -MMD -MP  -DPREFIX=\"/usr/local\" -Wall -Wno-nonportable-include-path -g -O2 -fPIC -g -O2   -iquote . -I.. -iquote ../fesvr -iquote ../riscv -iquote ../disasm -iquote ../customext -iquote ../fdt -iquote ../softfloat -iquote ../spike_main -iquote ../spike_dasm -Wno-sign-compare -Wno-implicit-fallthrough -c ../softfloat/s_approxRecipSqrt_1Ks.c -o s_approxRecipSqrt_1Ks.o -MF s_approxRecipSqrt_1Ks.d
gcc -MMD -MP  -DPREFIX=\"/usr/local\" -Wall -Wno-nonportable-include-path -g -O2 -fPIC -g -O2   -iquote . -I.. -iquote ../fesvr -iquote ../riscv -iquote ../disasm -iquote ../customext -iquote ../fdt -iquote ../softfloat -iquote ../spike_main -iquote ../spike_dasm -Wno-sign-compare -Wno-implicit-fallthrough -c ../softfloat/s_approxRecipSqrt32_1.c -o s_approxRecipSqrt32_1.o -MF s_approxRecipSqrt32_1.d
gcc -MMD -MP  -DPREFIX=\"/usr/local\" -Wall -Wno-nonportable-include-path -g -O2 -fPIC -g -O2   -iquote . -I.. -iquote ../fesvr -iquote ../riscv -iquote ../disasm -iquote ../customext -iquote ../fdt -iquote ../softfloat -iquote ../spike_main -iquote ../spike_dasm -Wno-sign-compare -Wno-implicit-fallthrough -c ../softfloat/s_commonNaNToF32UI.c -o s_commonNaNToF32UI.o -MF s_commonNaNToF32UI.d
gcc -MMD -MP  -DPREFIX=\"/usr/local\" -Wall -Wno-nonportable-include-path -g -O2 -fPIC -g -O2   -iquote . -I.. -iquote ../fesvr -iquote ../riscv -iquote ../disasm -iquote ../customext -iquote ../fdt -iquote ../softfloat -iquote ../spike_main -iquote ../spike_dasm -Wno-sign-compare -Wno-implicit-fallthrough -c ../softfloat/s_commonNaNToF64UI.c -o s_commonNaNToF64UI.o -MF s_commonNaNToF64UI.d
gcc -MMD -MP  -DPREFIX=\"/usr/local\" -Wall -Wno-nonportable-include-path -g -O2 -fPIC -g -O2   -iquote . -I.. -iquote ../fesvr -iquote ../riscv -iquote ../disasm -iquote ../customext -iquote ../fdt -iquote ../softfloat -iquote ../spike_main -iquote ../spike_dasm -Wno-sign-compare -Wno-implicit-fallthrough -c ../softfloat/s_compare128M.c -o s_compare128M.o -MF s_compare128M.d
gcc -MMD -MP  -DPREFIX=\"/usr/local\" -Wall -Wno-nonportable-include-path -g -O2 -fPIC -g -O2   -iquote . -I.. -iquote ../fesvr -iquote ../riscv -iquote ../disasm -iquote ../customext -iquote ../fdt -iquote ../softfloat -iquote ../spike_main -iquote ../spike_dasm -Wno-sign-compare -Wno-implicit-fallthrough -c ../softfloat/s_compare96M.c -o s_compare96M.o -MF s_compare96M.d
gcc -MMD -MP  -DPREFIX=\"/usr/local\" -Wall -Wno-nonportable-include-path -g -O2 -fPIC -g -O2   -iquote . -I.. -iquote ../fesvr -iquote ../riscv -iquote ../disasm -iquote ../customext -iquote ../fdt -iquote ../softfloat -iquote ../spike_main -iquote ../spike_dasm -Wno-sign-compare -Wno-implicit-fallthrough -c ../softfloat/s_countLeadingZeros16.c -o s_countLeadingZeros16.o -MF s_countLeadingZeros16.d
gcc -MMD -MP  -DPREFIX=\"/usr/local\" -Wall -Wno-nonportable-include-path -g -O2 -fPIC -g -O2   -iquote . -I.. -iquote ../fesvr -iquote ../riscv -iquote ../disasm -iquote ../customext -iquote ../fdt -iquote ../softfloat -iquote ../spike_main -iquote ../spike_dasm -Wno-sign-compare -Wno-implicit-fallthrough -c ../softfloat/s_countLeadingZeros32.c -o s_countLeadingZeros32.o -MF s_countLeadingZeros32.d
gcc -MMD -MP  -DPREFIX=\"/usr/local\" -Wall -Wno-nonportable-include-path -g -O2 -fPIC -g -O2   -iquote . -I.. -iquote ../fesvr -iquote ../riscv -iquote ../disasm -iquote ../customext -iquote ../fdt -iquote ../softfloat -iquote ../spike_main -iquote ../spike_dasm -Wno-sign-compare -Wno-implicit-fallthrough -c ../softfloat/s_countLeadingZeros64.c -o s_countLeadingZeros64.o -MF s_countLeadingZeros64.d
gcc -MMD -MP  -DPREFIX=\"/usr/local\" -Wall -Wno-nonportable-include-path -g -O2 -fPIC -g -O2   -iquote . -I.. -iquote ../fesvr -iquote ../riscv -iquote ../disasm -iquote ../customext -iquote ../fdt -iquote ../softfloat -iquote ../spike_main -iquote ../spike_dasm -Wno-sign-compare -Wno-implicit-fallthrough -c ../softfloat/s_countLeadingZeros8.c -o s_countLeadingZeros8.o -MF s_countLeadingZeros8.d
gcc -MMD -MP  -DPREFIX=\"/usr/local\" -Wall -Wno-nonportable-include-path -g -O2 -fPIC -g -O2   -iquote . -I.. -iquote ../fesvr -iquote ../riscv -iquote ../disasm -iquote ../customext -iquote ../fdt -iquote ../softfloat -iquote ../spike_main -iquote ../spike_dasm -Wno-sign-compare -Wno-implicit-fallthrough -c ../softfloat/s_eq128.c -o s_eq128.o -MF s_eq128.d
gcc -MMD -MP  -DPREFIX=\"/usr/local\" -Wall -Wno-nonportable-include-path -g -O2 -fPIC -g -O2   -iquote . -I.. -iquote ../fesvr -iquote ../riscv -iquote ../disasm -iquote ../customext -iquote ../fdt -iquote ../softfloat -iquote ../spike_main -iquote ../spike_dasm -Wno-sign-compare -Wno-implicit-fallthrough -c ../softfloat/s_f32UIToCommonNaN.c -o s_f32UIToCommonNaN.o -MF s_f32UIToCommonNaN.d
gcc -MMD -MP  -DPREFIX=\"/usr/local\" -Wall -Wno-nonportable-include-path -g -O2 -fPIC -g -O2   -iquote . -I.. -iquote ../fesvr -iquote ../riscv -iquote ../disasm -iquote ../customext -iquote ../fdt -iquote ../softfloat -iquote ../spike_main -iquote ../spike_dasm -Wno-sign-compare -Wno-implicit-fallthrough -c ../softfloat/s_f64UIToCommonNaN.c -o s_f64UIToCommonNaN.o -MF s_f64UIToCommonNaN.d
gcc -MMD -MP  -DPREFIX=\"/usr/local\" -Wall -Wno-nonportable-include-path -g -O2 -fPIC -g -O2   -iquote . -I.. -iquote ../fesvr -iquote ../riscv -iquote ../disasm -iquote ../customext -iquote ../fdt -iquote ../softfloat -iquote ../spike_main -iquote ../spike_dasm -Wno-sign-compare -Wno-implicit-fallthrough -c ../softfloat/s_le128.c -o s_le128.o -MF s_le128.d
gcc -MMD -MP  -DPREFIX=\"/usr/local\" -Wall -Wno-nonportable-include-path -g -O2 -fPIC -g -O2   -iquote . -I.. -iquote ../fesvr -iquote ../riscv -iquote ../disasm -iquote ../customext -iquote ../fdt -iquote ../softfloat -iquote ../spike_main -iquote ../spike_dasm -Wno-sign-compare -Wno-implicit-fallthrough -c ../softfloat/s_lt128.c -o s_lt128.o -MF s_lt128.d
gcc -MMD -MP  -DPREFIX=\"/usr/local\" -Wall -Wno-nonportable-include-path -g -O2 -fPIC -g -O2   -iquote . -I.. -iquote ../fesvr -iquote ../riscv -iquote ../disasm -iquote ../customext -iquote ../fdt -iquote ../softfloat -iquote ../spike_main -iquote ../spike_dasm -Wno-sign-compare -Wno-implicit-fallthrough -c ../softfloat/s_mul128By32.c -o s_mul128By32.o -MF s_mul128By32.d
gcc -MMD -MP  -DPREFIX=\"/usr/local\" -Wall -Wno-nonportable-include-path -g -O2 -fPIC -g -O2   -iquote . -I.. -iquote ../fesvr -iquote ../riscv -iquote ../disasm -iquote ../customext -iquote ../fdt -iquote ../softfloat -iquote ../spike_main -iquote ../spike_dasm -Wno-sign-compare -Wno-implicit-fallthrough -c ../softfloat/s_mul128MTo256M.c -o s_mul128MTo256M.o -MF s_mul128MTo256M.d
gcc -MMD -MP  -DPREFIX=\"/usr/local\" -Wall -Wno-nonportable-include-path -g -O2 -fPIC -g -O2   -iquote . -I.. -iquote ../fesvr -iquote ../riscv -iquote ../disasm -iquote ../customext -iquote ../fdt -iquote ../softfloat -iquote ../spike_main -iquote ../spike_dasm -Wno-sign-compare -Wno-implicit-fallthrough -c ../softfloat/s_mul128To256M.c -o s_mul128To256M.o -MF s_mul128To256M.d
gcc -MMD -MP  -DPREFIX=\"/usr/local\" -Wall -Wno-nonportable-include-path -g -O2 -fPIC -g -O2   -iquote . -I.. -iquote ../fesvr -iquote ../riscv -iquote ../disasm -iquote ../customext -iquote ../fdt -iquote ../softfloat -iquote ../spike_main -iquote ../spike_dasm -Wno-sign-compare -Wno-implicit-fallthrough -c ../softfloat/s_mul64ByShifted32To128.c -o s_mul64ByShifted32To128.o -MF s_mul64ByShifted32To128.d
gcc -MMD -MP  -DPREFIX=\"/usr/local\" -Wall -Wno-nonportable-include-path -g -O2 -fPIC -g -O2   -iquote . -I.. -iquote ../fesvr -iquote ../riscv -iquote ../disasm -iquote ../customext -iquote ../fdt -iquote ../softfloat -iquote ../spike_main -iquote ../spike_dasm -Wno-sign-compare -Wno-implicit-fallthrough -c ../softfloat/s_mul64To128.c -o s_mul64To128.o -MF s_mul64To128.d
gcc -MMD -MP  -DPREFIX=\"/usr/local\" -Wall -Wno-nonportable-include-path -g -O2 -fPIC -g -O2   -iquote . -I.. -iquote ../fesvr -iquote ../riscv -iquote ../disasm -iquote ../customext -iquote ../fdt -iquote ../softfloat -iquote ../spike_main -iquote ../spike_dasm -Wno-sign-compare -Wno-implicit-fallthrough -c ../softfloat/s_mul64To128M.c -o s_mul64To128M.o -MF s_mul64To128M.d
gcc -MMD -MP  -DPREFIX=\"/usr/local\" -Wall -Wno-nonportable-include-path -g -O2 -fPIC -g -O2   -iquote . -I.. -iquote ../fesvr -iquote ../riscv -iquote ../disasm -iquote ../customext -iquote ../fdt -iquote ../softfloat -iquote ../spike_main -iquote ../spike_dasm -Wno-sign-compare -Wno-implicit-fallthrough -c ../softfloat/s_mulAddF128.c -o s_mulAddF128.o -MF s_mulAddF128.d
gcc -MMD -MP  -DPREFIX=\"/usr/local\" -Wall -Wno-nonportable-include-path -g -O2 -fPIC -g -O2   -iquote . -I.. -iquote ../fesvr -iquote ../riscv -iquote ../disasm -iquote ../customext -iquote ../fdt -iquote ../softfloat -iquote ../spike_main -iquote ../spike_dasm -Wno-sign-compare -Wno-implicit-fallthrough -c ../softfloat/s_mulAddF16.c -o s_mulAddF16.o -MF s_mulAddF16.d
gcc -MMD -MP  -DPREFIX=\"/usr/local\" -Wall -Wno-nonportable-include-path -g -O2 -fPIC -g -O2   -iquote . -I.. -iquote ../fesvr -iquote ../riscv -iquote ../disasm -iquote ../customext -iquote ../fdt -iquote ../softfloat -iquote ../spike_main -iquote ../spike_dasm -Wno-sign-compare -Wno-implicit-fallthrough -c ../softfloat/s_mulAddF32.c -o s_mulAddF32.o -MF s_mulAddF32.d
gcc -MMD -MP  -DPREFIX=\"/usr/local\" -Wall -Wno-nonportable-include-path -g -O2 -fPIC -g -O2   -iquote . -I.. -iquote ../fesvr -iquote ../riscv -iquote ../disasm -iquote ../customext -iquote ../fdt -iquote ../softfloat -iquote ../spike_main -iquote ../spike_dasm -Wno-sign-compare -Wno-implicit-fallthrough -c ../softfloat/s_mulAddF64.c -o s_mulAddF64.o -MF s_mulAddF64.d
gcc -MMD -MP  -DPREFIX=\"/usr/local\" -Wall -Wno-nonportable-include-path -g -O2 -fPIC -g -O2   -iquote . -I.. -iquote ../fesvr -iquote ../riscv -iquote ../disasm -iquote ../customext -iquote ../fdt -iquote ../softfloat -iquote ../spike_main -iquote ../spike_dasm -Wno-sign-compare -Wno-implicit-fallthrough -c ../softfloat/s_negXM.c -o s_negXM.o -MF s_negXM.d
gcc -MMD -MP  -DPREFIX=\"/usr/local\" -Wall -Wno-nonportable-include-path -g -O2 -fPIC -g -O2   -iquote . -I.. -iquote ../fesvr -iquote ../riscv -iquote ../disasm -iquote ../customext -iquote ../fdt -iquote ../softfloat -iquote ../spike_main -iquote ../spike_dasm -Wno-sign-compare -Wno-implicit-fallthrough -c ../softfloat/s_normRoundPackToF128.c -o s_normRoundPackToF128.o -MF s_normRoundPackToF128.d
gcc -MMD -MP  -DPREFIX=\"/usr/local\" -Wall -Wno-nonportable-include-path -g -O2 -fPIC -g -O2   -iquote . -I.. -iquote ../fesvr -iquote ../riscv -iquote ../disasm -iquote ../customext -iquote ../fdt -iquote ../softfloat -iquote ../spike_main -iquote ../spike_dasm -Wno-sign-compare -Wno-implicit-fallthrough -c ../softfloat/s_normRoundPackToF16.c -o s_normRoundPackToF16.o -MF s_normRoundPackToF16.d
gcc -MMD -MP  -DPREFIX=\"/usr/local\" -Wall -Wno-nonportable-include-path -g -O2 -fPIC -g -O2   -iquote . -I.. -iquote ../fesvr -iquote ../riscv -iquote ../disasm -iquote ../customext -iquote ../fdt -iquote ../softfloat -iquote ../spike_main -iquote ../spike_dasm -Wno-sign-compare -Wno-implicit-fallthrough -c ../softfloat/s_normRoundPackToF32.c -o s_normRoundPackToF32.o -MF s_normRoundPackToF32.d
gcc -MMD -MP  -DPREFIX=\"/usr/local\" -Wall -Wno-nonportable-include-path -g -O2 -fPIC -g -O2   -iquote . -I.. -iquote ../fesvr -iquote ../riscv -iquote ../disasm -iquote ../customext -iquote ../fdt -iquote ../softfloat -iquote ../spike_main -iquote ../spike_dasm -Wno-sign-compare -Wno-implicit-fallthrough -c ../softfloat/s_normRoundPackToF64.c -o s_normRoundPackToF64.o -MF s_normRoundPackToF64.d
gcc -MMD -MP  -DPREFIX=\"/usr/local\" -Wall -Wno-nonportable-include-path -g -O2 -fPIC -g -O2   -iquote . -I.. -iquote ../fesvr -iquote ../riscv -iquote ../disasm -iquote ../customext -iquote ../fdt -iquote ../softfloat -iquote ../spike_main -iquote ../spike_dasm -Wno-sign-compare -Wno-implicit-fallthrough -c ../softfloat/s_normSubnormalF128Sig.c -o s_normSubnormalF128Sig.o -MF s_normSubnormalF128Sig.d
gcc -MMD -MP  -DPREFIX=\"/usr/local\" -Wall -Wno-nonportable-include-path -g -O2 -fPIC -g -O2   -iquote . -I.. -iquote ../fesvr -iquote ../riscv -iquote ../disasm -iquote ../customext -iquote ../fdt -iquote ../softfloat -iquote ../spike_main -iquote ../spike_dasm -Wno-sign-compare -Wno-implicit-fallthrough -c ../softfloat/s_normSubnormalE4M3Sig.c -o s_normSubnormalE4M3Sig.o -MF s_normSubnormalE4M3Sig.d
gcc -MMD -MP  -DPREFIX=\"/usr/local\" -Wall -Wno-nonportable-include-path -g -O2 -fPIC -g -O2   -iquote . -I.. -iquote ../fesvr -iquote ../riscv -iquote ../disasm -iquote ../customext -iquote ../fdt -iquote ../softfloat -iquote ../spike_main -iquote ../spike_dasm -Wno-sign-compare -Wno-implicit-fallthrough -c ../softfloat/s_normSubnormalE5M2Sig.c -o s_normSubnormalE5M2Sig.o -MF s_normSubnormalE5M2Sig.d
gcc -MMD -MP  -DPREFIX=\"/usr/local\" -Wall -Wno-nonportable-include-path -g -O2 -fPIC -g -O2   -iquote . -I.. -iquote ../fesvr -iquote ../riscv -iquote ../disasm -iquote ../customext -iquote ../fdt -iquote ../softfloat -iquote ../spike_main -iquote ../spike_dasm -Wno-sign-compare -Wno-implicit-fallthrough -c ../softfloat/s_normSubnormalF16Sig.c -o s_normSubnormalF16Sig.o -MF s_normSubnormalF16Sig.d
gcc -MMD -MP  -DPREFIX=\"/usr/local\" -Wall -Wno-nonportable-include-path -g -O2 -fPIC -g -O2   -iquote . -I.. -iquote ../fesvr -iquote ../riscv -iquote ../disasm -iquote ../customext -iquote ../fdt -iquote ../softfloat -iquote ../spike_main -iquote ../spike_dasm -Wno-sign-compare -Wno-implicit-fallthrough -c ../softfloat/s_normSubnormalF32Sig.c -o s_normSubnormalF32Sig.o -MF s_normSubnormalF32Sig.d
gcc -MMD -MP  -DPREFIX=\"/usr/local\" -Wall -Wno-nonportable-include-path -g -O2 -fPIC -g -O2   -iquote . -I.. -iquote ../fesvr -iquote ../riscv -iquote ../disasm -iquote ../customext -iquote ../fdt -iquote ../softfloat -iquote ../spike_main -iquote ../spike_dasm -Wno-sign-compare -Wno-implicit-fallthrough -c ../softfloat/s_normSubnormalF64Sig.c -o s_normSubnormalF64Sig.o -MF s_normSubnormalF64Sig.d
gcc -MMD -MP  -DPREFIX=\"/usr/local\" -Wall -Wno-nonportable-include-path -g -O2 -fPIC -g -O2   -iquote . -I.. -iquote ../fesvr -iquote ../riscv -iquote ../disasm -iquote ../customext -iquote ../fdt -iquote ../softfloat -iquote ../spike_main -iquote ../spike_dasm -Wno-sign-compare -Wno-implicit-fallthrough -c ../softfloat/softfloat_raiseFlags.c -o softfloat_raiseFlags.o -MF softfloat_raiseFlags.d
gcc -MMD -MP  -DPREFIX=\"/usr/local\" -Wall -Wno-nonportable-include-path -g -O2 -fPIC -g -O2   -iquote . -I.. -iquote ../fesvr -iquote ../riscv -iquote ../disasm -iquote ../customext -iquote ../fdt -iquote ../softfloat -iquote ../spike_main -iquote ../spike_dasm -Wno-sign-compare -Wno-implicit-fallthrough -c ../softfloat/softfloat_state.c -o softfloat_state.o -MF softfloat_state.d
gcc -MMD -MP  -DPREFIX=\"/usr/local\" -Wall -Wno-nonportable-include-path -g -O2 -fPIC -g -O2   -iquote . -I.. -iquote ../fesvr -iquote ../riscv -iquote ../disasm -iquote ../customext -iquote ../fdt -iquote ../softfloat -iquote ../spike_main -iquote ../spike_dasm -Wno-sign-compare -Wno-implicit-fallthrough -c ../softfloat/s_propagateNaNF16UI.c -o s_propagateNaNF16UI.o -MF s_propagateNaNF16UI.d
gcc -MMD -MP  -DPREFIX=\"/usr/local\" -Wall -Wno-nonportable-include-path -g -O2 -fPIC -g -O2   -iquote . -I.. -iquote ../fesvr -iquote ../riscv -iquote ../disasm -iquote ../customext -iquote ../fdt -iquote ../softfloat -iquote ../spike_main -iquote ../spike_dasm -Wno-sign-compare -Wno-implicit-fallthrough -c ../softfloat/s_propagateNaNF32UI.c -o s_propagateNaNF32UI.o -MF s_propagateNaNF32UI.d
gcc -MMD -MP  -DPREFIX=\"/usr/local\" -Wall -Wno-nonportable-include-path -g -O2 -fPIC -g -O2   -iquote . -I.. -iquote ../fesvr -iquote ../riscv -iquote ../disasm -iquote ../customext -iquote ../fdt -iquote ../softfloat -iquote ../spike_main -iquote ../spike_dasm -Wno-sign-compare -Wno-implicit-fallthrough -c ../softfloat/s_propagateNaNF64UI.c -o s_propagateNaNF64UI.o -MF s_propagateNaNF64UI.d
gcc -MMD -MP  -DPREFIX=\"/usr/local\" -Wall -Wno-nonportable-include-path -g -O2 -fPIC -g -O2   -iquote . -I.. -iquote ../fesvr -iquote ../riscv -iquote ../disasm -iquote ../customext -iquote ../fdt -iquote ../softfloat -iquote ../spike_main -iquote ../spike_dasm -Wno-sign-compare -Wno-implicit-fallthrough -c ../softfloat/s_propagateNaNF128UI.c -o s_propagateNaNF128UI.o -MF s_propagateNaNF128UI.d
gcc -MMD -MP  -DPREFIX=\"/usr/local\" -Wall -Wno-nonportable-include-path -g -O2 -fPIC -g -O2   -iquote . -I.. -iquote ../fesvr -iquote ../riscv -iquote ../disasm -iquote ../customext -iquote ../fdt -iquote ../softfloat -iquote ../spike_main -iquote ../spike_dasm -Wno-sign-compare -Wno-implicit-fallthrough -c ../softfloat/s_remStepMBy32.c -o s_remStepMBy32.o -MF s_remStepMBy32.d
gcc -MMD -MP  -DPREFIX=\"/usr/local\" -Wall -Wno-nonportable-include-path -g -O2 -fPIC -g -O2   -iquote . -I.. -iquote ../fesvr -iquote ../riscv -iquote ../disasm -iquote ../customext -iquote ../fdt -iquote ../softfloat -iquote ../spike_main -iquote ../spike_dasm -Wno-sign-compare -Wno-implicit-fallthrough -c ../softfloat/s_roundMToI64.c -o s_roundMToI64.o -MF s_roundMToI64.d
gcc -MMD -MP  -DPREFIX=\"/usr/local\" -Wall -Wno-nonportable-include-path -g -O2 -fPIC -g -O2   -iquote . -I.. -iquote ../fesvr -iquote ../riscv -iquote ../disasm -iquote ../customext -iquote ../fdt -iquote ../softfloat -iquote ../spike_main -iquote ../spike_dasm -Wno-sign-compare -Wno-implicit-fallthrough -c ../softfloat/s_roundMToUI64.c -o s_roundMToUI64.o -MF s_roundMToUI64.d
gcc -MMD -MP  -DPREFIX=\"/usr/local\" -Wall -Wno-nonportable-include-path -g -O2 -fPIC -g -O2   -iquote . -I.. -iquote ../fesvr -iquote ../riscv -iquote ../disasm -iquote ../customext -iquote ../fdt -iquote ../softfloat -iquote ../spike_main -iquote ../spike_dasm -Wno-sign-compare -Wno-implicit-fallthrough -c ../softfloat/s_roundPackMToI64.c -o s_roundPackMToI64.o -MF s_roundPackMToI64.d
gcc -MMD -MP  -DPREFIX=\"/usr/local\" -Wall -Wno-nonportable-include-path -g -O2 -fPIC -g -O2   -iquote . -I.. -iquote ../fesvr -iquote ../riscv -iquote ../disasm -iquote ../customext -iquote ../fdt -iquote ../softfloat -iquote ../spike_main -iquote ../spike_dasm -Wno-sign-compare -Wno-implicit-fallthrough -c ../softfloat/s_roundPackMToUI64.c -o s_roundPackMToUI64.o -MF s_roundPackMToUI64.d
gcc -MMD -MP  -DPREFIX=\"/usr/local\" -Wall -Wno-nonportable-include-path -g -O2 -fPIC -g -O2   -iquote . -I.. -iquote ../fesvr -iquote ../riscv -iquote ../disasm -iquote ../customext -iquote ../fdt -iquote ../softfloat -iquote ../spike_main -iquote ../spike_dasm -Wno-sign-compare -Wno-implicit-fallthrough -c ../softfloat/s_roundPackToE4M3.c -o s_roundPackToE4M3.o -MF s_roundPackToE4M3.d
gcc -MMD -MP  -DPREFIX=\"/usr/local\" -Wall -Wno-nonportable-include-path -g -O2 -fPIC -g -O2   -iquote . -I.. -iquote ../fesvr -iquote ../riscv -iquote ../disasm -iquote ../customext -iquote ../fdt -iquote ../softfloat -iquote ../spike_main -iquote ../spike_dasm -Wno-sign-compare -Wno-implicit-fallthrough -c ../softfloat/s_roundPackToE5M2.c -o s_roundPackToE5M2.o -MF s_roundPackToE5M2.d
gcc -MMD -MP  -DPREFIX=\"/usr/local\" -Wall -Wno-nonportable-include-path -g -O2 -fPIC -g -O2   -iquote . -I.. -iquote ../fesvr -iquote ../riscv -iquote ../disasm -iquote ../customext -iquote ../fdt -iquote ../softfloat -iquote ../spike_main -iquote ../spike_dasm -Wno-sign-compare -Wno-implicit-fallthrough -c ../softfloat/s_roundPackToBF16.c -o s_roundPackToBF16.o -MF s_roundPackToBF16.d
gcc -MMD -MP  -DPREFIX=\"/usr/local\" -Wall -Wno-nonportable-include-path -g -O2 -fPIC -g -O2   -iquote . -I.. -iquote ../fesvr -iquote ../riscv -iquote ../disasm -iquote ../customext -iquote ../fdt -iquote ../softfloat -iquote ../spike_main -iquote ../spike_dasm -Wno-sign-compare -Wno-implicit-fallthrough -c ../softfloat/s_roundPackToF128.c -o s_roundPackToF128.o -MF s_roundPackToF128.d
gcc -MMD -MP  -DPREFIX=\"/usr/local\" -Wall -Wno-nonportable-include-path -g -O2 -fPIC -g -O2   -iquote . -I.. -iquote ../fesvr -iquote ../riscv -iquote ../disasm -iquote ../customext -iquote ../fdt -iquote ../softfloat -iquote ../spike_main -iquote ../spike_dasm -Wno-sign-compare -Wno-implicit-fallthrough -c ../softfloat/s_roundPackToF16.c -o s_roundPackToF16.o -MF s_roundPackToF16.d
gcc -MMD -MP  -DPREFIX=\"/usr/local\" -Wall -Wno-nonportable-include-path -g -O2 -fPIC -g -O2   -iquote . -I.. -iquote ../fesvr -iquote ../riscv -iquote ../disasm -iquote ../customext -iquote ../fdt -iquote ../softfloat -iquote ../spike_main -iquote ../spike_dasm -Wno-sign-compare -Wno-implicit-fallthrough -c ../softfloat/s_roundPackToF32.c -o s_roundPackToF32.o -MF s_roundPackToF32.d
gcc -MMD -MP  -DPREFIX=\"/usr/local\" -Wall -Wno-nonportable-include-path -g -O2 -fPIC -g -O2   -iquote . -I.. -iquote ../fesvr -iquote ../riscv -iquote ../disasm -iquote ../customext -iquote ../fdt -iquote ../softfloat -iquote ../spike_main -iquote ../spike_dasm -Wno-sign-compare -Wno-implicit-fallthrough -c ../softfloat/s_roundPackToF64.c -o s_roundPackToF64.o -MF s_roundPackToF64.d
gcc -MMD -MP  -DPREFIX=\"/usr/local\" -Wall -Wno-nonportable-include-path -g -O2 -fPIC -g -O2   -iquote . -I.. -iquote ../fesvr -iquote ../riscv -iquote ../disasm -iquote ../customext -iquote ../fdt -iquote ../softfloat -iquote ../spike_main -iquote ../spike_dasm -Wno-sign-compare -Wno-implicit-fallthrough -c ../softfloat/s_roundPackToI32.c -o s_roundPackToI32.o -MF s_roundPackToI32.d
gcc -MMD -MP  -DPREFIX=\"/usr/local\" -Wall -Wno-nonportable-include-path -g -O2 -fPIC -g -O2   -iquote . -I.. -iquote ../fesvr -iquote ../riscv -iquote ../disasm -iquote ../customext -iquote ../fdt -iquote ../softfloat -iquote ../spike_main -iquote ../spike_dasm -Wno-sign-compare -Wno-implicit-fallthrough -c ../softfloat/s_roundPackToI64.c -o s_roundPackToI64.o -MF s_roundPackToI64.d
gcc -MMD -MP  -DPREFIX=\"/usr/local\" -Wall -Wno-nonportable-include-path -g -O2 -fPIC -g -O2   -iquote . -I.. -iquote ../fesvr -iquote ../riscv -iquote ../disasm -iquote ../customext -iquote ../fdt -iquote ../softfloat -iquote ../spike_main -iquote ../spike_dasm -Wno-sign-compare -Wno-implicit-fallthrough -c ../softfloat/s_roundPackToUI32.c -o s_roundPackToUI32.o -MF s_roundPackToUI32.d
gcc -MMD -MP  -DPREFIX=\"/usr/local\" -Wall -Wno-nonportable-include-path -g -O2 -fPIC -g -O2   -iquote . -I.. -iquote ../fesvr -iquote ../riscv -iquote ../disasm -iquote ../customext -iquote ../fdt -iquote ../softfloat -iquote ../spike_main -iquote ../spike_dasm -Wno-sign-compare -Wno-implicit-fallthrough -c ../softfloat/s_roundPackToUI64.c -o s_roundPackToUI64.o -MF s_roundPackToUI64.d
gcc -MMD -MP  -DPREFIX=\"/usr/local\" -Wall -Wno-nonportable-include-path -g -O2 -fPIC -g -O2   -iquote . -I.. -iquote ../fesvr -iquote ../riscv -iquote ../disasm -iquote ../customext -iquote ../fdt -iquote ../softfloat -iquote ../spike_main -iquote ../spike_dasm -Wno-sign-compare -Wno-implicit-fallthrough -c ../softfloat/s_roundToI32.c -o s_roundToI32.o -MF s_roundToI32.d
gcc -MMD -MP  -DPREFIX=\"/usr/local\" -Wall -Wno-nonportable-include-path -g -O2 -fPIC -g -O2   -iquote . -I.. -iquote ../fesvr -iquote ../riscv -iquote ../disasm -iquote ../customext -iquote ../fdt -iquote ../softfloat -iquote ../spike_main -iquote ../spike_dasm -Wno-sign-compare -Wno-implicit-fallthrough -c ../softfloat/s_roundToI64.c -o s_roundToI64.o -MF s_roundToI64.d
gcc -MMD -MP  -DPREFIX=\"/usr/local\" -Wall -Wno-nonportable-include-path -g -O2 -fPIC -g -O2   -iquote . -I.. -iquote ../fesvr -iquote ../riscv -iquote ../disasm -iquote ../customext -iquote ../fdt -iquote ../softfloat -iquote ../spike_main -iquote ../spike_dasm -Wno-sign-compare -Wno-implicit-fallthrough -c ../softfloat/s_roundToUI32.c -o s_roundToUI32.o -MF s_roundToUI32.d
gcc -MMD -MP  -DPREFIX=\"/usr/local\" -Wall -Wno-nonportable-include-path -g -O2 -fPIC -g -O2   -iquote . -I.. -iquote ../fesvr -iquote ../riscv -iquote ../disasm -iquote ../customext -iquote ../fdt -iquote ../softfloat -iquote ../spike_main -iquote ../spike_dasm -Wno-sign-compare -Wno-implicit-fallthrough -c ../softfloat/s_roundToUI64.c -o s_roundToUI64.o -MF s_roundToUI64.d
gcc -MMD -MP  -DPREFIX=\"/usr/local\" -Wall -Wno-nonportable-include-path -g -O2 -fPIC -g -O2   -iquote . -I.. -iquote ../fesvr -iquote ../riscv -iquote ../disasm -iquote ../customext -iquote ../fdt -iquote ../softfloat -iquote ../spike_main -iquote ../spike_dasm -Wno-sign-compare -Wno-implicit-fallthrough -c ../softfloat/s_shiftRightJam128.c -o s_shiftRightJam128.o -MF s_shiftRightJam128.d
gcc -MMD -MP  -DPREFIX=\"/usr/local\" -Wall -Wno-nonportable-include-path -g -O2 -fPIC -g -O2   -iquote . -I.. -iquote ../fesvr -iquote ../riscv -iquote ../disasm -iquote ../customext -iquote ../fdt -iquote ../softfloat -iquote ../spike_main -iquote ../spike_dasm -Wno-sign-compare -Wno-implicit-fallthrough -c ../softfloat/s_shiftRightJam128Extra.c -o s_shiftRightJam128Extra.o -MF s_shiftRightJam128Extra.d
gcc -MMD -MP  -DPREFIX=\"/usr/local\" -Wall -Wno-nonportable-include-path -g -O2 -fPIC -g -O2   -iquote . -I.. -iquote ../fesvr -iquote ../riscv -iquote ../disasm -iquote ../customext -iquote ../fdt -iquote ../softfloat -iquote ../spike_main -iquote ../spike_dasm -Wno-sign-compare -Wno-implicit-fallthrough -c ../softfloat/s_shiftRightJam256M.c -o s_shiftRightJam256M.o -MF s_shiftRightJam256M.d
gcc -MMD -MP  -DPREFIX=\"/usr/local\" -Wall -Wno-nonportable-include-path -g -O2 -fPIC -g -O2   -iquote . -I.. -iquote ../fesvr -iquote ../riscv -iquote ../disasm -iquote ../customext -iquote ../fdt -iquote ../softfloat -iquote ../spike_main -iquote ../spike_dasm -Wno-sign-compare -Wno-implicit-fallthrough -c ../softfloat/s_shiftRightJam32.c -o s_shiftRightJam32.o -MF s_shiftRightJam32.d
gcc -MMD -MP  -DPREFIX=\"/usr/local\" -Wall -Wno-nonportable-include-path -g -O2 -fPIC -g -O2   -iquote . -I.. -iquote ../fesvr -iquote ../riscv -iquote ../disasm -iquote ../customext -iquote ../fdt -iquote ../softfloat -iquote ../spike_main -iquote ../spike_dasm -Wno-sign-compare -Wno-implicit-fallthrough -c ../softfloat/s_shiftRightJam64.c -o s_shiftRightJam64.o -MF s_shiftRightJam64.d
gcc -MMD -MP  -DPREFIX=\"/usr/local\" -Wall -Wno-nonportable-include-path -g -O2 -fPIC -g -O2   -iquote . -I.. -iquote ../fesvr -iquote ../riscv -iquote ../disasm -iquote ../customext -iquote ../fdt -iquote ../softfloat -iquote ../spike_main -iquote ../spike_dasm -Wno-sign-compare -Wno-implicit-fallthrough -c ../softfloat/s_shiftRightJam64Extra.c -o s_shiftRightJam64Extra.o -MF s_shiftRightJam64Extra.d
gcc -MMD -MP  -DPREFIX=\"/usr/local\" -Wall -Wno-nonportable-include-path -g -O2 -fPIC -g -O2   -iquote . -I.. -iquote ../fesvr -iquote ../riscv -iquote ../disasm -iquote ../customext -iquote ../fdt -iquote ../softfloat -iquote ../spike_main -iquote ../spike_dasm -Wno-sign-compare -Wno-implicit-fallthrough -c ../softfloat/s_shortShiftLeft128.c -o s_shortShiftLeft128.o -MF s_shortShiftLeft128.d
gcc -MMD -MP  -DPREFIX=\"/usr/local\" -Wall -Wno-nonportable-include-path -g -O2 -fPIC -g -O2   -iquote . -I.. -iquote ../fesvr -iquote ../riscv -iquote ../disasm -iquote ../customext -iquote ../fdt -iquote ../softfloat -iquote ../spike_main -iquote ../spike_dasm -Wno-sign-compare -Wno-implicit-fallthrough -c ../softfloat/s_shortShiftLeft64To96M.c -o s_shortShiftLeft64To96M.o -MF s_shortShiftLeft64To96M.d
gcc -MMD -MP  -DPREFIX=\"/usr/local\" -Wall -Wno-nonportable-include-path -g -O2 -fPIC -g -O2   -iquote . -I.. -iquote ../fesvr -iquote ../riscv -iquote ../disasm -iquote ../customext -iquote ../fdt -iquote ../softfloat -iquote ../spike_main -iquote ../spike_dasm -Wno-sign-compare -Wno-implicit-fallthrough -c ../softfloat/s_shortShiftRight128.c -o s_shortShiftRight128.o -MF s_shortShiftRight128.d
gcc -MMD -MP  -DPREFIX=\"/usr/local\" -Wall -Wno-nonportable-include-path -g -O2 -fPIC -g -O2   -iquote . -I.. -iquote ../fesvr -iquote ../riscv -iquote ../disasm -iquote ../customext -iquote ../fdt -iquote ../softfloat -iquote ../spike_main -iquote ../spike_dasm -Wno-sign-compare -Wno-implicit-fallthrough -c ../softfloat/s_shortShiftRightExtendM.c -o s_shortShiftRightExtendM.o -MF s_shortShiftRightExtendM.d
gcc -MMD -MP  -DPREFIX=\"/usr/local\" -Wall -Wno-nonportable-include-path -g -O2 -fPIC -g -O2   -iquote . -I.. -iquote ../fesvr -iquote ../riscv -iquote ../disasm -iquote ../customext -iquote ../fdt -iquote ../softfloat -iquote ../spike_main -iquote ../spike_dasm -Wno-sign-compare -Wno-implicit-fallthrough -c ../softfloat/s_shortShiftRightJam128.c -o s_shortShiftRightJam128.o -MF s_shortShiftRightJam128.d
gcc -MMD -MP  -DPREFIX=\"/usr/local\" -Wall -Wno-nonportable-include-path -g -O2 -fPIC -g -O2   -iquote . -I.. -iquote ../fesvr -iquote ../riscv -iquote ../disasm -iquote ../customext -iquote ../fdt -iquote ../softfloat -iquote ../spike_main -iquote ../spike_dasm -Wno-sign-compare -Wno-implicit-fallthrough -c ../softfloat/s_shortShiftRightJam128Extra.c -o s_shortShiftRightJam128Extra.o -MF s_shortShiftRightJam128Extra.d
gcc -MMD -MP  -DPREFIX=\"/usr/local\" -Wall -Wno-nonportable-include-path -g -O2 -fPIC -g -O2   -iquote . -I.. -iquote ../fesvr -iquote ../riscv -iquote ../disasm -iquote ../customext -iquote ../fdt -iquote ../softfloat -iquote ../spike_main -iquote ../spike_dasm -Wno-sign-compare -Wno-implicit-fallthrough -c ../softfloat/s_shortShiftRightJam64.c -o s_shortShiftRightJam64.o -MF s_shortShiftRightJam64.d
gcc -MMD -MP  -DPREFIX=\"/usr/local\" -Wall -Wno-nonportable-include-path -g -O2 -fPIC -g -O2   -iquote . -I.. -iquote ../fesvr -iquote ../riscv -iquote ../disasm -iquote ../customext -iquote ../fdt -iquote ../softfloat -iquote ../spike_main -iquote ../spike_dasm -Wno-sign-compare -Wno-implicit-fallthrough -c ../softfloat/s_shortShiftRightJam64Extra.c -o s_shortShiftRightJam64Extra.o -MF s_shortShiftRightJam64Extra.d
gcc -MMD -MP  -DPREFIX=\"/usr/local\" -Wall -Wno-nonportable-include-path -g -O2 -fPIC -g -O2   -iquote . -I.. -iquote ../fesvr -iquote ../riscv -iquote ../disasm -iquote ../customext -iquote ../fdt -iquote ../softfloat -iquote ../spike_main -iquote ../spike_dasm -Wno-sign-compare -Wno-implicit-fallthrough -c ../softfloat/s_shortShiftRightM.c -o s_shortShiftRightM.o -MF s_shortShiftRightM.d
gcc -MMD -MP  -DPREFIX=\"/usr/local\" -Wall -Wno-nonportable-include-path -g -O2 -fPIC -g -O2   -iquote . -I.. -iquote ../fesvr -iquote ../riscv -iquote ../disasm -iquote ../customext -iquote ../fdt -iquote ../softfloat -iquote ../spike_main -iquote ../spike_dasm -Wno-sign-compare -Wno-implicit-fallthrough -c ../softfloat/s_sub128.c -o s_sub128.o -MF s_sub128.d
gcc -MMD -MP  -DPREFIX=\"/usr/local\" -Wall -Wno-nonportable-include-path -g -O2 -fPIC -g -O2   -iquote . -I.. -iquote ../fesvr -iquote ../riscv -iquote ../disasm -iquote ../customext -iquote ../fdt -iquote ../softfloat -iquote ../spike_main -iquote ../spike_dasm -Wno-sign-compare -Wno-implicit-fallthrough -c ../softfloat/s_sub1XM.c -o s_sub1XM.o -MF s_sub1XM.d
gcc -MMD -MP  -DPREFIX=\"/usr/local\" -Wall -Wno-nonportable-include-path -g -O2 -fPIC -g -O2   -iquote . -I.. -iquote ../fesvr -iquote ../riscv -iquote ../disasm -iquote ../customext -iquote ../fdt -iquote ../softfloat -iquote ../spike_main -iquote ../spike_dasm -Wno-sign-compare -Wno-implicit-fallthrough -c ../softfloat/s_sub256M.c -o s_sub256M.o -MF s_sub256M.d
gcc -MMD -MP  -DPREFIX=\"/usr/local\" -Wall -Wno-nonportable-include-path -g -O2 -fPIC -g -O2   -iquote . -I.. -iquote ../fesvr -iquote ../riscv -iquote ../disasm -iquote ../customext -iquote ../fdt -iquote ../softfloat -iquote ../spike_main -iquote ../spike_dasm -Wno-sign-compare -Wno-implicit-fallthrough -c ../softfloat/s_subMagsF128.c -o s_subMagsF128.o -MF s_subMagsF128.d
gcc -MMD -MP  -DPREFIX=\"/usr/local\" -Wall -Wno-nonportable-include-path -g -O2 -fPIC -g -O2   -iquote . -I.. -iquote ../fesvr -iquote ../riscv -iquote ../disasm -iquote ../customext -iquote ../fdt -iquote ../softfloat -iquote ../spike_main -iquote ../spike_dasm -Wno-sign-compare -Wno-implicit-fallthrough -c ../softfloat/s_subMagsF16.c -o s_subMagsF16.o -MF s_subMagsF16.d
gcc -MMD -MP  -DPREFIX=\"/usr/local\" -Wall -Wno-nonportable-include-path -g -O2 -fPIC -g -O2   -iquote . -I.. -iquote ../fesvr -iquote ../riscv -iquote ../disasm -iquote ../customext -iquote ../fdt -iquote ../softfloat -iquote ../spike_main -iquote ../spike_dasm -Wno-sign-compare -Wno-implicit-fallthrough -c ../softfloat/s_subMagsF32.c -o s_subMagsF32.o -MF s_subMagsF32.d
gcc -MMD -MP  -DPREFIX=\"/usr/local\" -Wall -Wno-nonportable-include-path -g -O2 -fPIC -g -O2   -iquote . -I.. -iquote ../fesvr -iquote ../riscv -iquote ../disasm -iquote ../customext -iquote ../fdt -iquote ../softfloat -iquote ../spike_main -iquote ../spike_dasm -Wno-sign-compare -Wno-implicit-fallthrough -c ../softfloat/s_subMagsF64.c -o s_subMagsF64.o -MF s_subMagsF64.d
gcc -MMD -MP  -DPREFIX=\"/usr/local\" -Wall -Wno-nonportable-include-path -g -O2 -fPIC -g -O2   -iquote . -I.. -iquote ../fesvr -iquote ../riscv -iquote ../disasm -iquote ../customext -iquote ../fdt -iquote ../softfloat -iquote ../spike_main -iquote ../spike_dasm -Wno-sign-compare -Wno-implicit-fallthrough -c ../softfloat/s_subM.c -o s_subM.o -MF s_subM.d
gcc -MMD -MP  -DPREFIX=\"/usr/local\" -Wall -Wno-nonportable-include-path -g -O2 -fPIC -g -O2   -iquote . -I.. -iquote ../fesvr -iquote ../riscv -iquote ../disasm -iquote ../customext -iquote ../fdt -iquote ../softfloat -iquote ../spike_main -iquote ../spike_dasm -Wno-sign-compare -Wno-implicit-fallthrough -c ../softfloat/ui32_to_f128.c -o ui32_to_f128.o -MF ui32_to_f128.d
gcc -MMD -MP  -DPREFIX=\"/usr/local\" -Wall -Wno-nonportable-include-path -g -O2 -fPIC -g -O2   -iquote . -I.. -iquote ../fesvr -iquote ../riscv -iquote ../disasm -iquote ../customext -iquote ../fdt -iquote ../softfloat -iquote ../spike_main -iquote ../spike_dasm -Wno-sign-compare -Wno-implicit-fallthrough -c ../softfloat/ui32_to_bf16.c -o ui32_to_bf16.o -MF ui32_to_bf16.d
gcc -MMD -MP  -DPREFIX=\"/usr/local\" -Wall -Wno-nonportable-include-path -g -O2 -fPIC -g -O2   -iquote . -I.. -iquote ../fesvr -iquote ../riscv -iquote ../disasm -iquote ../customext -iquote ../fdt -iquote ../softfloat -iquote ../spike_main -iquote ../spike_dasm -Wno-sign-compare -Wno-implicit-fallthrough -c ../softfloat/ui32_to_f16.c -o ui32_to_f16.o -MF ui32_to_f16.d
gcc -MMD -MP  -DPREFIX=\"/usr/local\" -Wall -Wno-nonportable-include-path -g -O2 -fPIC -g -O2   -iquote . -I.. -iquote ../fesvr -iquote ../riscv -iquote ../disasm -iquote ../customext -iquote ../fdt -iquote ../softfloat -iquote ../spike_main -iquote ../spike_dasm -Wno-sign-compare -Wno-implicit-fallthrough -c ../softfloat/ui32_to_f32.c -o ui32_to_f32.o -MF ui32_to_f32.d
gcc -MMD -MP  -DPREFIX=\"/usr/local\" -Wall -Wno-nonportable-include-path -g -O2 -fPIC -g -O2   -iquote . -I.. -iquote ../fesvr -iquote ../riscv -iquote ../disasm -iquote ../customext -iquote ../fdt -iquote ../softfloat -iquote ../spike_main -iquote ../spike_dasm -Wno-sign-compare -Wno-implicit-fallthrough -c ../softfloat/ui32_to_f64.c -o ui32_to_f64.o -MF ui32_to_f64.d
gcc -MMD -MP  -DPREFIX=\"/usr/local\" -Wall -Wno-nonportable-include-path -g -O2 -fPIC -g -O2   -iquote . -I.. -iquote ../fesvr -iquote ../riscv -iquote ../disasm -iquote ../customext -iquote ../fdt -iquote ../softfloat -iquote ../spike_main -iquote ../spike_dasm -Wno-sign-compare -Wno-implicit-fallthrough -c ../softfloat/ui64_to_f128.c -o ui64_to_f128.o -MF ui64_to_f128.d
gcc -MMD -MP  -DPREFIX=\"/usr/local\" -Wall -Wno-nonportable-include-path -g -O2 -fPIC -g -O2   -iquote . -I.. -iquote ../fesvr -iquote ../riscv -iquote ../disasm -iquote ../customext -iquote ../fdt -iquote ../softfloat -iquote ../spike_main -iquote ../spike_dasm -Wno-sign-compare -Wno-implicit-fallthrough -c ../softfloat/ui64_to_f16.c -o ui64_to_f16.o -MF ui64_to_f16.d
gcc -MMD -MP  -DPREFIX=\"/usr/local\" -Wall -Wno-nonportable-include-path -g -O2 -fPIC -g -O2   -iquote . -I.. -iquote ../fesvr -iquote ../riscv -iquote ../disasm -iquote ../customext -iquote ../fdt -iquote ../softfloat -iquote ../spike_main -iquote ../spike_dasm -Wno-sign-compare -Wno-implicit-fallthrough -c ../softfloat/ui64_to_f32.c -o ui64_to_f32.o -MF ui64_to_f32.d
gcc -MMD -MP  -DPREFIX=\"/usr/local\" -Wall -Wno-nonportable-include-path -g -O2 -fPIC -g -O2   -iquote . -I.. -iquote ../fesvr -iquote ../riscv -iquote ../disasm -iquote ../customext -iquote ../fdt -iquote ../softfloat -iquote ../spike_main -iquote ../spike_dasm -Wno-sign-compare -Wno-implicit-fallthrough -c ../softfloat/ui64_to_f64.c -o ui64_to_f64.o -MF ui64_to_f64.d
g++ -MMD -MP  -DPREFIX=\"/usr/local\" -Wall -Wno-nonportable-include-path -g -O2 -fPIC -std=c++2a -g -O2   -iquote . -I.. -iquote ../fesvr -iquote ../riscv -iquote ../disasm -iquote ../customext -iquote ../fdt -iquote ../softfloat -iquote ../spike_main -iquote ../spike_dasm -I/usr/include   -c ../disasm/disasm.cc -o disasm.o -MF disasm.d
g++ -MMD -MP  -DPREFIX=\"/usr/local\" -Wall -Wno-nonportable-include-path -g -O2 -fPIC -std=c++2a -g -O2   -iquote . -I.. -iquote ../fesvr -iquote ../riscv -iquote ../disasm -iquote ../customext -iquote ../fdt -iquote ../softfloat -iquote ../spike_main -iquote ../spike_dasm -I/usr/include   -c ../disasm/isa_parser.cc -o isa_parser.o -MF isa_parser.d
g++ -MMD -MP  -DPREFIX=\"/usr/local\" -Wall -Wno-nonportable-include-path -g -O2 -fPIC -std=c++2a -g -O2   -iquote . -I.. -iquote ../fesvr -iquote ../riscv -iquote ../disasm -iquote ../customext -iquote ../fdt -iquote ../softfloat -iquote ../spike_main -iquote ../spike_dasm -I/usr/include   -c ../disasm/regnames.cc -o regnames.o -MF regnames.d
gcc -MMD -MP  -DPREFIX=\"/usr/local\" -Wall -Wno-nonportable-include-path -g -O2 -fPIC -g -O2   -iquote . -I.. -iquote ../fesvr -iquote ../riscv -iquote ../disasm -iquote ../customext -iquote ../fdt -iquote ../softfloat -iquote ../spike_main -iquote ../spike_dasm -I../fdt -Wno-sign-compare -c ../fdt/fdt.c -o fdt.o -MF fdt.d
gcc -MMD -MP  -DPREFIX=\"/usr/local\" -Wall -Wno-nonportable-include-path -g -O2 -fPIC -g -O2   -iquote . -I.. -iquote ../fesvr -iquote ../riscv -iquote ../disasm -iquote ../customext -iquote ../fdt -iquote ../softfloat -iquote ../spike_main -iquote ../spike_dasm -I../fdt -Wno-sign-compare -c ../fdt/fdt_ro.c -o fdt_ro.o -MF fdt_ro.d
gcc -MMD -MP  -DPREFIX=\"/usr/local\" -Wall -Wno-nonportable-include-path -g -O2 -fPIC -g -O2   -iquote . -I.. -iquote ../fesvr -iquote ../riscv -iquote ../disasm -iquote ../customext -iquote ../fdt -iquote ../softfloat -iquote ../spike_main -iquote ../spike_dasm -I../fdt -Wno-sign-compare -c ../fdt/fdt_wip.c -o fdt_wip.o -MF fdt_wip.d
gcc -MMD -MP  -DPREFIX=\"/usr/local\" -Wall -Wno-nonportable-include-path -g -O2 -fPIC -g -O2   -iquote . -I.. -iquote ../fesvr -iquote ../riscv -iquote ../disasm -iquote ../customext -iquote ../fdt -iquote ../softfloat -iquote ../spike_main -iquote ../spike_dasm -I../fdt -Wno-sign-compare -c ../fdt/fdt_sw.c -o fdt_sw.o -MF fdt_sw.d
gcc -MMD -MP  -DPREFIX=\"/usr/local\" -Wall -Wno-nonportable-include-path -g -O2 -fPIC -g -O2   -iquote . -I.. -iquote ../fesvr -iquote ../riscv -iquote ../disasm -iquote ../customext -iquote ../fdt -iquote ../softfloat -iquote ../spike_main -iquote ../spike_dasm -I../fdt -Wno-sign-compare -c ../fdt/fdt_rw.c -o fdt_rw.o -MF fdt_rw.d
gcc -MMD -MP  -DPREFIX=\"/usr/local\" -Wall -Wno-nonportable-include-path -g -O2 -fPIC -g -O2   -iquote . -I.. -iquote ../fesvr -iquote ../riscv -iquote ../disasm -iquote ../customext -iquote ../fdt -iquote ../softfloat -iquote ../spike_main -iquote ../spike_dasm -I../fdt -Wno-sign-compare -c ../fdt/fdt_strerror.c -o fdt_strerror.o -MF fdt_strerror.d
gcc -MMD -MP  -DPREFIX=\"/usr/local\" -Wall -Wno-nonportable-include-path -g -O2 -fPIC -g -O2   -iquote . -I.. -iquote ../fesvr -iquote ../riscv -iquote ../disasm -iquote ../customext -iquote ../fdt -iquote ../softfloat -iquote ../spike_main -iquote ../spike_dasm -I../fdt -Wno-sign-compare -c ../fdt/fdt_empty_tree.c -o fdt_empty_tree.o -MF fdt_empty_tree.d
gcc -MMD -MP  -DPREFIX=\"/usr/local\" -Wall -Wno-nonportable-include-path -g -O2 -fPIC -g -O2   -iquote . -I.. -iquote ../fesvr -iquote ../riscv -iquote ../disasm -iquote ../customext -iquote ../fdt -iquote ../softfloat -iquote ../spike_main -iquote ../spike_dasm -I../fdt -Wno-sign-compare -c ../fdt/fdt_addresses.c -o fdt_addresses.o -MF fdt_addresses.d
gcc -MMD -MP  -DPREFIX=\"/usr/local\" -Wall -Wno-nonportable-include-path -g -O2 -fPIC -g -O2   -iquote . -I.. -iquote ../fesvr -iquote ../riscv -iquote ../disasm -iquote ../customext -iquote ../fdt -iquote ../softfloat -iquote ../spike_main -iquote ../spike_dasm -I../fdt -Wno-sign-compare -c ../fdt/fdt_overlay.c -o fdt_overlay.o -MF fdt_overlay.d
g++ -MMD -MP  -DPREFIX=\"/usr/local\" -Wall -Wno-nonportable-include-path -g -O2 -fPIC -std=c++2a -g -O2   -iquote . -I.. -iquote ../fesvr -iquote ../riscv -iquote ../disasm -iquote ../customext -iquote ../fdt -iquote ../softfloat -iquote ../spike_main -iquote ../spike_dasm -I/usr/include   -c ../customext/dummy_rocc.cc -o dummy_rocc.o -MF dummy_rocc.d
g++ -MMD -MP  -DPREFIX=\"/usr/local\" -Wall -Wno-nonportable-include-path -g -O2 -fPIC -std=c++2a -g -O2   -iquote . -I.. -iquote ../fesvr -iquote ../riscv -iquote ../disasm -iquote ../customext -iquote ../fdt -iquote ../softfloat -iquote ../spike_main -iquote ../spike_dasm -I/usr/include   -c ../customext/cflush.cc -o cflush.o -MF cflush.d
echo "int _spike_main( int arg ) { return arg; }" > _spike_main.cc
g++ -L. -Wl,--export-dynamic -L/usr/lib/x86_64-linux-gnu  -Wl,-rpath,/usr/local/lib  -shared -o libsoftfloat.so  e4m3_to_f16.o e5m2_to_f16.o e4m3_to_bf16.o e5m2_to_bf16.o bf16_add.o bf16_div.o bf16_mul.o bf16_mulAdd.o bf16_sqrt.o bf16_sub.o bf16_cmp.o bf16_classify.o bf16_to_e4m3.o bf16_to_e5m2.o bf16_to_f32.o bf16_to_f64.o bf16_to_i8.o bf16_to_i32.o bf16_to_ui8.o bf16_to_ui32.o f128_add.o f128_classify.o f128_div.o f128_eq.o f128_eq_signaling.o f128_isSignalingNaN.o f128_le.o f128_le_quiet.o f128_lt.o f128_lt_quiet.o f128_mulAdd.o f128_mul.o f128_rem.o f128_roundToInt.o f128_sqrt.o f128_sub.o f128_to_f16.o f128_to_f32.o f128_to_f64.o f128_to_i32.o f128_to_i32_r_minMag.o f128_to_i64.o f128_to_i64_r_minMag.o f128_to_ui32.o f128_to_ui32_r_minMag.o f128_to_ui64.o f128_to_ui64_r_minMag.o f16_add.o f16_classify.o f16_div.o f16_eq.o f16_eq_signaling.o f16_isSignalingNaN.o f16_le.o f16_le_quiet.o f16_lt.o f16_lt_quiet.o f16_mulAdd.o f16_mul.o f16_rem.o f16_roundToInt.o f16_sqrt.o f16_sub.o f16_to_f128.o f16_to_f32.o f16_to_f64.o f16_to_e4m3.o f16_to_e5m2.o f16_to_i8.o f16_to_i16.o f16_to_i32.o f16_to_i32_r_minMag.o f16_to_i64.o f16_to_i64_r_minMag.o f16_to_ui8.o f16_to_ui16.o f16_to_ui32.o f16_to_ui32_r_minMag.o f16_to_ui64.o f16_to_ui64_r_minMag.o f32_add.o f32_classify.o f32_div.o f32_eq.o f32_eq_signaling.o f32_isSignalingNaN.o f32_le.o f32_le_quiet.o f32_lt.o f32_lt_quiet.o f32_mulAdd.o f32_mul.o f32_rem.o f32_roundToInt.o f32_sqrt.o f32_sub.o f32_to_e4m3.o f32_to_e5m2.o f32_to_bf16.o f32_to_f128.o f32_to_f16.o f32_to_f64.o f32_to_i16.o f32_to_i32.o f32_to_i32_r_minMag.o f32_to_i64.o f32_to_i64_r_minMag.o f32_to_ui16.o f32_to_ui32.o f32_to_ui32_r_minMag.o f32_to_ui64.o f32_to_ui64_r_minMag.o f32_to_i8.o f32_to_ui8.o f64_add.o f64_classify.o f64_div.o f64_eq.o f64_eq_signaling.o f64_isSignalingNaN.o f64_le.o f64_le_quiet.o f64_lt.o f64_lt_quiet.o f64_mulAdd.o f64_mul.o f64_rem.o f64_roundToInt.o f64_sqrt.o f64_sub.o f64_to_bf16.o f64_to_f128.o f64_to_f16.o f64_to_f32.o f64_to_i32.o f64_to_i32_r_minMag.o f64_to_i64.o f64_to_i64_r_minMag.o f64_to_ui32.o f64_to_ui32_r_minMag.o f64_to_ui64.o f64_to_ui64_r_minMag.o fall_maxmin.o fall_reciprocal.o fall_sign.o i32_to_f128.o i32_to_bf16.o i32_to_f16.o i32_to_f32.o i32_to_f64.o i64_to_f128.o i64_to_f16.o i64_to_f32.o i64_to_f64.o s_add128.o s_add256M.o s_addCarryM.o s_addComplCarryM.o s_addMagsF128.o s_addMagsF16.o s_addMagsF32.o s_addMagsF64.o s_addM.o s_approxRecip_1Ks.o s_approxRecip32_1.o s_approxRecipSqrt_1Ks.o s_approxRecipSqrt32_1.o s_commonNaNToF32UI.o s_commonNaNToF64UI.o s_compare128M.o s_compare96M.o s_countLeadingZeros16.o s_countLeadingZeros32.o s_countLeadingZeros64.o s_countLeadingZeros8.o s_eq128.o s_f32UIToCommonNaN.o s_f64UIToCommonNaN.o s_le128.o s_lt128.o s_mul128By32.o s_mul128MTo256M.o s_mul128To256M.o s_mul64ByShifted32To128.o s_mul64To128.o s_mul64To128M.o s_mulAddF128.o s_mulAddF16.o s_mulAddF32.o s_mulAddF64.o s_negXM.o s_normRoundPackToF128.o s_normRoundPackToF16.o s_normRoundPackToF32.o s_normRoundPackToF64.o s_normSubnormalF128Sig.o s_normSubnormalE4M3Sig.o s_normSubnormalE5M2Sig.o s_normSubnormalF16Sig.o s_normSubnormalF32Sig.o s_normSubnormalF64Sig.o softfloat_raiseFlags.o softfloat_state.o s_propagateNaNF16UI.o s_propagateNaNF32UI.o s_propagateNaNF64UI.o s_propagateNaNF128UI.o s_remStepMBy32.o s_roundMToI64.o s_roundMToUI64.o s_roundPackMToI64.o s_roundPackMToUI64.o s_roundPackToE4M3.o s_roundPackToE5M2.o s_roundPackToBF16.o s_roundPackToF128.o s_roundPackToF16.o s_roundPackToF32.o s_roundPackToF64.o s_roundPackToI32.o s_roundPackToI64.o s_roundPackToUI32.o s_roundPackToUI64.o s_roundToI32.o s_roundToI64.o s_roundToUI32.o s_roundToUI64.o s_shiftRightJam128.o s_shiftRightJam128Extra.o s_shiftRightJam256M.o s_shiftRightJam32.o s_shiftRightJam64.o s_shiftRightJam64Extra.o s_shortShiftLeft128.o s_shortShiftLeft64To96M.o s_shortShiftRight128.o s_shortShiftRightExtendM.o s_shortShiftRightJam128.o s_shortShiftRightJam128Extra.o s_shortShiftRightJam64.o s_shortShiftRightJam64Extra.o s_shortShiftRightM.o s_sub128.o s_sub1XM.o s_sub256M.o s_subMagsF128.o s_subMagsF16.o s_subMagsF32.o s_subMagsF64.o s_subM.o ui32_to_f128.o ui32_to_bf16.o ui32_to_f16.o ui32_to_f32.o ui32_to_f64.o ui64_to_f128.o ui64_to_f16.o ui64_to_f32.o ui64_to_f64.o -lpthread  -lboost_system -lboost_regex
g++ -MMD -MP  -DPREFIX=\"/usr/local\" -Wall -Wno-nonportable-include-path -g -O2 -fPIC -std=c++2a -g -O2   -iquote . -I.. -iquote ../fesvr -iquote ../riscv -iquote ../disasm -iquote ../customext -iquote ../fdt -iquote ../softfloat -iquote ../spike_main -iquote ../spike_dasm -I/usr/include -c ../fesvr/elf2hex.cc -o elf2hex.o -MF elf2hex.d
g++ -MMD -MP  -DPREFIX=\"/usr/local\" -Wall -Wno-nonportable-include-path -g -O2 -fPIC -std=c++2a -g -O2   -iquote . -I.. -iquote ../fesvr -iquote ../riscv -iquote ../disasm -iquote ../customext -iquote ../fdt -iquote ../softfloat -iquote ../spike_main -iquote ../spike_dasm -I/usr/include -c ../spike_main/spike.cc -o spike.o -MF spike.d
g++ -MMD -MP  -DPREFIX=\"/usr/local\" -Wall -Wno-nonportable-include-path -g -O2 -fPIC -std=c++2a -g -O2   -iquote . -I.. -iquote ../fesvr -iquote ../riscv -iquote ../disasm -iquote ../customext -iquote ../fdt -iquote ../softfloat -iquote ../spike_main -iquote ../spike_dasm -I/usr/include -c ../spike_main/spike-log-parser.cc -o spike-log-parser.o -MF spike-log-parser.d
g++ -MMD -MP  -DPREFIX=\"/usr/local\" -Wall -Wno-nonportable-include-path -g -O2 -fPIC -std=c++2a -g -O2   -iquote . -I.. -iquote ../fesvr -iquote ../riscv -iquote ../disasm -iquote ../customext -iquote ../fdt -iquote ../softfloat -iquote ../spike_main -iquote ../spike_dasm -I/usr/include -c ../spike_main/xspike.cc -o xspike.o -MF xspike.d
g++ -MMD -MP  -DPREFIX=\"/usr/local\" -Wall -Wno-nonportable-include-path -g -O2 -fPIC -std=c++2a -g -O2   -iquote . -I.. -iquote ../fesvr -iquote ../riscv -iquote ../disasm -iquote ../customext -iquote ../fdt -iquote ../softfloat -iquote ../spike_main -iquote ../spike_dasm -I/usr/include -c ../spike_main/termios-xspike.cc -o termios-xspike.o -MF termios-xspike.d
g++ -MMD -MP  -DPREFIX=\"/usr/local\" -Wall -Wno-nonportable-include-path -g -O2 -fPIC -std=c++2a -g -O2   -iquote . -I.. -iquote ../fesvr -iquote ../riscv -iquote ../disasm -iquote ../customext -iquote ../fdt -iquote ../softfloat -iquote ../spike_main -iquote ../spike_dasm -I/usr/include -c ../spike_dasm/spike-dasm.cc -o spike-dasm.o -MF spike-dasm.d
g++ -MMD -MP  -DPREFIX=\"/usr/local\" -Wall -Wno-nonportable-include-path -g -O2 -fPIC -std=c++2a -g -O2   -iquote . -I.. -iquote ../fesvr -iquote ../riscv -iquote ../disasm -iquote ../customext -iquote ../fdt -iquote ../softfloat -iquote ../spike_main -iquote ../spike_dasm -I/usr/include   -c ../spike_dasm/spike_dasm_option_parser.cc -o spike_dasm_option_parser.o -MF spike_dasm_option_parser.d
rm -f libfesvr.a
ar rcs libfesvr.a elfloader.o htif.o memif.o dtm.o syscall.o device.o rfb.o context.o htif_pthread.o htif_hexwriter.o dummy.o option_parser.o term.o tsi.o
g++ -MMD -MP  -DPREFIX=\"/usr/local\" -Wall -Wno-nonportable-include-path -g -O2 -fPIC -std=c++2a -g -O2   -iquote . -I.. -iquote ../fesvr -iquote ../riscv -iquote ../disasm -iquote ../customext -iquote ../fdt -iquote ../softfloat -iquote ../spike_main -iquote ../spike_dasm -I/usr/include  -fPIC -I../fdt -c ../riscv/processor.cc -o processor.o -MF processor.d
g++ -MMD -MP  -DPREFIX=\"/usr/local\" -Wall -Wno-nonportable-include-path -g -O2 -fPIC -std=c++2a -g -O2   -iquote . -I.. -iquote ../fesvr -iquote ../riscv -iquote ../disasm -iquote ../customext -iquote ../fdt -iquote ../softfloat -iquote ../spike_main -iquote ../spike_dasm -I/usr/include  -fPIC -I../fdt -c ../riscv/execute.cc -o execute.o -MF execute.d
../disasm/disasm.cc: In member function ‘void disassembler_t::add_instructions(const isa_parser_t*, bool)’:
../disasm/disasm.cc:934:6: note: variable tracking size limit exceeded with ‘-fvar-tracking-assignments’, retrying without
  934 | void disassembler_t::add_instructions(const isa_parser_t* isa, bool strict)
      |      ^~~~~~~~~~~~~~
g++ -MMD -MP  -DPREFIX=\"/usr/local\" -Wall -Wno-nonportable-include-path -g -O2 -fPIC -std=c++2a -g -O2   -iquote . -I.. -iquote ../fesvr -iquote ../riscv -iquote ../disasm -iquote ../customext -iquote ../fdt -iquote ../softfloat -iquote ../spike_main -iquote ../spike_dasm -I/usr/include  -fPIC -I../fdt -c ../riscv/dts.cc -o dts.o -MF dts.d
g++ -MMD -MP  -DPREFIX=\"/usr/local\" -Wall -Wno-nonportable-include-path -g -O2 -fPIC -std=c++2a -g -O2   -iquote . -I.. -iquote ../fesvr -iquote ../riscv -iquote ../disasm -iquote ../customext -iquote ../fdt -iquote ../softfloat -iquote ../spike_main -iquote ../spike_dasm -I/usr/include  -fPIC -I../fdt -c ../riscv/sim.cc -o sim.o -MF sim.d
g++ -MMD -MP  -DPREFIX=\"/usr/local\" -Wall -Wno-nonportable-include-path -g -O2 -fPIC -std=c++2a -g -O2   -iquote . -I.. -iquote ../fesvr -iquote ../riscv -iquote ../disasm -iquote ../customext -iquote ../fdt -iquote ../softfloat -iquote ../spike_main -iquote ../spike_dasm -I/usr/include  -fPIC -I../fdt -c ../riscv/imsic.cc -o imsic.o -MF imsic.d
g++ -MMD -MP  -DPREFIX=\"/usr/local\" -Wall -Wno-nonportable-include-path -g -O2 -fPIC -std=c++2a -g -O2   -iquote . -I.. -iquote ../fesvr -iquote ../riscv -iquote ../disasm -iquote ../customext -iquote ../fdt -iquote ../softfloat -iquote ../spike_main -iquote ../spike_dasm -I/usr/include  -fPIC -I../fdt -c ../riscv/interactive.cc -o interactive.o -MF interactive.d
g++ -MMD -MP  -DPREFIX=\"/usr/local\" -Wall -Wno-nonportable-include-path -g -O2 -fPIC -std=c++2a -g -O2   -iquote . -I.. -iquote ../fesvr -iquote ../riscv -iquote ../disasm -iquote ../customext -iquote ../fdt -iquote ../softfloat -iquote ../spike_main -iquote ../spike_dasm -I/usr/include  -fPIC -I../fdt -c ../riscv/cachesim.cc -o cachesim.o -MF cachesim.d
g++ -MMD -MP  -DPREFIX=\"/usr/local\" -Wall -Wno-nonportable-include-path -g -O2 -fPIC -std=c++2a -g -O2   -iquote . -I.. -iquote ../fesvr -iquote ../riscv -iquote ../disasm -iquote ../customext -iquote ../fdt -iquote ../softfloat -iquote ../spike_main -iquote ../spike_dasm -I/usr/include  -fPIC -I../fdt -c ../riscv/mmu.cc -o mmu.o -MF mmu.d
g++ -MMD -MP  -DPREFIX=\"/usr/local\" -Wall -Wno-nonportable-include-path -g -O2 -fPIC -std=c++2a -g -O2   -iquote . -I.. -iquote ../fesvr -iquote ../riscv -iquote ../disasm -iquote ../customext -iquote ../fdt -iquote ../softfloat -iquote ../spike_main -iquote ../spike_dasm -I/usr/include  -fPIC -I../fdt -c ../riscv/extension.cc -o extension.o -MF extension.d
g++ -MMD -MP  -DPREFIX=\"/usr/local\" -Wall -Wno-nonportable-include-path -g -O2 -fPIC -std=c++2a -g -O2   -iquote . -I.. -iquote ../fesvr -iquote ../riscv -iquote ../disasm -iquote ../customext -iquote ../fdt -iquote ../softfloat -iquote ../spike_main -iquote ../spike_dasm -I/usr/include  -fPIC -I../fdt -c ../riscv/extensions.cc -o extensions.o -MF extensions.d
g++ -MMD -MP  -DPREFIX=\"/usr/local\" -Wall -Wno-nonportable-include-path -g -O2 -fPIC -std=c++2a -g -O2   -iquote . -I.. -iquote ../fesvr -iquote ../riscv -iquote ../disasm -iquote ../customext -iquote ../fdt -iquote ../softfloat -iquote ../spike_main -iquote ../spike_dasm -I/usr/include  -fPIC -I../fdt -c ../riscv/rocc.cc -o rocc.o -MF rocc.d
g++ -MMD -MP  -DPREFIX=\"/usr/local\" -Wall -Wno-nonportable-include-path -g -O2 -fPIC -std=c++2a -g -O2   -iquote . -I.. -iquote ../fesvr -iquote ../riscv -iquote ../disasm -iquote ../customext -iquote ../fdt -iquote ../softfloat -iquote ../spike_main -iquote ../spike_dasm -I/usr/include  -fPIC -I../fdt -c ../riscv/devices.cc -o devices.o -MF devices.d
g++ -MMD -MP  -DPREFIX=\"/usr/local\" -Wall -Wno-nonportable-include-path -g -O2 -fPIC -std=c++2a -g -O2   -iquote . -I.. -iquote ../fesvr -iquote ../riscv -iquote ../disasm -iquote ../customext -iquote ../fdt -iquote ../softfloat -iquote ../spike_main -iquote ../spike_dasm -I/usr/include  -fPIC -I../fdt -c ../riscv/dtb_discovery.cc -o dtb_discovery.o -MF dtb_discovery.d
g++ -MMD -MP  -DPREFIX=\"/usr/local\" -Wall -Wno-nonportable-include-path -g -O2 -fPIC -std=c++2a -g -O2   -iquote . -I.. -iquote ../fesvr -iquote ../riscv -iquote ../disasm -iquote ../customext -iquote ../fdt -iquote ../softfloat -iquote ../spike_main -iquote ../spike_dasm -I/usr/include  -fPIC -I../fdt -c ../riscv/rom.cc -o rom.o -MF rom.d
g++ -MMD -MP  -DPREFIX=\"/usr/local\" -Wall -Wno-nonportable-include-path -g -O2 -fPIC -std=c++2a -g -O2   -iquote . -I.. -iquote ../fesvr -iquote ../riscv -iquote ../disasm -iquote ../customext -iquote ../fdt -iquote ../softfloat -iquote ../spike_main -iquote ../spike_dasm -I/usr/include  -fPIC -I../fdt -c ../riscv/clint.cc -o clint.o -MF clint.d
g++ -MMD -MP  -DPREFIX=\"/usr/local\" -Wall -Wno-nonportable-include-path -g -O2 -fPIC -std=c++2a -g -O2   -iquote . -I.. -iquote ../fesvr -iquote ../riscv -iquote ../disasm -iquote ../customext -iquote ../fdt -iquote ../softfloat -iquote ../spike_main -iquote ../spike_dasm -I/usr/include  -fPIC -I../fdt -c ../riscv/plic.cc -o plic.o -MF plic.d
g++ -MMD -MP  -DPREFIX=\"/usr/local\" -Wall -Wno-nonportable-include-path -g -O2 -fPIC -std=c++2a -g -O2   -iquote . -I.. -iquote ../fesvr -iquote ../riscv -iquote ../disasm -iquote ../customext -iquote ../fdt -iquote ../softfloat -iquote ../spike_main -iquote ../spike_dasm -I/usr/include  -fPIC -I../fdt -c ../riscv/ns16550.cc -o ns16550.o -MF ns16550.d
g++ -MMD -MP  -DPREFIX=\"/usr/local\" -Wall -Wno-nonportable-include-path -g -O2 -fPIC -std=c++2a -g -O2   -iquote . -I.. -iquote ../fesvr -iquote ../riscv -iquote ../disasm -iquote ../customext -iquote ../fdt -iquote ../softfloat -iquote ../spike_main -iquote ../spike_dasm -I/usr/include  -fPIC -I../fdt -c ../riscv/debug_module.cc -o debug_module.o -MF debug_module.d
g++ -MMD -MP  -DPREFIX=\"/usr/local\" -Wall -Wno-nonportable-include-path -g -O2 -fPIC -std=c++2a -g -O2   -iquote . -I.. -iquote ../fesvr -iquote ../riscv -iquote ../disasm -iquote ../customext -iquote ../fdt -iquote ../softfloat -iquote ../spike_main -iquote ../spike_dasm -I/usr/include  -fPIC -I../fdt -c ../riscv/remote_bitbang.cc -o remote_bitbang.o -MF remote_bitbang.d
g++ -MMD -MP  -DPREFIX=\"/usr/local\" -Wall -Wno-nonportable-include-path -g -O2 -fPIC -std=c++2a -g -O2   -iquote . -I.. -iquote ../fesvr -iquote ../riscv -iquote ../disasm -iquote ../customext -iquote ../fdt -iquote ../softfloat -iquote ../spike_main -iquote ../spike_dasm -I/usr/include  -fPIC -I../fdt -c ../riscv/jtag_dtm.cc -o jtag_dtm.o -MF jtag_dtm.d
g++ -MMD -MP  -DPREFIX=\"/usr/local\" -Wall -Wno-nonportable-include-path -g -O2 -fPIC -std=c++2a -g -O2   -iquote . -I.. -iquote ../fesvr -iquote ../riscv -iquote ../disasm -iquote ../customext -iquote ../fdt -iquote ../softfloat -iquote ../spike_main -iquote ../spike_dasm -I/usr/include  -fPIC -I../fdt -c ../riscv/csrs.cc -o csrs.o -MF csrs.d
g++ -MMD -MP  -DPREFIX=\"/usr/local\" -Wall -Wno-nonportable-include-path -g -O2 -fPIC -std=c++2a -g -O2   -iquote . -I.. -iquote ../fesvr -iquote ../riscv -iquote ../disasm -iquote ../customext -iquote ../fdt -iquote ../softfloat -iquote ../spike_main -iquote ../spike_dasm -I/usr/include  -fPIC -I../fdt -c ../riscv/csr_init.cc -o csr_init.o -MF csr_init.d
g++ -MMD -MP  -DPREFIX=\"/usr/local\" -Wall -Wno-nonportable-include-path -g -O2 -fPIC -std=c++2a -g -O2   -iquote . -I.. -iquote ../fesvr -iquote ../riscv -iquote ../disasm -iquote ../customext -iquote ../fdt -iquote ../softfloat -iquote ../spike_main -iquote ../spike_dasm -I/usr/include  -fPIC -I../fdt -c ../riscv/triggers.cc -o triggers.o -MF triggers.d
g++ -MMD -MP  -DPREFIX=\"/usr/local\" -Wall -Wno-nonportable-include-path -g -O2 -fPIC -std=c++2a -g -O2   -iquote . -I.. -iquote ../fesvr -iquote ../riscv -iquote ../disasm -iquote ../customext -iquote ../fdt -iquote ../softfloat -iquote ../spike_main -iquote ../spike_dasm -I/usr/include  -fPIC -I../fdt -c ../riscv/vector_unit.cc -o vector_unit.o -MF vector_unit.d
g++ -MMD -MP  -DPREFIX=\"/usr/local\" -Wall -Wno-nonportable-include-path -g -O2 -fPIC -std=c++2a -g -O2   -iquote . -I.. -iquote ../fesvr -iquote ../riscv -iquote ../disasm -iquote ../customext -iquote ../fdt -iquote ../softfloat -iquote ../spike_main -iquote ../spike_dasm -I/usr/include  -fPIC -I../fdt -c ../riscv/socketif.cc -o socketif.o -MF socketif.d
g++ -MMD -MP  -DPREFIX=\"/usr/local\" -Wall -Wno-nonportable-include-path -g -O2 -fPIC -std=c++2a -g -O2   -iquote . -I.. -iquote ../fesvr -iquote ../riscv -iquote ../disasm -iquote ../customext -iquote ../fdt -iquote ../softfloat -iquote ../spike_main -iquote ../spike_dasm -I/usr/include  -fPIC -I../fdt -c ../riscv/cfg.cc -o cfg.o -MF cfg.d
g++ -MMD -MP  -DPREFIX=\"/usr/local\" -Wall -Wno-nonportable-include-path -g -O2 -fPIC -std=c++2a -g -O2   -iquote . -I.. -iquote ../fesvr -iquote ../riscv -iquote ../disasm -iquote ../customext -iquote ../fdt -iquote ../softfloat -iquote ../spike_main -iquote ../spike_dasm -I/usr/include  -fPIC -I../fdt -c ../riscv/aplic.cc -o aplic.o -MF aplic.d
g++ -MMD -MP  -DPREFIX=\"/usr/local\" -Wall -Wno-nonportable-include-path -g -O2 -fPIC -std=c++2a -g -O2   -iquote . -I.. -iquote ../fesvr -iquote ../riscv -iquote ../disasm -iquote ../customext -iquote ../fdt -iquote ../softfloat -iquote ../spike_main -iquote ../spike_dasm -I/usr/include  -fPIC -I../fdt -c add.cc -o add.o -MF add.d
g++ -MMD -MP  -DPREFIX=\"/usr/local\" -Wall -Wno-nonportable-include-path -g -O2 -fPIC -std=c++2a -g -O2   -iquote . -I.. -iquote ../fesvr -iquote ../riscv -iquote ../disasm -iquote ../customext -iquote ../fdt -iquote ../softfloat -iquote ../spike_main -iquote ../spike_dasm -I/usr/include  -fPIC -I../fdt -c addi.cc -o addi.o -MF addi.d
g++ -MMD -MP  -DPREFIX=\"/usr/local\" -Wall -Wno-nonportable-include-path -g -O2 -fPIC -std=c++2a -g -O2   -iquote . -I.. -iquote ../fesvr -iquote ../riscv -iquote ../disasm -iquote ../customext -iquote ../fdt -iquote ../softfloat -iquote ../spike_main -iquote ../spike_dasm -I/usr/include  -fPIC -I../fdt -c addiw.cc -o addiw.o -MF addiw.d
g++ -MMD -MP  -DPREFIX=\"/usr/local\" -Wall -Wno-nonportable-include-path -g -O2 -fPIC -std=c++2a -g -O2   -iquote . -I.. -iquote ../fesvr -iquote ../riscv -iquote ../disasm -iquote ../customext -iquote ../fdt -iquote ../softfloat -iquote ../spike_main -iquote ../spike_dasm -I/usr/include  -fPIC -I../fdt -c addw.cc -o addw.o -MF addw.d
g++ -MMD -MP  -DPREFIX=\"/usr/local\" -Wall -Wno-nonportable-include-path -g -O2 -fPIC -std=c++2a -g -O2   -iquote . -I.. -iquote ../fesvr -iquote ../riscv -iquote ../disasm -iquote ../customext -iquote ../fdt -iquote ../softfloat -iquote ../spike_main -iquote ../spike_dasm -I/usr/include  -fPIC -I../fdt -c and.cc -o and.o -MF and.d
g++ -MMD -MP  -DPREFIX=\"/usr/local\" -Wall -Wno-nonportable-include-path -g -O2 -fPIC -std=c++2a -g -O2   -iquote . -I.. -iquote ../fesvr -iquote ../riscv -iquote ../disasm -iquote ../customext -iquote ../fdt -iquote ../softfloat -iquote ../spike_main -iquote ../spike_dasm -I/usr/include  -fPIC -I../fdt -c andi.cc -o andi.o -MF andi.d
g++ -MMD -MP  -DPREFIX=\"/usr/local\" -Wall -Wno-nonportable-include-path -g -O2 -fPIC -std=c++2a -g -O2   -iquote . -I.. -iquote ../fesvr -iquote ../riscv -iquote ../disasm -iquote ../customext -iquote ../fdt -iquote ../softfloat -iquote ../spike_main -iquote ../spike_dasm -I/usr/include  -fPIC -I../fdt -c auipc.cc -o auipc.o -MF auipc.d
g++ -MMD -MP  -DPREFIX=\"/usr/local\" -Wall -Wno-nonportable-include-path -g -O2 -fPIC -std=c++2a -g -O2   -iquote . -I.. -iquote ../fesvr -iquote ../riscv -iquote ../disasm -iquote ../customext -iquote ../fdt -iquote ../softfloat -iquote ../spike_main -iquote ../spike_dasm -I/usr/include  -fPIC -I../fdt -c beq.cc -o beq.o -MF beq.d
g++ -MMD -MP  -DPREFIX=\"/usr/local\" -Wall -Wno-nonportable-include-path -g -O2 -fPIC -std=c++2a -g -O2   -iquote . -I.. -iquote ../fesvr -iquote ../riscv -iquote ../disasm -iquote ../customext -iquote ../fdt -iquote ../softfloat -iquote ../spike_main -iquote ../spike_dasm -I/usr/include  -fPIC -I../fdt -c bge.cc -o bge.o -MF bge.d
g++ -MMD -MP  -DPREFIX=\"/usr/local\" -Wall -Wno-nonportable-include-path -g -O2 -fPIC -std=c++2a -g -O2   -iquote . -I.. -iquote ../fesvr -iquote ../riscv -iquote ../disasm -iquote ../customext -iquote ../fdt -iquote ../softfloat -iquote ../spike_main -iquote ../spike_dasm -I/usr/include  -fPIC -I../fdt -c bgeu.cc -o bgeu.o -MF bgeu.d
g++ -MMD -MP  -DPREFIX=\"/usr/local\" -Wall -Wno-nonportable-include-path -g -O2 -fPIC -std=c++2a -g -O2   -iquote . -I.. -iquote ../fesvr -iquote ../riscv -iquote ../disasm -iquote ../customext -iquote ../fdt -iquote ../softfloat -iquote ../spike_main -iquote ../spike_dasm -I/usr/include  -fPIC -I../fdt -c blt.cc -o blt.o -MF blt.d
g++ -MMD -MP  -DPREFIX=\"/usr/local\" -Wall -Wno-nonportable-include-path -g -O2 -fPIC -std=c++2a -g -O2   -iquote . -I.. -iquote ../fesvr -iquote ../riscv -iquote ../disasm -iquote ../customext -iquote ../fdt -iquote ../softfloat -iquote ../spike_main -iquote ../spike_dasm -I/usr/include  -fPIC -I../fdt -c bltu.cc -o bltu.o -MF bltu.d
g++ -MMD -MP  -DPREFIX=\"/usr/local\" -Wall -Wno-nonportable-include-path -g -O2 -fPIC -std=c++2a -g -O2   -iquote . -I.. -iquote ../fesvr -iquote ../riscv -iquote ../disasm -iquote ../customext -iquote ../fdt -iquote ../softfloat -iquote ../spike_main -iquote ../spike_dasm -I/usr/include  -fPIC -I../fdt -c bne.cc -o bne.o -MF bne.d
g++ -MMD -MP  -DPREFIX=\"/usr/local\" -Wall -Wno-nonportable-include-path -g -O2 -fPIC -std=c++2a -g -O2   -iquote . -I.. -iquote ../fesvr -iquote ../riscv -iquote ../disasm -iquote ../customext -iquote ../fdt -iquote ../softfloat -iquote ../spike_main -iquote ../spike_dasm -I/usr/include  -fPIC -I../fdt -c jal.cc -o jal.o -MF jal.d
g++ -MMD -MP  -DPREFIX=\"/usr/local\" -Wall -Wno-nonportable-include-path -g -O2 -fPIC -std=c++2a -g -O2   -iquote . -I.. -iquote ../fesvr -iquote ../riscv -iquote ../disasm -iquote ../customext -iquote ../fdt -iquote ../softfloat -iquote ../spike_main -iquote ../spike_dasm -I/usr/include  -fPIC -I../fdt -c jalr.cc -o jalr.o -MF jalr.d
g++ -MMD -MP  -DPREFIX=\"/usr/local\" -Wall -Wno-nonportable-include-path -g -O2 -fPIC -std=c++2a -g -O2   -iquote . -I.. -iquote ../fesvr -iquote ../riscv -iquote ../disasm -iquote ../customext -iquote ../fdt -iquote ../softfloat -iquote ../spike_main -iquote ../spike_dasm -I/usr/include  -fPIC -I../fdt -c lb.cc -o lb.o -MF lb.d
g++ -MMD -MP  -DPREFIX=\"/usr/local\" -Wall -Wno-nonportable-include-path -g -O2 -fPIC -std=c++2a -g -O2   -iquote . -I.. -iquote ../fesvr -iquote ../riscv -iquote ../disasm -iquote ../customext -iquote ../fdt -iquote ../softfloat -iquote ../spike_main -iquote ../spike_dasm -I/usr/include  -fPIC -I../fdt -c lbu.cc -o lbu.o -MF lbu.d
g++ -MMD -MP  -DPREFIX=\"/usr/local\" -Wall -Wno-nonportable-include-path -g -O2 -fPIC -std=c++2a -g -O2   -iquote . -I.. -iquote ../fesvr -iquote ../riscv -iquote ../disasm -iquote ../customext -iquote ../fdt -iquote ../softfloat -iquote ../spike_main -iquote ../spike_dasm -I/usr/include  -fPIC -I../fdt -c ld.cc -o ld.o -MF ld.d
g++ -MMD -MP  -DPREFIX=\"/usr/local\" -Wall -Wno-nonportable-include-path -g -O2 -fPIC -std=c++2a -g -O2   -iquote . -I.. -iquote ../fesvr -iquote ../riscv -iquote ../disasm -iquote ../customext -iquote ../fdt -iquote ../softfloat -iquote ../spike_main -iquote ../spike_dasm -I/usr/include  -fPIC -I../fdt -c lh.cc -o lh.o -MF lh.d
g++ -MMD -MP  -DPREFIX=\"/usr/local\" -Wall -Wno-nonportable-include-path -g -O2 -fPIC -std=c++2a -g -O2   -iquote . -I.. -iquote ../fesvr -iquote ../riscv -iquote ../disasm -iquote ../customext -iquote ../fdt -iquote ../softfloat -iquote ../spike_main -iquote ../spike_dasm -I/usr/include  -fPIC -I../fdt -c lhu.cc -o lhu.o -MF lhu.d
g++ -MMD -MP  -DPREFIX=\"/usr/local\" -Wall -Wno-nonportable-include-path -g -O2 -fPIC -std=c++2a -g -O2   -iquote . -I.. -iquote ../fesvr -iquote ../riscv -iquote ../disasm -iquote ../customext -iquote ../fdt -iquote ../softfloat -iquote ../spike_main -iquote ../spike_dasm -I/usr/include  -fPIC -I../fdt -c lui.cc -o lui.o -MF lui.d
g++ -MMD -MP  -DPREFIX=\"/usr/local\" -Wall -Wno-nonportable-include-path -g -O2 -fPIC -std=c++2a -g -O2   -iquote . -I.. -iquote ../fesvr -iquote ../riscv -iquote ../disasm -iquote ../customext -iquote ../fdt -iquote ../softfloat -iquote ../spike_main -iquote ../spike_dasm -I/usr/include  -fPIC -I../fdt -c lw.cc -o lw.o -MF lw.d
g++ -MMD -MP  -DPREFIX=\"/usr/local\" -Wall -Wno-nonportable-include-path -g -O2 -fPIC -std=c++2a -g -O2   -iquote . -I.. -iquote ../fesvr -iquote ../riscv -iquote ../disasm -iquote ../customext -iquote ../fdt -iquote ../softfloat -iquote ../spike_main -iquote ../spike_dasm -I/usr/include  -fPIC -I../fdt -c lwu.cc -o lwu.o -MF lwu.d
g++ -MMD -MP  -DPREFIX=\"/usr/local\" -Wall -Wno-nonportable-include-path -g -O2 -fPIC -std=c++2a -g -O2   -iquote . -I.. -iquote ../fesvr -iquote ../riscv -iquote ../disasm -iquote ../customext -iquote ../fdt -iquote ../softfloat -iquote ../spike_main -iquote ../spike_dasm -I/usr/include  -fPIC -I../fdt -c or.cc -o or.o -MF or.d
g++ -MMD -MP  -DPREFIX=\"/usr/local\" -Wall -Wno-nonportable-include-path -g -O2 -fPIC -std=c++2a -g -O2   -iquote . -I.. -iquote ../fesvr -iquote ../riscv -iquote ../disasm -iquote ../customext -iquote ../fdt -iquote ../softfloat -iquote ../spike_main -iquote ../spike_dasm -I/usr/include  -fPIC -I../fdt -c ori.cc -o ori.o -MF ori.d
g++ -MMD -MP  -DPREFIX=\"/usr/local\" -Wall -Wno-nonportable-include-path -g -O2 -fPIC -std=c++2a -g -O2   -iquote . -I.. -iquote ../fesvr -iquote ../riscv -iquote ../disasm -iquote ../customext -iquote ../fdt -iquote ../softfloat -iquote ../spike_main -iquote ../spike_dasm -I/usr/include  -fPIC -I../fdt -c sb.cc -o sb.o -MF sb.d
g++ -MMD -MP  -DPREFIX=\"/usr/local\" -Wall -Wno-nonportable-include-path -g -O2 -fPIC -std=c++2a -g -O2   -iquote . -I.. -iquote ../fesvr -iquote ../riscv -iquote ../disasm -iquote ../customext -iquote ../fdt -iquote ../softfloat -iquote ../spike_main -iquote ../spike_dasm -I/usr/include  -fPIC -I../fdt -c sd.cc -o sd.o -MF sd.d
g++ -MMD -MP  -DPREFIX=\"/usr/local\" -Wall -Wno-nonportable-include-path -g -O2 -fPIC -std=c++2a -g -O2   -iquote . -I.. -iquote ../fesvr -iquote ../riscv -iquote ../disasm -iquote ../customext -iquote ../fdt -iquote ../softfloat -iquote ../spike_main -iquote ../spike_dasm -I/usr/include  -fPIC -I../fdt -c sh.cc -o sh.o -MF sh.d
g++ -MMD -MP  -DPREFIX=\"/usr/local\" -Wall -Wno-nonportable-include-path -g -O2 -fPIC -std=c++2a -g -O2   -iquote . -I.. -iquote ../fesvr -iquote ../riscv -iquote ../disasm -iquote ../customext -iquote ../fdt -iquote ../softfloat -iquote ../spike_main -iquote ../spike_dasm -I/usr/include  -fPIC -I../fdt -c sll.cc -o sll.o -MF sll.d
g++ -MMD -MP  -DPREFIX=\"/usr/local\" -Wall -Wno-nonportable-include-path -g -O2 -fPIC -std=c++2a -g -O2   -iquote . -I.. -iquote ../fesvr -iquote ../riscv -iquote ../disasm -iquote ../customext -iquote ../fdt -iquote ../softfloat -iquote ../spike_main -iquote ../spike_dasm -I/usr/include  -fPIC -I../fdt -c slli.cc -o slli.o -MF slli.d
g++ -MMD -MP  -DPREFIX=\"/usr/local\" -Wall -Wno-nonportable-include-path -g -O2 -fPIC -std=c++2a -g -O2   -iquote . -I.. -iquote ../fesvr -iquote ../riscv -iquote ../disasm -iquote ../customext -iquote ../fdt -iquote ../softfloat -iquote ../spike_main -iquote ../spike_dasm -I/usr/include  -fPIC -I../fdt -c slliw.cc -o slliw.o -MF slliw.d
g++ -MMD -MP  -DPREFIX=\"/usr/local\" -Wall -Wno-nonportable-include-path -g -O2 -fPIC -std=c++2a -g -O2   -iquote . -I.. -iquote ../fesvr -iquote ../riscv -iquote ../disasm -iquote ../customext -iquote ../fdt -iquote ../softfloat -iquote ../spike_main -iquote ../spike_dasm -I/usr/include  -fPIC -I../fdt -c sllw.cc -o sllw.o -MF sllw.d
g++ -MMD -MP  -DPREFIX=\"/usr/local\" -Wall -Wno-nonportable-include-path -g -O2 -fPIC -std=c++2a -g -O2   -iquote . -I.. -iquote ../fesvr -iquote ../riscv -iquote ../disasm -iquote ../customext -iquote ../fdt -iquote ../softfloat -iquote ../spike_main -iquote ../spike_dasm -I/usr/include  -fPIC -I../fdt -c slt.cc -o slt.o -MF slt.d
g++ -MMD -MP  -DPREFIX=\"/usr/local\" -Wall -Wno-nonportable-include-path -g -O2 -fPIC -std=c++2a -g -O2   -iquote . -I.. -iquote ../fesvr -iquote ../riscv -iquote ../disasm -iquote ../customext -iquote ../fdt -iquote ../softfloat -iquote ../spike_main -iquote ../spike_dasm -I/usr/include  -fPIC -I../fdt -c slti.cc -o slti.o -MF slti.d
g++ -MMD -MP  -DPREFIX=\"/usr/local\" -Wall -Wno-nonportable-include-path -g -O2 -fPIC -std=c++2a -g -O2   -iquote . -I.. -iquote ../fesvr -iquote ../riscv -iquote ../disasm -iquote ../customext -iquote ../fdt -iquote ../softfloat -iquote ../spike_main -iquote ../spike_dasm -I/usr/include  -fPIC -I../fdt -c sltiu.cc -o sltiu.o -MF sltiu.d
g++ -MMD -MP  -DPREFIX=\"/usr/local\" -Wall -Wno-nonportable-include-path -g -O2 -fPIC -std=c++2a -g -O2   -iquote . -I.. -iquote ../fesvr -iquote ../riscv -iquote ../disasm -iquote ../customext -iquote ../fdt -iquote ../softfloat -iquote ../spike_main -iquote ../spike_dasm -I/usr/include  -fPIC -I../fdt -c sltu.cc -o sltu.o -MF sltu.d
g++ -MMD -MP  -DPREFIX=\"/usr/local\" -Wall -Wno-nonportable-include-path -g -O2 -fPIC -std=c++2a -g -O2   -iquote . -I.. -iquote ../fesvr -iquote ../riscv -iquote ../disasm -iquote ../customext -iquote ../fdt -iquote ../softfloat -iquote ../spike_main -iquote ../spike_dasm -I/usr/include  -fPIC -I../fdt -c sra.cc -o sra.o -MF sra.d
g++ -MMD -MP  -DPREFIX=\"/usr/local\" -Wall -Wno-nonportable-include-path -g -O2 -fPIC -std=c++2a -g -O2   -iquote . -I.. -iquote ../fesvr -iquote ../riscv -iquote ../disasm -iquote ../customext -iquote ../fdt -iquote ../softfloat -iquote ../spike_main -iquote ../spike_dasm -I/usr/include  -fPIC -I../fdt -c srai.cc -o srai.o -MF srai.d
g++ -MMD -MP  -DPREFIX=\"/usr/local\" -Wall -Wno-nonportable-include-path -g -O2 -fPIC -std=c++2a -g -O2   -iquote . -I.. -iquote ../fesvr -iquote ../riscv -iquote ../disasm -iquote ../customext -iquote ../fdt -iquote ../softfloat -iquote ../spike_main -iquote ../spike_dasm -I/usr/include  -fPIC -I../fdt -c sraiw.cc -o sraiw.o -MF sraiw.d
g++ -MMD -MP  -DPREFIX=\"/usr/local\" -Wall -Wno-nonportable-include-path -g -O2 -fPIC -std=c++2a -g -O2   -iquote . -I.. -iquote ../fesvr -iquote ../riscv -iquote ../disasm -iquote ../customext -iquote ../fdt -iquote ../softfloat -iquote ../spike_main -iquote ../spike_dasm -I/usr/include  -fPIC -I../fdt -c sraw.cc -o sraw.o -MF sraw.d
g++ -MMD -MP  -DPREFIX=\"/usr/local\" -Wall -Wno-nonportable-include-path -g -O2 -fPIC -std=c++2a -g -O2   -iquote . -I.. -iquote ../fesvr -iquote ../riscv -iquote ../disasm -iquote ../customext -iquote ../fdt -iquote ../softfloat -iquote ../spike_main -iquote ../spike_dasm -I/usr/include  -fPIC -I../fdt -c srl.cc -o srl.o -MF srl.d
g++ -MMD -MP  -DPREFIX=\"/usr/local\" -Wall -Wno-nonportable-include-path -g -O2 -fPIC -std=c++2a -g -O2   -iquote . -I.. -iquote ../fesvr -iquote ../riscv -iquote ../disasm -iquote ../customext -iquote ../fdt -iquote ../softfloat -iquote ../spike_main -iquote ../spike_dasm -I/usr/include  -fPIC -I../fdt -c srli.cc -o srli.o -MF srli.d
g++ -MMD -MP  -DPREFIX=\"/usr/local\" -Wall -Wno-nonportable-include-path -g -O2 -fPIC -std=c++2a -g -O2   -iquote . -I.. -iquote ../fesvr -iquote ../riscv -iquote ../disasm -iquote ../customext -iquote ../fdt -iquote ../softfloat -iquote ../spike_main -iquote ../spike_dasm -I/usr/include  -fPIC -I../fdt -c srliw.cc -o srliw.o -MF srliw.d
g++ -MMD -MP  -DPREFIX=\"/usr/local\" -Wall -Wno-nonportable-include-path -g -O2 -fPIC -std=c++2a -g -O2   -iquote . -I.. -iquote ../fesvr -iquote ../riscv -iquote ../disasm -iquote ../customext -iquote ../fdt -iquote ../softfloat -iquote ../spike_main -iquote ../spike_dasm -I/usr/include  -fPIC -I../fdt -c srlw.cc -o srlw.o -MF srlw.d
g++ -MMD -MP  -DPREFIX=\"/usr/local\" -Wall -Wno-nonportable-include-path -g -O2 -fPIC -std=c++2a -g -O2   -iquote . -I.. -iquote ../fesvr -iquote ../riscv -iquote ../disasm -iquote ../customext -iquote ../fdt -iquote ../softfloat -iquote ../spike_main -iquote ../spike_dasm -I/usr/include  -fPIC -I../fdt -c sub.cc -o sub.o -MF sub.d
g++ -MMD -MP  -DPREFIX=\"/usr/local\" -Wall -Wno-nonportable-include-path -g -O2 -fPIC -std=c++2a -g -O2   -iquote . -I.. -iquote ../fesvr -iquote ../riscv -iquote ../disasm -iquote ../customext -iquote ../fdt -iquote ../softfloat -iquote ../spike_main -iquote ../spike_dasm -I/usr/include  -fPIC -I../fdt -c subw.cc -o subw.o -MF subw.d
g++ -MMD -MP  -DPREFIX=\"/usr/local\" -Wall -Wno-nonportable-include-path -g -O2 -fPIC -std=c++2a -g -O2   -iquote . -I.. -iquote ../fesvr -iquote ../riscv -iquote ../disasm -iquote ../customext -iquote ../fdt -iquote ../softfloat -iquote ../spike_main -iquote ../spike_dasm -I/usr/include  -fPIC -I../fdt -c sw.cc -o sw.o -MF sw.d
g++ -MMD -MP  -DPREFIX=\"/usr/local\" -Wall -Wno-nonportable-include-path -g -O2 -fPIC -std=c++2a -g -O2   -iquote . -I.. -iquote ../fesvr -iquote ../riscv -iquote ../disasm -iquote ../customext -iquote ../fdt -iquote ../softfloat -iquote ../spike_main -iquote ../spike_dasm -I/usr/include  -fPIC -I../fdt -c xor.cc -o xor.o -MF xor.d
g++ -MMD -MP  -DPREFIX=\"/usr/local\" -Wall -Wno-nonportable-include-path -g -O2 -fPIC -std=c++2a -g -O2   -iquote . -I.. -iquote ../fesvr -iquote ../riscv -iquote ../disasm -iquote ../customext -iquote ../fdt -iquote ../softfloat -iquote ../spike_main -iquote ../spike_dasm -I/usr/include  -fPIC -I../fdt -c xori.cc -o xori.o -MF xori.d
g++ -MMD -MP  -DPREFIX=\"/usr/local\" -Wall -Wno-nonportable-include-path -g -O2 -fPIC -std=c++2a -g -O2   -iquote . -I.. -iquote ../fesvr -iquote ../riscv -iquote ../disasm -iquote ../customext -iquote ../fdt -iquote ../softfloat -iquote ../spike_main -iquote ../spike_dasm -I/usr/include  -fPIC -I../fdt -c fence.cc -o fence.o -MF fence.d
g++ -MMD -MP  -DPREFIX=\"/usr/local\" -Wall -Wno-nonportable-include-path -g -O2 -fPIC -std=c++2a -g -O2   -iquote . -I.. -iquote ../fesvr -iquote ../riscv -iquote ../disasm -iquote ../customext -iquote ../fdt -iquote ../softfloat -iquote ../spike_main -iquote ../spike_dasm -I/usr/include  -fPIC -I../fdt -c fence_i.cc -o fence_i.o -MF fence_i.d
g++ -MMD -MP  -DPREFIX=\"/usr/local\" -Wall -Wno-nonportable-include-path -g -O2 -fPIC -std=c++2a -g -O2   -iquote . -I.. -iquote ../fesvr -iquote ../riscv -iquote ../disasm -iquote ../customext -iquote ../fdt -iquote ../softfloat -iquote ../spike_main -iquote ../spike_dasm -I/usr/include  -fPIC -I../fdt -c c_add.cc -o c_add.o -MF c_add.d
g++ -MMD -MP  -DPREFIX=\"/usr/local\" -Wall -Wno-nonportable-include-path -g -O2 -fPIC -std=c++2a -g -O2   -iquote . -I.. -iquote ../fesvr -iquote ../riscv -iquote ../disasm -iquote ../customext -iquote ../fdt -iquote ../softfloat -iquote ../spike_main -iquote ../spike_dasm -I/usr/include  -fPIC -I../fdt -c c_addi.cc -o c_addi.o -MF c_addi.d
g++ -MMD -MP  -DPREFIX=\"/usr/local\" -Wall -Wno-nonportable-include-path -g -O2 -fPIC -std=c++2a -g -O2   -iquote . -I.. -iquote ../fesvr -iquote ../riscv -iquote ../disasm -iquote ../customext -iquote ../fdt -iquote ../softfloat -iquote ../spike_main -iquote ../spike_dasm -I/usr/include  -fPIC -I../fdt -c c_addi4spn.cc -o c_addi4spn.o -MF c_addi4spn.d
g++ -MMD -MP  -DPREFIX=\"/usr/local\" -Wall -Wno-nonportable-include-path -g -O2 -fPIC -std=c++2a -g -O2   -iquote . -I.. -iquote ../fesvr -iquote ../riscv -iquote ../disasm -iquote ../customext -iquote ../fdt -iquote ../softfloat -iquote ../spike_main -iquote ../spike_dasm -I/usr/include  -fPIC -I../fdt -c c_addw.cc -o c_addw.o -MF c_addw.d
g++ -MMD -MP  -DPREFIX=\"/usr/local\" -Wall -Wno-nonportable-include-path -g -O2 -fPIC -std=c++2a -g -O2   -iquote . -I.. -iquote ../fesvr -iquote ../riscv -iquote ../disasm -iquote ../customext -iquote ../fdt -iquote ../softfloat -iquote ../spike_main -iquote ../spike_dasm -I/usr/include  -fPIC -I../fdt -c c_and.cc -o c_and.o -MF c_and.d
g++ -MMD -MP  -DPREFIX=\"/usr/local\" -Wall -Wno-nonportable-include-path -g -O2 -fPIC -std=c++2a -g -O2   -iquote . -I.. -iquote ../fesvr -iquote ../riscv -iquote ../disasm -iquote ../customext -iquote ../fdt -iquote ../softfloat -iquote ../spike_main -iquote ../spike_dasm -I/usr/include  -fPIC -I../fdt -c c_andi.cc -o c_andi.o -MF c_andi.d
g++ -MMD -MP  -DPREFIX=\"/usr/local\" -Wall -Wno-nonportable-include-path -g -O2 -fPIC -std=c++2a -g -O2   -iquote . -I.. -iquote ../fesvr -iquote ../riscv -iquote ../disasm -iquote ../customext -iquote ../fdt -iquote ../softfloat -iquote ../spike_main -iquote ../spike_dasm -I/usr/include  -fPIC -I../fdt -c c_beqz.cc -o c_beqz.o -MF c_beqz.d
g++ -MMD -MP  -DPREFIX=\"/usr/local\" -Wall -Wno-nonportable-include-path -g -O2 -fPIC -std=c++2a -g -O2   -iquote . -I.. -iquote ../fesvr -iquote ../riscv -iquote ../disasm -iquote ../customext -iquote ../fdt -iquote ../softfloat -iquote ../spike_main -iquote ../spike_dasm -I/usr/include  -fPIC -I../fdt -c c_bnez.cc -o c_bnez.o -MF c_bnez.d
g++ -MMD -MP  -DPREFIX=\"/usr/local\" -Wall -Wno-nonportable-include-path -g -O2 -fPIC -std=c++2a -g -O2   -iquote . -I.. -iquote ../fesvr -iquote ../riscv -iquote ../disasm -iquote ../customext -iquote ../fdt -iquote ../softfloat -iquote ../spike_main -iquote ../spike_dasm -I/usr/include  -fPIC -I../fdt -c c_ebreak.cc -o c_ebreak.o -MF c_ebreak.d
g++ -MMD -MP  -DPREFIX=\"/usr/local\" -Wall -Wno-nonportable-include-path -g -O2 -fPIC -std=c++2a -g -O2   -iquote . -I.. -iquote ../fesvr -iquote ../riscv -iquote ../disasm -iquote ../customext -iquote ../fdt -iquote ../softfloat -iquote ../spike_main -iquote ../spike_dasm -I/usr/include  -fPIC -I../fdt -c c_fld.cc -o c_fld.o -MF c_fld.d
g++ -MMD -MP  -DPREFIX=\"/usr/local\" -Wall -Wno-nonportable-include-path -g -O2 -fPIC -std=c++2a -g -O2   -iquote . -I.. -iquote ../fesvr -iquote ../riscv -iquote ../disasm -iquote ../customext -iquote ../fdt -iquote ../softfloat -iquote ../spike_main -iquote ../spike_dasm -I/usr/include  -fPIC -I../fdt -c c_fldsp.cc -o c_fldsp.o -MF c_fldsp.d
g++ -MMD -MP  -DPREFIX=\"/usr/local\" -Wall -Wno-nonportable-include-path -g -O2 -fPIC -std=c++2a -g -O2   -iquote . -I.. -iquote ../fesvr -iquote ../riscv -iquote ../disasm -iquote ../customext -iquote ../fdt -iquote ../softfloat -iquote ../spike_main -iquote ../spike_dasm -I/usr/include  -fPIC -I../fdt -c c_flw.cc -o c_flw.o -MF c_flw.d
g++ -MMD -MP  -DPREFIX=\"/usr/local\" -Wall -Wno-nonportable-include-path -g -O2 -fPIC -std=c++2a -g -O2   -iquote . -I.. -iquote ../fesvr -iquote ../riscv -iquote ../disasm -iquote ../customext -iquote ../fdt -iquote ../softfloat -iquote ../spike_main -iquote ../spike_dasm -I/usr/include  -fPIC -I../fdt -c c_flwsp.cc -o c_flwsp.o -MF c_flwsp.d
g++ -MMD -MP  -DPREFIX=\"/usr/local\" -Wall -Wno-nonportable-include-path -g -O2 -fPIC -std=c++2a -g -O2   -iquote . -I.. -iquote ../fesvr -iquote ../riscv -iquote ../disasm -iquote ../customext -iquote ../fdt -iquote ../softfloat -iquote ../spike_main -iquote ../spike_dasm -I/usr/include  -fPIC -I../fdt -c c_fsd.cc -o c_fsd.o -MF c_fsd.d
g++ -MMD -MP  -DPREFIX=\"/usr/local\" -Wall -Wno-nonportable-include-path -g -O2 -fPIC -std=c++2a -g -O2   -iquote . -I.. -iquote ../fesvr -iquote ../riscv -iquote ../disasm -iquote ../customext -iquote ../fdt -iquote ../softfloat -iquote ../spike_main -iquote ../spike_dasm -I/usr/include  -fPIC -I../fdt -c c_fsdsp.cc -o c_fsdsp.o -MF c_fsdsp.d
g++ -MMD -MP  -DPREFIX=\"/usr/local\" -Wall -Wno-nonportable-include-path -g -O2 -fPIC -std=c++2a -g -O2   -iquote . -I.. -iquote ../fesvr -iquote ../riscv -iquote ../disasm -iquote ../customext -iquote ../fdt -iquote ../softfloat -iquote ../spike_main -iquote ../spike_dasm -I/usr/include  -fPIC -I../fdt -c c_fsw.cc -o c_fsw.o -MF c_fsw.d
g++ -MMD -MP  -DPREFIX=\"/usr/local\" -Wall -Wno-nonportable-include-path -g -O2 -fPIC -std=c++2a -g -O2   -iquote . -I.. -iquote ../fesvr -iquote ../riscv -iquote ../disasm -iquote ../customext -iquote ../fdt -iquote ../softfloat -iquote ../spike_main -iquote ../spike_dasm -I/usr/include  -fPIC -I../fdt -c c_fswsp.cc -o c_fswsp.o -MF c_fswsp.d
g++ -MMD -MP  -DPREFIX=\"/usr/local\" -Wall -Wno-nonportable-include-path -g -O2 -fPIC -std=c++2a -g -O2   -iquote . -I.. -iquote ../fesvr -iquote ../riscv -iquote ../disasm -iquote ../customext -iquote ../fdt -iquote ../softfloat -iquote ../spike_main -iquote ../spike_dasm -I/usr/include  -fPIC -I../fdt -c c_j.cc -o c_j.o -MF c_j.d
g++ -MMD -MP  -DPREFIX=\"/usr/local\" -Wall -Wno-nonportable-include-path -g -O2 -fPIC -std=c++2a -g -O2   -iquote . -I.. -iquote ../fesvr -iquote ../riscv -iquote ../disasm -iquote ../customext -iquote ../fdt -iquote ../softfloat -iquote ../spike_main -iquote ../spike_dasm -I/usr/include  -fPIC -I../fdt -c c_jal.cc -o c_jal.o -MF c_jal.d
g++ -MMD -MP  -DPREFIX=\"/usr/local\" -Wall -Wno-nonportable-include-path -g -O2 -fPIC -std=c++2a -g -O2   -iquote . -I.. -iquote ../fesvr -iquote ../riscv -iquote ../disasm -iquote ../customext -iquote ../fdt -iquote ../softfloat -iquote ../spike_main -iquote ../spike_dasm -I/usr/include  -fPIC -I../fdt -c c_jalr.cc -o c_jalr.o -MF c_jalr.d
g++ -MMD -MP  -DPREFIX=\"/usr/local\" -Wall -Wno-nonportable-include-path -g -O2 -fPIC -std=c++2a -g -O2   -iquote . -I.. -iquote ../fesvr -iquote ../riscv -iquote ../disasm -iquote ../customext -iquote ../fdt -iquote ../softfloat -iquote ../spike_main -iquote ../spike_dasm -I/usr/include  -fPIC -I../fdt -c c_jr.cc -o c_jr.o -MF c_jr.d
g++ -MMD -MP  -DPREFIX=\"/usr/local\" -Wall -Wno-nonportable-include-path -g -O2 -fPIC -std=c++2a -g -O2   -iquote . -I.. -iquote ../fesvr -iquote ../riscv -iquote ../disasm -iquote ../customext -iquote ../fdt -iquote ../softfloat -iquote ../spike_main -iquote ../spike_dasm -I/usr/include  -fPIC -I../fdt -c c_li.cc -o c_li.o -MF c_li.d
g++ -MMD -MP  -DPREFIX=\"/usr/local\" -Wall -Wno-nonportable-include-path -g -O2 -fPIC -std=c++2a -g -O2   -iquote . -I.. -iquote ../fesvr -iquote ../riscv -iquote ../disasm -iquote ../customext -iquote ../fdt -iquote ../softfloat -iquote ../spike_main -iquote ../spike_dasm -I/usr/include  -fPIC -I../fdt -c c_lui.cc -o c_lui.o -MF c_lui.d
g++ -MMD -MP  -DPREFIX=\"/usr/local\" -Wall -Wno-nonportable-include-path -g -O2 -fPIC -std=c++2a -g -O2   -iquote . -I.. -iquote ../fesvr -iquote ../riscv -iquote ../disasm -iquote ../customext -iquote ../fdt -iquote ../softfloat -iquote ../spike_main -iquote ../spike_dasm -I/usr/include  -fPIC -I../fdt -c c_ld.cc -o c_ld.o -MF c_ld.d
g++ -MMD -MP  -DPREFIX=\"/usr/local\" -Wall -Wno-nonportable-include-path -g -O2 -fPIC -std=c++2a -g -O2   -iquote . -I.. -iquote ../fesvr -iquote ../riscv -iquote ../disasm -iquote ../customext -iquote ../fdt -iquote ../softfloat -iquote ../spike_main -iquote ../spike_dasm -I/usr/include  -fPIC -I../fdt -c c_ldsp.cc -o c_ldsp.o -MF c_ldsp.d
g++ -MMD -MP  -DPREFIX=\"/usr/local\" -Wall -Wno-nonportable-include-path -g -O2 -fPIC -std=c++2a -g -O2   -iquote . -I.. -iquote ../fesvr -iquote ../riscv -iquote ../disasm -iquote ../customext -iquote ../fdt -iquote ../softfloat -iquote ../spike_main -iquote ../spike_dasm -I/usr/include  -fPIC -I../fdt -c c_lw.cc -o c_lw.o -MF c_lw.d
g++ -MMD -MP  -DPREFIX=\"/usr/local\" -Wall -Wno-nonportable-include-path -g -O2 -fPIC -std=c++2a -g -O2   -iquote . -I.. -iquote ../fesvr -iquote ../riscv -iquote ../disasm -iquote ../customext -iquote ../fdt -iquote ../softfloat -iquote ../spike_main -iquote ../spike_dasm -I/usr/include  -fPIC -I../fdt -c c_lwsp.cc -o c_lwsp.o -MF c_lwsp.d
g++ -MMD -MP  -DPREFIX=\"/usr/local\" -Wall -Wno-nonportable-include-path -g -O2 -fPIC -std=c++2a -g -O2   -iquote . -I.. -iquote ../fesvr -iquote ../riscv -iquote ../disasm -iquote ../customext -iquote ../fdt -iquote ../softfloat -iquote ../spike_main -iquote ../spike_dasm -I/usr/include  -fPIC -I../fdt -c c_mv.cc -o c_mv.o -MF c_mv.d
g++ -MMD -MP  -DPREFIX=\"/usr/local\" -Wall -Wno-nonportable-include-path -g -O2 -fPIC -std=c++2a -g -O2   -iquote . -I.. -iquote ../fesvr -iquote ../riscv -iquote ../disasm -iquote ../customext -iquote ../fdt -iquote ../softfloat -iquote ../spike_main -iquote ../spike_dasm -I/usr/include  -fPIC -I../fdt -c c_or.cc -o c_or.o -MF c_or.d
g++ -MMD -MP  -DPREFIX=\"/usr/local\" -Wall -Wno-nonportable-include-path -g -O2 -fPIC -std=c++2a -g -O2   -iquote . -I.. -iquote ../fesvr -iquote ../riscv -iquote ../disasm -iquote ../customext -iquote ../fdt -iquote ../softfloat -iquote ../spike_main -iquote ../spike_dasm -I/usr/include  -fPIC -I../fdt -c c_slli.cc -o c_slli.o -MF c_slli.d
g++ -MMD -MP  -DPREFIX=\"/usr/local\" -Wall -Wno-nonportable-include-path -g -O2 -fPIC -std=c++2a -g -O2   -iquote . -I.. -iquote ../fesvr -iquote ../riscv -iquote ../disasm -iquote ../customext -iquote ../fdt -iquote ../softfloat -iquote ../spike_main -iquote ../spike_dasm -I/usr/include  -fPIC -I../fdt -c c_srai.cc -o c_srai.o -MF c_srai.d
g++ -MMD -MP  -DPREFIX=\"/usr/local\" -Wall -Wno-nonportable-include-path -g -O2 -fPIC -std=c++2a -g -O2   -iquote . -I.. -iquote ../fesvr -iquote ../riscv -iquote ../disasm -iquote ../customext -iquote ../fdt -iquote ../softfloat -iquote ../spike_main -iquote ../spike_dasm -I/usr/include  -fPIC -I../fdt -c c_srli.cc -o c_srli.o -MF c_srli.d
g++ -MMD -MP  -DPREFIX=\"/usr/local\" -Wall -Wno-nonportable-include-path -g -O2 -fPIC -std=c++2a -g -O2   -iquote . -I.. -iquote ../fesvr -iquote ../riscv -iquote ../disasm -iquote ../customext -iquote ../fdt -iquote ../softfloat -iquote ../spike_main -iquote ../spike_dasm -I/usr/include  -fPIC -I../fdt -c c_sub.cc -o c_sub.o -MF c_sub.d
g++ -MMD -MP  -DPREFIX=\"/usr/local\" -Wall -Wno-nonportable-include-path -g -O2 -fPIC -std=c++2a -g -O2   -iquote . -I.. -iquote ../fesvr -iquote ../riscv -iquote ../disasm -iquote ../customext -iquote ../fdt -iquote ../softfloat -iquote ../spike_main -iquote ../spike_dasm -I/usr/include  -fPIC -I../fdt -c c_subw.cc -o c_subw.o -MF c_subw.d
g++ -MMD -MP  -DPREFIX=\"/usr/local\" -Wall -Wno-nonportable-include-path -g -O2 -fPIC -std=c++2a -g -O2   -iquote . -I.. -iquote ../fesvr -iquote ../riscv -iquote ../disasm -iquote ../customext -iquote ../fdt -iquote ../softfloat -iquote ../spike_main -iquote ../spike_dasm -I/usr/include  -fPIC -I../fdt -c c_sd.cc -o c_sd.o -MF c_sd.d
g++ -MMD -MP  -DPREFIX=\"/usr/local\" -Wall -Wno-nonportable-include-path -g -O2 -fPIC -std=c++2a -g -O2   -iquote . -I.. -iquote ../fesvr -iquote ../riscv -iquote ../disasm -iquote ../customext -iquote ../fdt -iquote ../softfloat -iquote ../spike_main -iquote ../spike_dasm -I/usr/include  -fPIC -I../fdt -c c_sdsp.cc -o c_sdsp.o -MF c_sdsp.d
g++ -MMD -MP  -DPREFIX=\"/usr/local\" -Wall -Wno-nonportable-include-path -g -O2 -fPIC -std=c++2a -g -O2   -iquote . -I.. -iquote ../fesvr -iquote ../riscv -iquote ../disasm -iquote ../customext -iquote ../fdt -iquote ../softfloat -iquote ../spike_main -iquote ../spike_dasm -I/usr/include  -fPIC -I../fdt -c c_sw.cc -o c_sw.o -MF c_sw.d
g++ -MMD -MP  -DPREFIX=\"/usr/local\" -Wall -Wno-nonportable-include-path -g -O2 -fPIC -std=c++2a -g -O2   -iquote . -I.. -iquote ../fesvr -iquote ../riscv -iquote ../disasm -iquote ../customext -iquote ../fdt -iquote ../softfloat -iquote ../spike_main -iquote ../spike_dasm -I/usr/include  -fPIC -I../fdt -c c_swsp.cc -o c_swsp.o -MF c_swsp.d
g++ -MMD -MP  -DPREFIX=\"/usr/local\" -Wall -Wno-nonportable-include-path -g -O2 -fPIC -std=c++2a -g -O2   -iquote . -I.. -iquote ../fesvr -iquote ../riscv -iquote ../disasm -iquote ../customext -iquote ../fdt -iquote ../softfloat -iquote ../spike_main -iquote ../spike_dasm -I/usr/include  -fPIC -I../fdt -c c_xor.cc -o c_xor.o -MF c_xor.d
g++ -MMD -MP  -DPREFIX=\"/usr/local\" -Wall -Wno-nonportable-include-path -g -O2 -fPIC -std=c++2a -g -O2   -iquote . -I.. -iquote ../fesvr -iquote ../riscv -iquote ../disasm -iquote ../customext -iquote ../fdt -iquote ../softfloat -iquote ../spike_main -iquote ../spike_dasm -I/usr/include  -fPIC -I../fdt -c fadd_s.cc -o fadd_s.o -MF fadd_s.d
g++ -MMD -MP  -DPREFIX=\"/usr/local\" -Wall -Wno-nonportable-include-path -g -O2 -fPIC -std=c++2a -g -O2   -iquote . -I.. -iquote ../fesvr -iquote ../riscv -iquote ../disasm -iquote ../customext -iquote ../fdt -iquote ../softfloat -iquote ../spike_main -iquote ../spike_dasm -I/usr/include  -fPIC -I../fdt -c fclass_s.cc -o fclass_s.o -MF fclass_s.d
g++ -MMD -MP  -DPREFIX=\"/usr/local\" -Wall -Wno-nonportable-include-path -g -O2 -fPIC -std=c++2a -g -O2   -iquote . -I.. -iquote ../fesvr -iquote ../riscv -iquote ../disasm -iquote ../customext -iquote ../fdt -iquote ../softfloat -iquote ../spike_main -iquote ../spike_dasm -I/usr/include  -fPIC -I../fdt -c fcvt_l_s.cc -o fcvt_l_s.o -MF fcvt_l_s.d
g++ -MMD -MP  -DPREFIX=\"/usr/local\" -Wall -Wno-nonportable-include-path -g -O2 -fPIC -std=c++2a -g -O2   -iquote . -I.. -iquote ../fesvr -iquote ../riscv -iquote ../disasm -iquote ../customext -iquote ../fdt -iquote ../softfloat -iquote ../spike_main -iquote ../spike_dasm -I/usr/include  -fPIC -I../fdt -c fcvt_lu_s.cc -o fcvt_lu_s.o -MF fcvt_lu_s.d
g++ -MMD -MP  -DPREFIX=\"/usr/local\" -Wall -Wno-nonportable-include-path -g -O2 -fPIC -std=c++2a -g -O2   -iquote . -I.. -iquote ../fesvr -iquote ../riscv -iquote ../disasm -iquote ../customext -iquote ../fdt -iquote ../softfloat -iquote ../spike_main -iquote ../spike_dasm -I/usr/include  -fPIC -I../fdt -c fcvt_s_l.cc -o fcvt_s_l.o -MF fcvt_s_l.d
g++ -MMD -MP  -DPREFIX=\"/usr/local\" -Wall -Wno-nonportable-include-path -g -O2 -fPIC -std=c++2a -g -O2   -iquote . -I.. -iquote ../fesvr -iquote ../riscv -iquote ../disasm -iquote ../customext -iquote ../fdt -iquote ../softfloat -iquote ../spike_main -iquote ../spike_dasm -I/usr/include  -fPIC -I../fdt -c fcvt_s_lu.cc -o fcvt_s_lu.o -MF fcvt_s_lu.d
g++ -MMD -MP  -DPREFIX=\"/usr/local\" -Wall -Wno-nonportable-include-path -g -O2 -fPIC -std=c++2a -g -O2   -iquote . -I.. -iquote ../fesvr -iquote ../riscv -iquote ../disasm -iquote ../customext -iquote ../fdt -iquote ../softfloat -iquote ../spike_main -iquote ../spike_dasm -I/usr/include  -fPIC -I../fdt -c fcvt_s_w.cc -o fcvt_s_w.o -MF fcvt_s_w.d
g++ -MMD -MP  -DPREFIX=\"/usr/local\" -Wall -Wno-nonportable-include-path -g -O2 -fPIC -std=c++2a -g -O2   -iquote . -I.. -iquote ../fesvr -iquote ../riscv -iquote ../disasm -iquote ../customext -iquote ../fdt -iquote ../softfloat -iquote ../spike_main -iquote ../spike_dasm -I/usr/include  -fPIC -I../fdt -c fcvt_s_wu.cc -o fcvt_s_wu.o -MF fcvt_s_wu.d
g++ -MMD -MP  -DPREFIX=\"/usr/local\" -Wall -Wno-nonportable-include-path -g -O2 -fPIC -std=c++2a -g -O2   -iquote . -I.. -iquote ../fesvr -iquote ../riscv -iquote ../disasm -iquote ../customext -iquote ../fdt -iquote ../softfloat -iquote ../spike_main -iquote ../spike_dasm -I/usr/include  -fPIC -I../fdt -c fcvt_w_s.cc -o fcvt_w_s.o -MF fcvt_w_s.d
g++ -MMD -MP  -DPREFIX=\"/usr/local\" -Wall -Wno-nonportable-include-path -g -O2 -fPIC -std=c++2a -g -O2   -iquote . -I.. -iquote ../fesvr -iquote ../riscv -iquote ../disasm -iquote ../customext -iquote ../fdt -iquote ../softfloat -iquote ../spike_main -iquote ../spike_dasm -I/usr/include  -fPIC -I../fdt -c fcvt_wu_s.cc -o fcvt_wu_s.o -MF fcvt_wu_s.d
g++ -MMD -MP  -DPREFIX=\"/usr/local\" -Wall -Wno-nonportable-include-path -g -O2 -fPIC -std=c++2a -g -O2   -iquote . -I.. -iquote ../fesvr -iquote ../riscv -iquote ../disasm -iquote ../customext -iquote ../fdt -iquote ../softfloat -iquote ../spike_main -iquote ../spike_dasm -I/usr/include  -fPIC -I../fdt -c fdiv_s.cc -o fdiv_s.o -MF fdiv_s.d
g++ -MMD -MP  -DPREFIX=\"/usr/local\" -Wall -Wno-nonportable-include-path -g -O2 -fPIC -std=c++2a -g -O2   -iquote . -I.. -iquote ../fesvr -iquote ../riscv -iquote ../disasm -iquote ../customext -iquote ../fdt -iquote ../softfloat -iquote ../spike_main -iquote ../spike_dasm -I/usr/include  -fPIC -I../fdt -c feq_s.cc -o feq_s.o -MF feq_s.d
g++ -MMD -MP  -DPREFIX=\"/usr/local\" -Wall -Wno-nonportable-include-path -g -O2 -fPIC -std=c++2a -g -O2   -iquote . -I.. -iquote ../fesvr -iquote ../riscv -iquote ../disasm -iquote ../customext -iquote ../fdt -iquote ../softfloat -iquote ../spike_main -iquote ../spike_dasm -I/usr/include  -fPIC -I../fdt -c fle_s.cc -o fle_s.o -MF fle_s.d
g++ -MMD -MP  -DPREFIX=\"/usr/local\" -Wall -Wno-nonportable-include-path -g -O2 -fPIC -std=c++2a -g -O2   -iquote . -I.. -iquote ../fesvr -iquote ../riscv -iquote ../disasm -iquote ../customext -iquote ../fdt -iquote ../softfloat -iquote ../spike_main -iquote ../spike_dasm -I/usr/include  -fPIC -I../fdt -c flt_s.cc -o flt_s.o -MF flt_s.d
g++ -MMD -MP  -DPREFIX=\"/usr/local\" -Wall -Wno-nonportable-include-path -g -O2 -fPIC -std=c++2a -g -O2   -iquote . -I.. -iquote ../fesvr -iquote ../riscv -iquote ../disasm -iquote ../customext -iquote ../fdt -iquote ../softfloat -iquote ../spike_main -iquote ../spike_dasm -I/usr/include  -fPIC -I../fdt -c flw.cc -o flw.o -MF flw.d
g++ -MMD -MP  -DPREFIX=\"/usr/local\" -Wall -Wno-nonportable-include-path -g -O2 -fPIC -std=c++2a -g -O2   -iquote . -I.. -iquote ../fesvr -iquote ../riscv -iquote ../disasm -iquote ../customext -iquote ../fdt -iquote ../softfloat -iquote ../spike_main -iquote ../spike_dasm -I/usr/include  -fPIC -I../fdt -c fmadd_s.cc -o fmadd_s.o -MF fmadd_s.d
g++ -MMD -MP  -DPREFIX=\"/usr/local\" -Wall -Wno-nonportable-include-path -g -O2 -fPIC -std=c++2a -g -O2   -iquote . -I.. -iquote ../fesvr -iquote ../riscv -iquote ../disasm -iquote ../customext -iquote ../fdt -iquote ../softfloat -iquote ../spike_main -iquote ../spike_dasm -I/usr/include  -fPIC -I../fdt -c fmax_s.cc -o fmax_s.o -MF fmax_s.d
g++ -MMD -MP  -DPREFIX=\"/usr/local\" -Wall -Wno-nonportable-include-path -g -O2 -fPIC -std=c++2a -g -O2   -iquote . -I.. -iquote ../fesvr -iquote ../riscv -iquote ../disasm -iquote ../customext -iquote ../fdt -iquote ../softfloat -iquote ../spike_main -iquote ../spike_dasm -I/usr/include  -fPIC -I../fdt -c fmin_s.cc -o fmin_s.o -MF fmin_s.d
g++ -MMD -MP  -DPREFIX=\"/usr/local\" -Wall -Wno-nonportable-include-path -g -O2 -fPIC -std=c++2a -g -O2   -iquote . -I.. -iquote ../fesvr -iquote ../riscv -iquote ../disasm -iquote ../customext -iquote ../fdt -iquote ../softfloat -iquote ../spike_main -iquote ../spike_dasm -I/usr/include  -fPIC -I../fdt -c fmsub_s.cc -o fmsub_s.o -MF fmsub_s.d
g++ -MMD -MP  -DPREFIX=\"/usr/local\" -Wall -Wno-nonportable-include-path -g -O2 -fPIC -std=c++2a -g -O2   -iquote . -I.. -iquote ../fesvr -iquote ../riscv -iquote ../disasm -iquote ../customext -iquote ../fdt -iquote ../softfloat -iquote ../spike_main -iquote ../spike_dasm -I/usr/include  -fPIC -I../fdt -c fmul_s.cc -o fmul_s.o -MF fmul_s.d
g++ -MMD -MP  -DPREFIX=\"/usr/local\" -Wall -Wno-nonportable-include-path -g -O2 -fPIC -std=c++2a -g -O2   -iquote . -I.. -iquote ../fesvr -iquote ../riscv -iquote ../disasm -iquote ../customext -iquote ../fdt -iquote ../softfloat -iquote ../spike_main -iquote ../spike_dasm -I/usr/include  -fPIC -I../fdt -c fmv_w_x.cc -o fmv_w_x.o -MF fmv_w_x.d
g++ -MMD -MP  -DPREFIX=\"/usr/local\" -Wall -Wno-nonportable-include-path -g -O2 -fPIC -std=c++2a -g -O2   -iquote . -I.. -iquote ../fesvr -iquote ../riscv -iquote ../disasm -iquote ../customext -iquote ../fdt -iquote ../softfloat -iquote ../spike_main -iquote ../spike_dasm -I/usr/include  -fPIC -I../fdt -c fmv_x_w.cc -o fmv_x_w.o -MF fmv_x_w.d
g++ -MMD -MP  -DPREFIX=\"/usr/local\" -Wall -Wno-nonportable-include-path -g -O2 -fPIC -std=c++2a -g -O2   -iquote . -I.. -iquote ../fesvr -iquote ../riscv -iquote ../disasm -iquote ../customext -iquote ../fdt -iquote ../softfloat -iquote ../spike_main -iquote ../spike_dasm -I/usr/include  -fPIC -I../fdt -c fnmadd_s.cc -o fnmadd_s.o -MF fnmadd_s.d
g++ -MMD -MP  -DPREFIX=\"/usr/local\" -Wall -Wno-nonportable-include-path -g -O2 -fPIC -std=c++2a -g -O2   -iquote . -I.. -iquote ../fesvr -iquote ../riscv -iquote ../disasm -iquote ../customext -iquote ../fdt -iquote ../softfloat -iquote ../spike_main -iquote ../spike_dasm -I/usr/include  -fPIC -I../fdt -c fnmsub_s.cc -o fnmsub_s.o -MF fnmsub_s.d
g++ -MMD -MP  -DPREFIX=\"/usr/local\" -Wall -Wno-nonportable-include-path -g -O2 -fPIC -std=c++2a -g -O2   -iquote . -I.. -iquote ../fesvr -iquote ../riscv -iquote ../disasm -iquote ../customext -iquote ../fdt -iquote ../softfloat -iquote ../spike_main -iquote ../spike_dasm -I/usr/include  -fPIC -I../fdt -c fsgnj_s.cc -o fsgnj_s.o -MF fsgnj_s.d
g++ -MMD -MP  -DPREFIX=\"/usr/local\" -Wall -Wno-nonportable-include-path -g -O2 -fPIC -std=c++2a -g -O2   -iquote . -I.. -iquote ../fesvr -iquote ../riscv -iquote ../disasm -iquote ../customext -iquote ../fdt -iquote ../softfloat -iquote ../spike_main -iquote ../spike_dasm -I/usr/include  -fPIC -I../fdt -c fsgnjn_s.cc -o fsgnjn_s.o -MF fsgnjn_s.d
g++ -MMD -MP  -DPREFIX=\"/usr/local\" -Wall -Wno-nonportable-include-path -g -O2 -fPIC -std=c++2a -g -O2   -iquote . -I.. -iquote ../fesvr -iquote ../riscv -iquote ../disasm -iquote ../customext -iquote ../fdt -iquote ../softfloat -iquote ../spike_main -iquote ../spike_dasm -I/usr/include  -fPIC -I../fdt -c fsgnjx_s.cc -o fsgnjx_s.o -MF fsgnjx_s.d
g++ -MMD -MP  -DPREFIX=\"/usr/local\" -Wall -Wno-nonportable-include-path -g -O2 -fPIC -std=c++2a -g -O2   -iquote . -I.. -iquote ../fesvr -iquote ../riscv -iquote ../disasm -iquote ../customext -iquote ../fdt -iquote ../softfloat -iquote ../spike_main -iquote ../spike_dasm -I/usr/include  -fPIC -I../fdt -c fsqrt_s.cc -o fsqrt_s.o -MF fsqrt_s.d
g++ -MMD -MP  -DPREFIX=\"/usr/local\" -Wall -Wno-nonportable-include-path -g -O2 -fPIC -std=c++2a -g -O2   -iquote . -I.. -iquote ../fesvr -iquote ../riscv -iquote ../disasm -iquote ../customext -iquote ../fdt -iquote ../softfloat -iquote ../spike_main -iquote ../spike_dasm -I/usr/include  -fPIC -I../fdt -c fsub_s.cc -o fsub_s.o -MF fsub_s.d
g++ -MMD -MP  -DPREFIX=\"/usr/local\" -Wall -Wno-nonportable-include-path -g -O2 -fPIC -std=c++2a -g -O2   -iquote . -I.. -iquote ../fesvr -iquote ../riscv -iquote ../disasm -iquote ../customext -iquote ../fdt -iquote ../softfloat -iquote ../spike_main -iquote ../spike_dasm -I/usr/include  -fPIC -I../fdt -c fsw.cc -o fsw.o -MF fsw.d
g++ -MMD -MP  -DPREFIX=\"/usr/local\" -Wall -Wno-nonportable-include-path -g -O2 -fPIC -std=c++2a -g -O2   -iquote . -I.. -iquote ../fesvr -iquote ../riscv -iquote ../disasm -iquote ../customext -iquote ../fdt -iquote ../softfloat -iquote ../spike_main -iquote ../spike_dasm -I/usr/include  -fPIC -I../fdt -c fadd_d.cc -o fadd_d.o -MF fadd_d.d
g++ -MMD -MP  -DPREFIX=\"/usr/local\" -Wall -Wno-nonportable-include-path -g -O2 -fPIC -std=c++2a -g -O2   -iquote . -I.. -iquote ../fesvr -iquote ../riscv -iquote ../disasm -iquote ../customext -iquote ../fdt -iquote ../softfloat -iquote ../spike_main -iquote ../spike_dasm -I/usr/include  -fPIC -I../fdt -c fclass_d.cc -o fclass_d.o -MF fclass_d.d
g++ -MMD -MP  -DPREFIX=\"/usr/local\" -Wall -Wno-nonportable-include-path -g -O2 -fPIC -std=c++2a -g -O2   -iquote . -I.. -iquote ../fesvr -iquote ../riscv -iquote ../disasm -iquote ../customext -iquote ../fdt -iquote ../softfloat -iquote ../spike_main -iquote ../spike_dasm -I/usr/include  -fPIC -I../fdt -c fcvt_d_l.cc -o fcvt_d_l.o -MF fcvt_d_l.d
g++ -MMD -MP  -DPREFIX=\"/usr/local\" -Wall -Wno-nonportable-include-path -g -O2 -fPIC -std=c++2a -g -O2   -iquote . -I.. -iquote ../fesvr -iquote ../riscv -iquote ../disasm -iquote ../customext -iquote ../fdt -iquote ../softfloat -iquote ../spike_main -iquote ../spike_dasm -I/usr/include  -fPIC -I../fdt -c fcvt_d_lu.cc -o fcvt_d_lu.o -MF fcvt_d_lu.d
g++ -MMD -MP  -DPREFIX=\"/usr/local\" -Wall -Wno-nonportable-include-path -g -O2 -fPIC -std=c++2a -g -O2   -iquote . -I.. -iquote ../fesvr -iquote ../riscv -iquote ../disasm -iquote ../customext -iquote ../fdt -iquote ../softfloat -iquote ../spike_main -iquote ../spike_dasm -I/usr/include  -fPIC -I../fdt -c fcvt_d_q.cc -o fcvt_d_q.o -MF fcvt_d_q.d
g++ -MMD -MP  -DPREFIX=\"/usr/local\" -Wall -Wno-nonportable-include-path -g -O2 -fPIC -std=c++2a -g -O2   -iquote . -I.. -iquote ../fesvr -iquote ../riscv -iquote ../disasm -iquote ../customext -iquote ../fdt -iquote ../softfloat -iquote ../spike_main -iquote ../spike_dasm -I/usr/include  -fPIC -I../fdt -c fcvt_d_s.cc -o fcvt_d_s.o -MF fcvt_d_s.d
g++ -MMD -MP  -DPREFIX=\"/usr/local\" -Wall -Wno-nonportable-include-path -g -O2 -fPIC -std=c++2a -g -O2   -iquote . -I.. -iquote ../fesvr -iquote ../riscv -iquote ../disasm -iquote ../customext -iquote ../fdt -iquote ../softfloat -iquote ../spike_main -iquote ../spike_dasm -I/usr/include  -fPIC -I../fdt -c fcvt_d_w.cc -o fcvt_d_w.o -MF fcvt_d_w.d
g++ -MMD -MP  -DPREFIX=\"/usr/local\" -Wall -Wno-nonportable-include-path -g -O2 -fPIC -std=c++2a -g -O2   -iquote . -I.. -iquote ../fesvr -iquote ../riscv -iquote ../disasm -iquote ../customext -iquote ../fdt -iquote ../softfloat -iquote ../spike_main -iquote ../spike_dasm -I/usr/include  -fPIC -I../fdt -c fcvt_d_wu.cc -o fcvt_d_wu.o -MF fcvt_d_wu.d
g++ -MMD -MP  -DPREFIX=\"/usr/local\" -Wall -Wno-nonportable-include-path -g -O2 -fPIC -std=c++2a -g -O2   -iquote . -I.. -iquote ../fesvr -iquote ../riscv -iquote ../disasm -iquote ../customext -iquote ../fdt -iquote ../softfloat -iquote ../spike_main -iquote ../spike_dasm -I/usr/include  -fPIC -I../fdt -c fcvt_l_d.cc -o fcvt_l_d.o -MF fcvt_l_d.d
g++ -MMD -MP  -DPREFIX=\"/usr/local\" -Wall -Wno-nonportable-include-path -g -O2 -fPIC -std=c++2a -g -O2   -iquote . -I.. -iquote ../fesvr -iquote ../riscv -iquote ../disasm -iquote ../customext -iquote ../fdt -iquote ../softfloat -iquote ../spike_main -iquote ../spike_dasm -I/usr/include  -fPIC -I../fdt -c fcvt_lu_d.cc -o fcvt_lu_d.o -MF fcvt_lu_d.d
g++ -MMD -MP  -DPREFIX=\"/usr/local\" -Wall -Wno-nonportable-include-path -g -O2 -fPIC -std=c++2a -g -O2   -iquote . -I.. -iquote ../fesvr -iquote ../riscv -iquote ../disasm -iquote ../customext -iquote ../fdt -iquote ../softfloat -iquote ../spike_main -iquote ../spike_dasm -I/usr/include  -fPIC -I../fdt -c fcvt_s_d.cc -o fcvt_s_d.o -MF fcvt_s_d.d
g++ -MMD -MP  -DPREFIX=\"/usr/local\" -Wall -Wno-nonportable-include-path -g -O2 -fPIC -std=c++2a -g -O2   -iquote . -I.. -iquote ../fesvr -iquote ../riscv -iquote ../disasm -iquote ../customext -iquote ../fdt -iquote ../softfloat -iquote ../spike_main -iquote ../spike_dasm -I/usr/include  -fPIC -I../fdt -c fcvt_w_d.cc -o fcvt_w_d.o -MF fcvt_w_d.d
g++ -MMD -MP  -DPREFIX=\"/usr/local\" -Wall -Wno-nonportable-include-path -g -O2 -fPIC -std=c++2a -g -O2   -iquote . -I.. -iquote ../fesvr -iquote ../riscv -iquote ../disasm -iquote ../customext -iquote ../fdt -iquote ../softfloat -iquote ../spike_main -iquote ../spike_dasm -I/usr/include  -fPIC -I../fdt -c fcvt_wu_d.cc -o fcvt_wu_d.o -MF fcvt_wu_d.d
g++ -MMD -MP  -DPREFIX=\"/usr/local\" -Wall -Wno-nonportable-include-path -g -O2 -fPIC -std=c++2a -g -O2   -iquote . -I.. -iquote ../fesvr -iquote ../riscv -iquote ../disasm -iquote ../customext -iquote ../fdt -iquote ../softfloat -iquote ../spike_main -iquote ../spike_dasm -I/usr/include  -fPIC -I../fdt -c fdiv_d.cc -o fdiv_d.o -MF fdiv_d.d
g++ -MMD -MP  -DPREFIX=\"/usr/local\" -Wall -Wno-nonportable-include-path -g -O2 -fPIC -std=c++2a -g -O2   -iquote . -I.. -iquote ../fesvr -iquote ../riscv -iquote ../disasm -iquote ../customext -iquote ../fdt -iquote ../softfloat -iquote ../spike_main -iquote ../spike_dasm -I/usr/include  -fPIC -I../fdt -c feq_d.cc -o feq_d.o -MF feq_d.d
g++ -MMD -MP  -DPREFIX=\"/usr/local\" -Wall -Wno-nonportable-include-path -g -O2 -fPIC -std=c++2a -g -O2   -iquote . -I.. -iquote ../fesvr -iquote ../riscv -iquote ../disasm -iquote ../customext -iquote ../fdt -iquote ../softfloat -iquote ../spike_main -iquote ../spike_dasm -I/usr/include  -fPIC -I../fdt -c fld.cc -o fld.o -MF fld.d
g++ -MMD -MP  -DPREFIX=\"/usr/local\" -Wall -Wno-nonportable-include-path -g -O2 -fPIC -std=c++2a -g -O2   -iquote . -I.. -iquote ../fesvr -iquote ../riscv -iquote ../disasm -iquote ../customext -iquote ../fdt -iquote ../softfloat -iquote ../spike_main -iquote ../spike_dasm -I/usr/include  -fPIC -I../fdt -c fle_d.cc -o fle_d.o -MF fle_d.d
g++ -MMD -MP  -DPREFIX=\"/usr/local\" -Wall -Wno-nonportable-include-path -g -O2 -fPIC -std=c++2a -g -O2   -iquote . -I.. -iquote ../fesvr -iquote ../riscv -iquote ../disasm -iquote ../customext -iquote ../fdt -iquote ../softfloat -iquote ../spike_main -iquote ../spike_dasm -I/usr/include  -fPIC -I../fdt -c flt_d.cc -o flt_d.o -MF flt_d.d
g++ -MMD -MP  -DPREFIX=\"/usr/local\" -Wall -Wno-nonportable-include-path -g -O2 -fPIC -std=c++2a -g -O2   -iquote . -I.. -iquote ../fesvr -iquote ../riscv -iquote ../disasm -iquote ../customext -iquote ../fdt -iquote ../softfloat -iquote ../spike_main -iquote ../spike_dasm -I/usr/include  -fPIC -I../fdt -c fmadd_d.cc -o fmadd_d.o -MF fmadd_d.d
g++ -MMD -MP  -DPREFIX=\"/usr/local\" -Wall -Wno-nonportable-include-path -g -O2 -fPIC -std=c++2a -g -O2   -iquote . -I.. -iquote ../fesvr -iquote ../riscv -iquote ../disasm -iquote ../customext -iquote ../fdt -iquote ../softfloat -iquote ../spike_main -iquote ../spike_dasm -I/usr/include  -fPIC -I../fdt -c fmax_d.cc -o fmax_d.o -MF fmax_d.d
g++ -MMD -MP  -DPREFIX=\"/usr/local\" -Wall -Wno-nonportable-include-path -g -O2 -fPIC -std=c++2a -g -O2   -iquote . -I.. -iquote ../fesvr -iquote ../riscv -iquote ../disasm -iquote ../customext -iquote ../fdt -iquote ../softfloat -iquote ../spike_main -iquote ../spike_dasm -I/usr/include  -fPIC -I../fdt -c fmin_d.cc -o fmin_d.o -MF fmin_d.d
g++ -MMD -MP  -DPREFIX=\"/usr/local\" -Wall -Wno-nonportable-include-path -g -O2 -fPIC -std=c++2a -g -O2   -iquote . -I.. -iquote ../fesvr -iquote ../riscv -iquote ../disasm -iquote ../customext -iquote ../fdt -iquote ../softfloat -iquote ../spike_main -iquote ../spike_dasm -I/usr/include  -fPIC -I../fdt -c fmsub_d.cc -o fmsub_d.o -MF fmsub_d.d
g++ -MMD -MP  -DPREFIX=\"/usr/local\" -Wall -Wno-nonportable-include-path -g -O2 -fPIC -std=c++2a -g -O2   -iquote . -I.. -iquote ../fesvr -iquote ../riscv -iquote ../disasm -iquote ../customext -iquote ../fdt -iquote ../softfloat -iquote ../spike_main -iquote ../spike_dasm -I/usr/include  -fPIC -I../fdt -c fmul_d.cc -o fmul_d.o -MF fmul_d.d
g++ -MMD -MP  -DPREFIX=\"/usr/local\" -Wall -Wno-nonportable-include-path -g -O2 -fPIC -std=c++2a -g -O2   -iquote . -I.. -iquote ../fesvr -iquote ../riscv -iquote ../disasm -iquote ../customext -iquote ../fdt -iquote ../softfloat -iquote ../spike_main -iquote ../spike_dasm -I/usr/include  -fPIC -I../fdt -c fmv_d_x.cc -o fmv_d_x.o -MF fmv_d_x.d
g++ -MMD -MP  -DPREFIX=\"/usr/local\" -Wall -Wno-nonportable-include-path -g -O2 -fPIC -std=c++2a -g -O2   -iquote . -I.. -iquote ../fesvr -iquote ../riscv -iquote ../disasm -iquote ../customext -iquote ../fdt -iquote ../softfloat -iquote ../spike_main -iquote ../spike_dasm -I/usr/include  -fPIC -I../fdt -c fmv_x_d.cc -o fmv_x_d.o -MF fmv_x_d.d
g++ -MMD -MP  -DPREFIX=\"/usr/local\" -Wall -Wno-nonportable-include-path -g -O2 -fPIC -std=c++2a -g -O2   -iquote . -I.. -iquote ../fesvr -iquote ../riscv -iquote ../disasm -iquote ../customext -iquote ../fdt -iquote ../softfloat -iquote ../spike_main -iquote ../spike_dasm -I/usr/include  -fPIC -I../fdt -c fnmadd_d.cc -o fnmadd_d.o -MF fnmadd_d.d
g++ -MMD -MP  -DPREFIX=\"/usr/local\" -Wall -Wno-nonportable-include-path -g -O2 -fPIC -std=c++2a -g -O2   -iquote . -I.. -iquote ../fesvr -iquote ../riscv -iquote ../disasm -iquote ../customext -iquote ../fdt -iquote ../softfloat -iquote ../spike_main -iquote ../spike_dasm -I/usr/include  -fPIC -I../fdt -c fnmsub_d.cc -o fnmsub_d.o -MF fnmsub_d.d
g++ -MMD -MP  -DPREFIX=\"/usr/local\" -Wall -Wno-nonportable-include-path -g -O2 -fPIC -std=c++2a -g -O2   -iquote . -I.. -iquote ../fesvr -iquote ../riscv -iquote ../disasm -iquote ../customext -iquote ../fdt -iquote ../softfloat -iquote ../spike_main -iquote ../spike_dasm -I/usr/include  -fPIC -I../fdt -c fsd.cc -o fsd.o -MF fsd.d
g++ -MMD -MP  -DPREFIX=\"/usr/local\" -Wall -Wno-nonportable-include-path -g -O2 -fPIC -std=c++2a -g -O2   -iquote . -I.. -iquote ../fesvr -iquote ../riscv -iquote ../disasm -iquote ../customext -iquote ../fdt -iquote ../softfloat -iquote ../spike_main -iquote ../spike_dasm -I/usr/include  -fPIC -I../fdt -c fsgnj_d.cc -o fsgnj_d.o -MF fsgnj_d.d
g++ -MMD -MP  -DPREFIX=\"/usr/local\" -Wall -Wno-nonportable-include-path -g -O2 -fPIC -std=c++2a -g -O2   -iquote . -I.. -iquote ../fesvr -iquote ../riscv -iquote ../disasm -iquote ../customext -iquote ../fdt -iquote ../softfloat -iquote ../spike_main -iquote ../spike_dasm -I/usr/include  -fPIC -I../fdt -c fsgnjn_d.cc -o fsgnjn_d.o -MF fsgnjn_d.d
g++ -MMD -MP  -DPREFIX=\"/usr/local\" -Wall -Wno-nonportable-include-path -g -O2 -fPIC -std=c++2a -g -O2   -iquote . -I.. -iquote ../fesvr -iquote ../riscv -iquote ../disasm -iquote ../customext -iquote ../fdt -iquote ../softfloat -iquote ../spike_main -iquote ../spike_dasm -I/usr/include  -fPIC -I../fdt -c fsgnjx_d.cc -o fsgnjx_d.o -MF fsgnjx_d.d
g++ -MMD -MP  -DPREFIX=\"/usr/local\" -Wall -Wno-nonportable-include-path -g -O2 -fPIC -std=c++2a -g -O2   -iquote . -I.. -iquote ../fesvr -iquote ../riscv -iquote ../disasm -iquote ../customext -iquote ../fdt -iquote ../softfloat -iquote ../spike_main -iquote ../spike_dasm -I/usr/include  -fPIC -I../fdt -c fsqrt_d.cc -o fsqrt_d.o -MF fsqrt_d.d
g++ -MMD -MP  -DPREFIX=\"/usr/local\" -Wall -Wno-nonportable-include-path -g -O2 -fPIC -std=c++2a -g -O2   -iquote . -I.. -iquote ../fesvr -iquote ../riscv -iquote ../disasm -iquote ../customext -iquote ../fdt -iquote ../softfloat -iquote ../spike_main -iquote ../spike_dasm -I/usr/include  -fPIC -I../fdt -c fsub_d.cc -o fsub_d.o -MF fsub_d.d
g++ -MMD -MP  -DPREFIX=\"/usr/local\" -Wall -Wno-nonportable-include-path -g -O2 -fPIC -std=c++2a -g -O2   -iquote . -I.. -iquote ../fesvr -iquote ../riscv -iquote ../disasm -iquote ../customext -iquote ../fdt -iquote ../softfloat -iquote ../spike_main -iquote ../spike_dasm -I/usr/include  -fPIC -I../fdt -c div.cc -o div.o -MF div.d
g++ -MMD -MP  -DPREFIX=\"/usr/local\" -Wall -Wno-nonportable-include-path -g -O2 -fPIC -std=c++2a -g -O2   -iquote . -I.. -iquote ../fesvr -iquote ../riscv -iquote ../disasm -iquote ../customext -iquote ../fdt -iquote ../softfloat -iquote ../spike_main -iquote ../spike_dasm -I/usr/include  -fPIC -I../fdt -c divu.cc -o divu.o -MF divu.d
g++ -MMD -MP  -DPREFIX=\"/usr/local\" -Wall -Wno-nonportable-include-path -g -O2 -fPIC -std=c++2a -g -O2   -iquote . -I.. -iquote ../fesvr -iquote ../riscv -iquote ../disasm -iquote ../customext -iquote ../fdt -iquote ../softfloat -iquote ../spike_main -iquote ../spike_dasm -I/usr/include  -fPIC -I../fdt -c divuw.cc -o divuw.o -MF divuw.d
g++ -MMD -MP  -DPREFIX=\"/usr/local\" -Wall -Wno-nonportable-include-path -g -O2 -fPIC -std=c++2a -g -O2   -iquote . -I.. -iquote ../fesvr -iquote ../riscv -iquote ../disasm -iquote ../customext -iquote ../fdt -iquote ../softfloat -iquote ../spike_main -iquote ../spike_dasm -I/usr/include  -fPIC -I../fdt -c divw.cc -o divw.o -MF divw.d
g++ -MMD -MP  -DPREFIX=\"/usr/local\" -Wall -Wno-nonportable-include-path -g -O2 -fPIC -std=c++2a -g -O2   -iquote . -I.. -iquote ../fesvr -iquote ../riscv -iquote ../disasm -iquote ../customext -iquote ../fdt -iquote ../softfloat -iquote ../spike_main -iquote ../spike_dasm -I/usr/include  -fPIC -I../fdt -c mul.cc -o mul.o -MF mul.d
g++ -MMD -MP  -DPREFIX=\"/usr/local\" -Wall -Wno-nonportable-include-path -g -O2 -fPIC -std=c++2a -g -O2   -iquote . -I.. -iquote ../fesvr -iquote ../riscv -iquote ../disasm -iquote ../customext -iquote ../fdt -iquote ../softfloat -iquote ../spike_main -iquote ../spike_dasm -I/usr/include  -fPIC -I../fdt -c mulh.cc -o mulh.o -MF mulh.d
g++ -MMD -MP  -DPREFIX=\"/usr/local\" -Wall -Wno-nonportable-include-path -g -O2 -fPIC -std=c++2a -g -O2   -iquote . -I.. -iquote ../fesvr -iquote ../riscv -iquote ../disasm -iquote ../customext -iquote ../fdt -iquote ../softfloat -iquote ../spike_main -iquote ../spike_dasm -I/usr/include  -fPIC -I../fdt -c mulhsu.cc -o mulhsu.o -MF mulhsu.d
g++ -MMD -MP  -DPREFIX=\"/usr/local\" -Wall -Wno-nonportable-include-path -g -O2 -fPIC -std=c++2a -g -O2   -iquote . -I.. -iquote ../fesvr -iquote ../riscv -iquote ../disasm -iquote ../customext -iquote ../fdt -iquote ../softfloat -iquote ../spike_main -iquote ../spike_dasm -I/usr/include  -fPIC -I../fdt -c mulhu.cc -o mulhu.o -MF mulhu.d
g++ -MMD -MP  -DPREFIX=\"/usr/local\" -Wall -Wno-nonportable-include-path -g -O2 -fPIC -std=c++2a -g -O2   -iquote . -I.. -iquote ../fesvr -iquote ../riscv -iquote ../disasm -iquote ../customext -iquote ../fdt -iquote ../softfloat -iquote ../spike_main -iquote ../spike_dasm -I/usr/include  -fPIC -I../fdt -c mulw.cc -o mulw.o -MF mulw.d
g++ -MMD -MP  -DPREFIX=\"/usr/local\" -Wall -Wno-nonportable-include-path -g -O2 -fPIC -std=c++2a -g -O2   -iquote . -I.. -iquote ../fesvr -iquote ../riscv -iquote ../disasm -iquote ../customext -iquote ../fdt -iquote ../softfloat -iquote ../spike_main -iquote ../spike_dasm -I/usr/include  -fPIC -I../fdt -c rem.cc -o rem.o -MF rem.d
g++ -MMD -MP  -DPREFIX=\"/usr/local\" -Wall -Wno-nonportable-include-path -g -O2 -fPIC -std=c++2a -g -O2   -iquote . -I.. -iquote ../fesvr -iquote ../riscv -iquote ../disasm -iquote ../customext -iquote ../fdt -iquote ../softfloat -iquote ../spike_main -iquote ../spike_dasm -I/usr/include  -fPIC -I../fdt -c remu.cc -o remu.o -MF remu.d
g++ -MMD -MP  -DPREFIX=\"/usr/local\" -Wall -Wno-nonportable-include-path -g -O2 -fPIC -std=c++2a -g -O2   -iquote . -I.. -iquote ../fesvr -iquote ../riscv -iquote ../disasm -iquote ../customext -iquote ../fdt -iquote ../softfloat -iquote ../spike_main -iquote ../spike_dasm -I/usr/include  -fPIC -I../fdt -c remuw.cc -o remuw.o -MF remuw.d
g++ -MMD -MP  -DPREFIX=\"/usr/local\" -Wall -Wno-nonportable-include-path -g -O2 -fPIC -std=c++2a -g -O2   -iquote . -I.. -iquote ../fesvr -iquote ../riscv -iquote ../disasm -iquote ../customext -iquote ../fdt -iquote ../softfloat -iquote ../spike_main -iquote ../spike_dasm -I/usr/include  -fPIC -I../fdt -c remw.cc -o remw.o -MF remw.d
g++ -MMD -MP  -DPREFIX=\"/usr/local\" -Wall -Wno-nonportable-include-path -g -O2 -fPIC -std=c++2a -g -O2   -iquote . -I.. -iquote ../fesvr -iquote ../riscv -iquote ../disasm -iquote ../customext -iquote ../fdt -iquote ../softfloat -iquote ../spike_main -iquote ../spike_dasm -I/usr/include  -fPIC -I../fdt -c add_uw.cc -o add_uw.o -MF add_uw.d
g++ -MMD -MP  -DPREFIX=\"/usr/local\" -Wall -Wno-nonportable-include-path -g -O2 -fPIC -std=c++2a -g -O2   -iquote . -I.. -iquote ../fesvr -iquote ../riscv -iquote ../disasm -iquote ../customext -iquote ../fdt -iquote ../softfloat -iquote ../spike_main -iquote ../spike_dasm -I/usr/include  -fPIC -I../fdt -c andn.cc -o andn.o -MF andn.d
g++ -MMD -MP  -DPREFIX=\"/usr/local\" -Wall -Wno-nonportable-include-path -g -O2 -fPIC -std=c++2a -g -O2   -iquote . -I.. -iquote ../fesvr -iquote ../riscv -iquote ../disasm -iquote ../customext -iquote ../fdt -iquote ../softfloat -iquote ../spike_main -iquote ../spike_dasm -I/usr/include  -fPIC -I../fdt -c sh1add.cc -o sh1add.o -MF sh1add.d
g++ -MMD -MP  -DPREFIX=\"/usr/local\" -Wall -Wno-nonportable-include-path -g -O2 -fPIC -std=c++2a -g -O2   -iquote . -I.. -iquote ../fesvr -iquote ../riscv -iquote ../disasm -iquote ../customext -iquote ../fdt -iquote ../softfloat -iquote ../spike_main -iquote ../spike_dasm -I/usr/include  -fPIC -I../fdt -c sh1add_uw.cc -o sh1add_uw.o -MF sh1add_uw.d
g++ -MMD -MP  -DPREFIX=\"/usr/local\" -Wall -Wno-nonportable-include-path -g -O2 -fPIC -std=c++2a -g -O2   -iquote . -I.. -iquote ../fesvr -iquote ../riscv -iquote ../disasm -iquote ../customext -iquote ../fdt -iquote ../softfloat -iquote ../spike_main -iquote ../spike_dasm -I/usr/include  -fPIC -I../fdt -c sh2add.cc -o sh2add.o -MF sh2add.d
g++ -MMD -MP  -DPREFIX=\"/usr/local\" -Wall -Wno-nonportable-include-path -g -O2 -fPIC -std=c++2a -g -O2   -iquote . -I.. -iquote ../fesvr -iquote ../riscv -iquote ../disasm -iquote ../customext -iquote ../fdt -iquote ../softfloat -iquote ../spike_main -iquote ../spike_dasm -I/usr/include  -fPIC -I../fdt -c sh2add_uw.cc -o sh2add_uw.o -MF sh2add_uw.d
g++ -MMD -MP  -DPREFIX=\"/usr/local\" -Wall -Wno-nonportable-include-path -g -O2 -fPIC -std=c++2a -g -O2   -iquote . -I.. -iquote ../fesvr -iquote ../riscv -iquote ../disasm -iquote ../customext -iquote ../fdt -iquote ../softfloat -iquote ../spike_main -iquote ../spike_dasm -I/usr/include  -fPIC -I../fdt -c sh3add.cc -o sh3add.o -MF sh3add.d
g++ -MMD -MP  -DPREFIX=\"/usr/local\" -Wall -Wno-nonportable-include-path -g -O2 -fPIC -std=c++2a -g -O2   -iquote . -I.. -iquote ../fesvr -iquote ../riscv -iquote ../disasm -iquote ../customext -iquote ../fdt -iquote ../softfloat -iquote ../spike_main -iquote ../spike_dasm -I/usr/include  -fPIC -I../fdt -c sh3add_uw.cc -o sh3add_uw.o -MF sh3add_uw.d
g++ -MMD -MP  -DPREFIX=\"/usr/local\" -Wall -Wno-nonportable-include-path -g -O2 -fPIC -std=c++2a -g -O2   -iquote . -I.. -iquote ../fesvr -iquote ../riscv -iquote ../disasm -iquote ../customext -iquote ../fdt -iquote ../softfloat -iquote ../spike_main -iquote ../spike_dasm -I/usr/include  -fPIC -I../fdt -c clmul.cc -o clmul.o -MF clmul.d
g++ -MMD -MP  -DPREFIX=\"/usr/local\" -Wall -Wno-nonportable-include-path -g -O2 -fPIC -std=c++2a -g -O2   -iquote . -I.. -iquote ../fesvr -iquote ../riscv -iquote ../disasm -iquote ../customext -iquote ../fdt -iquote ../softfloat -iquote ../spike_main -iquote ../spike_dasm -I/usr/include  -fPIC -I../fdt -c clmulh.cc -o clmulh.o -MF clmulh.d
g++ -MMD -MP  -DPREFIX=\"/usr/local\" -Wall -Wno-nonportable-include-path -g -O2 -fPIC -std=c++2a -g -O2   -iquote . -I.. -iquote ../fesvr -iquote ../riscv -iquote ../disasm -iquote ../customext -iquote ../fdt -iquote ../softfloat -iquote ../spike_main -iquote ../spike_dasm -I/usr/include  -fPIC -I../fdt -c clmulr.cc -o clmulr.o -MF clmulr.d
g++ -MMD -MP  -DPREFIX=\"/usr/local\" -Wall -Wno-nonportable-include-path -g -O2 -fPIC -std=c++2a -g -O2   -iquote . -I.. -iquote ../fesvr -iquote ../riscv -iquote ../disasm -iquote ../customext -iquote ../fdt -iquote ../softfloat -iquote ../spike_main -iquote ../spike_dasm -I/usr/include  -fPIC -I../fdt -c clz.cc -o clz.o -MF clz.d
g++ -MMD -MP  -DPREFIX=\"/usr/local\" -Wall -Wno-nonportable-include-path -g -O2 -fPIC -std=c++2a -g -O2   -iquote . -I.. -iquote ../fesvr -iquote ../riscv -iquote ../disasm -iquote ../customext -iquote ../fdt -iquote ../softfloat -iquote ../spike_main -iquote ../spike_dasm -I/usr/include  -fPIC -I../fdt -c clzw.cc -o clzw.o -MF clzw.d
g++ -MMD -MP  -DPREFIX=\"/usr/local\" -Wall -Wno-nonportable-include-path -g -O2 -fPIC -std=c++2a -g -O2   -iquote . -I.. -iquote ../fesvr -iquote ../riscv -iquote ../disasm -iquote ../customext -iquote ../fdt -iquote ../softfloat -iquote ../spike_main -iquote ../spike_dasm -I/usr/include  -fPIC -I../fdt -c ctz.cc -o ctz.o -MF ctz.d
g++ -MMD -MP  -DPREFIX=\"/usr/local\" -Wall -Wno-nonportable-include-path -g -O2 -fPIC -std=c++2a -g -O2   -iquote . -I.. -iquote ../fesvr -iquote ../riscv -iquote ../disasm -iquote ../customext -iquote ../fdt -iquote ../softfloat -iquote ../spike_main -iquote ../spike_dasm -I/usr/include  -fPIC -I../fdt -c ctzw.cc -o ctzw.o -MF ctzw.d
g++ -MMD -MP  -DPREFIX=\"/usr/local\" -Wall -Wno-nonportable-include-path -g -O2 -fPIC -std=c++2a -g -O2   -iquote . -I.. -iquote ../fesvr -iquote ../riscv -iquote ../disasm -iquote ../customext -iquote ../fdt -iquote ../softfloat -iquote ../spike_main -iquote ../spike_dasm -I/usr/include  -fPIC -I../fdt -c orc_b.cc -o orc_b.o -MF orc_b.d
g++ -MMD -MP  -DPREFIX=\"/usr/local\" -Wall -Wno-nonportable-include-path -g -O2 -fPIC -std=c++2a -g -O2   -iquote . -I.. -iquote ../fesvr -iquote ../riscv -iquote ../disasm -iquote ../customext -iquote ../fdt -iquote ../softfloat -iquote ../spike_main -iquote ../spike_dasm -I/usr/include  -fPIC -I../fdt -c rev8.cc -o rev8.o -MF rev8.d
g++ -MMD -MP  -DPREFIX=\"/usr/local\" -Wall -Wno-nonportable-include-path -g -O2 -fPIC -std=c++2a -g -O2   -iquote . -I.. -iquote ../fesvr -iquote ../riscv -iquote ../disasm -iquote ../customext -iquote ../fdt -iquote ../softfloat -iquote ../spike_main -iquote ../spike_dasm -I/usr/include  -fPIC -I../fdt -c rev8_rv32.cc -o rev8_rv32.o -MF rev8_rv32.d
g++ -MMD -MP  -DPREFIX=\"/usr/local\" -Wall -Wno-nonportable-include-path -g -O2 -fPIC -std=c++2a -g -O2   -iquote . -I.. -iquote ../fesvr -iquote ../riscv -iquote ../disasm -iquote ../customext -iquote ../fdt -iquote ../softfloat -iquote ../spike_main -iquote ../spike_dasm -I/usr/include  -fPIC -I../fdt -c brev8.cc -o brev8.o -MF brev8.d
g++ -MMD -MP  -DPREFIX=\"/usr/local\" -Wall -Wno-nonportable-include-path -g -O2 -fPIC -std=c++2a -g -O2   -iquote . -I.. -iquote ../fesvr -iquote ../riscv -iquote ../disasm -iquote ../customext -iquote ../fdt -iquote ../softfloat -iquote ../spike_main -iquote ../spike_dasm -I/usr/include  -fPIC -I../fdt -c max.cc -o max.o -MF max.d
g++ -MMD -MP  -DPREFIX=\"/usr/local\" -Wall -Wno-nonportable-include-path -g -O2 -fPIC -std=c++2a -g -O2   -iquote . -I.. -iquote ../fesvr -iquote ../riscv -iquote ../disasm -iquote ../customext -iquote ../fdt -iquote ../softfloat -iquote ../spike_main -iquote ../spike_dasm -I/usr/include  -fPIC -I../fdt -c maxu.cc -o maxu.o -MF maxu.d
g++ -MMD -MP  -DPREFIX=\"/usr/local\" -Wall -Wno-nonportable-include-path -g -O2 -fPIC -std=c++2a -g -O2   -iquote . -I.. -iquote ../fesvr -iquote ../riscv -iquote ../disasm -iquote ../customext -iquote ../fdt -iquote ../softfloat -iquote ../spike_main -iquote ../spike_dasm -I/usr/include  -fPIC -I../fdt -c min.cc -o min.o -MF min.d
g++ -MMD -MP  -DPREFIX=\"/usr/local\" -Wall -Wno-nonportable-include-path -g -O2 -fPIC -std=c++2a -g -O2   -iquote . -I.. -iquote ../fesvr -iquote ../riscv -iquote ../disasm -iquote ../customext -iquote ../fdt -iquote ../softfloat -iquote ../spike_main -iquote ../spike_dasm -I/usr/include  -fPIC -I../fdt -c minu.cc -o minu.o -MF minu.d
g++ -MMD -MP  -DPREFIX=\"/usr/local\" -Wall -Wno-nonportable-include-path -g -O2 -fPIC -std=c++2a -g -O2   -iquote . -I.. -iquote ../fesvr -iquote ../riscv -iquote ../disasm -iquote ../customext -iquote ../fdt -iquote ../softfloat -iquote ../spike_main -iquote ../spike_dasm -I/usr/include  -fPIC -I../fdt -c orn.cc -o orn.o -MF orn.d
g++ -MMD -MP  -DPREFIX=\"/usr/local\" -Wall -Wno-nonportable-include-path -g -O2 -fPIC -std=c++2a -g -O2   -iquote . -I.. -iquote ../fesvr -iquote ../riscv -iquote ../disasm -iquote ../customext -iquote ../fdt -iquote ../softfloat -iquote ../spike_main -iquote ../spike_dasm -I/usr/include  -fPIC -I../fdt -c pack.cc -o pack.o -MF pack.d
g++ -MMD -MP  -DPREFIX=\"/usr/local\" -Wall -Wno-nonportable-include-path -g -O2 -fPIC -std=c++2a -g -O2   -iquote . -I.. -iquote ../fesvr -iquote ../riscv -iquote ../disasm -iquote ../customext -iquote ../fdt -iquote ../softfloat -iquote ../spike_main -iquote ../spike_dasm -I/usr/include  -fPIC -I../fdt -c packh.cc -o packh.o -MF packh.d
g++ -MMD -MP  -DPREFIX=\"/usr/local\" -Wall -Wno-nonportable-include-path -g -O2 -fPIC -std=c++2a -g -O2   -iquote . -I.. -iquote ../fesvr -iquote ../riscv -iquote ../disasm -iquote ../customext -iquote ../fdt -iquote ../softfloat -iquote ../spike_main -iquote ../spike_dasm -I/usr/include  -fPIC -I../fdt -c packw.cc -o packw.o -MF packw.d
g++ -MMD -MP  -DPREFIX=\"/usr/local\" -Wall -Wno-nonportable-include-path -g -O2 -fPIC -std=c++2a -g -O2   -iquote . -I.. -iquote ../fesvr -iquote ../riscv -iquote ../disasm -iquote ../customext -iquote ../fdt -iquote ../softfloat -iquote ../spike_main -iquote ../spike_dasm -I/usr/include  -fPIC -I../fdt -c cpop.cc -o cpop.o -MF cpop.d
g++ -MMD -MP  -DPREFIX=\"/usr/local\" -Wall -Wno-nonportable-include-path -g -O2 -fPIC -std=c++2a -g -O2   -iquote . -I.. -iquote ../fesvr -iquote ../riscv -iquote ../disasm -iquote ../customext -iquote ../fdt -iquote ../softfloat -iquote ../spike_main -iquote ../spike_dasm -I/usr/include  -fPIC -I../fdt -c cpopw.cc -o cpopw.o -MF cpopw.d
g++ -MMD -MP  -DPREFIX=\"/usr/local\" -Wall -Wno-nonportable-include-path -g -O2 -fPIC -std=c++2a -g -O2   -iquote . -I.. -iquote ../fesvr -iquote ../riscv -iquote ../disasm -iquote ../customext -iquote ../fdt -iquote ../softfloat -iquote ../spike_main -iquote ../spike_dasm -I/usr/include  -fPIC -I../fdt -c rol.cc -o rol.o -MF rol.d
g++ -MMD -MP  -DPREFIX=\"/usr/local\" -Wall -Wno-nonportable-include-path -g -O2 -fPIC -std=c++2a -g -O2   -iquote . -I.. -iquote ../fesvr -iquote ../riscv -iquote ../disasm -iquote ../customext -iquote ../fdt -iquote ../softfloat -iquote ../spike_main -iquote ../spike_dasm -I/usr/include  -fPIC -I../fdt -c rolw.cc -o rolw.o -MF rolw.d
g++ -MMD -MP  -DPREFIX=\"/usr/local\" -Wall -Wno-nonportable-include-path -g -O2 -fPIC -std=c++2a -g -O2   -iquote . -I.. -iquote ../fesvr -iquote ../riscv -iquote ../disasm -iquote ../customext -iquote ../fdt -iquote ../softfloat -iquote ../spike_main -iquote ../spike_dasm -I/usr/include  -fPIC -I../fdt -c ror.cc -o ror.o -MF ror.d
g++ -MMD -MP  -DPREFIX=\"/usr/local\" -Wall -Wno-nonportable-include-path -g -O2 -fPIC -std=c++2a -g -O2   -iquote . -I.. -iquote ../fesvr -iquote ../riscv -iquote ../disasm -iquote ../customext -iquote ../fdt -iquote ../softfloat -iquote ../spike_main -iquote ../spike_dasm -I/usr/include  -fPIC -I../fdt -c rori.cc -o rori.o -MF rori.d
g++ -MMD -MP  -DPREFIX=\"/usr/local\" -Wall -Wno-nonportable-include-path -g -O2 -fPIC -std=c++2a -g -O2   -iquote . -I.. -iquote ../fesvr -iquote ../riscv -iquote ../disasm -iquote ../customext -iquote ../fdt -iquote ../softfloat -iquote ../spike_main -iquote ../spike_dasm -I/usr/include  -fPIC -I../fdt -c roriw.cc -o roriw.o -MF roriw.d
g++ -MMD -MP  -DPREFIX=\"/usr/local\" -Wall -Wno-nonportable-include-path -g -O2 -fPIC -std=c++2a -g -O2   -iquote . -I.. -iquote ../fesvr -iquote ../riscv -iquote ../disasm -iquote ../customext -iquote ../fdt -iquote ../softfloat -iquote ../spike_main -iquote ../spike_dasm -I/usr/include  -fPIC -I../fdt -c rorw.cc -o rorw.o -MF rorw.d
g++ -MMD -MP  -DPREFIX=\"/usr/local\" -Wall -Wno-nonportable-include-path -g -O2 -fPIC -std=c++2a -g -O2   -iquote . -I.. -iquote ../fesvr -iquote ../riscv -iquote ../disasm -iquote ../customext -iquote ../fdt -iquote ../softfloat -iquote ../spike_main -iquote ../spike_dasm -I/usr/include  -fPIC -I../fdt -c bclr.cc -o bclr.o -MF bclr.d
g++ -MMD -MP  -DPREFIX=\"/usr/local\" -Wall -Wno-nonportable-include-path -g -O2 -fPIC -std=c++2a -g -O2   -iquote . -I.. -iquote ../fesvr -iquote ../riscv -iquote ../disasm -iquote ../customext -iquote ../fdt -iquote ../softfloat -iquote ../spike_main -iquote ../spike_dasm -I/usr/include  -fPIC -I../fdt -c bclri.cc -o bclri.o -MF bclri.d
g++ -MMD -MP  -DPREFIX=\"/usr/local\" -Wall -Wno-nonportable-include-path -g -O2 -fPIC -std=c++2a -g -O2   -iquote . -I.. -iquote ../fesvr -iquote ../riscv -iquote ../disasm -iquote ../customext -iquote ../fdt -iquote ../softfloat -iquote ../spike_main -iquote ../spike_dasm -I/usr/include  -fPIC -I../fdt -c bext.cc -o bext.o -MF bext.d
g++ -MMD -MP  -DPREFIX=\"/usr/local\" -Wall -Wno-nonportable-include-path -g -O2 -fPIC -std=c++2a -g -O2   -iquote . -I.. -iquote ../fesvr -iquote ../riscv -iquote ../disasm -iquote ../customext -iquote ../fdt -iquote ../softfloat -iquote ../spike_main -iquote ../spike_dasm -I/usr/include  -fPIC -I../fdt -c bexti.cc -o bexti.o -MF bexti.d
g++ -MMD -MP  -DPREFIX=\"/usr/local\" -Wall -Wno-nonportable-include-path -g -O2 -fPIC -std=c++2a -g -O2   -iquote . -I.. -iquote ../fesvr -iquote ../riscv -iquote ../disasm -iquote ../customext -iquote ../fdt -iquote ../softfloat -iquote ../spike_main -iquote ../spike_dasm -I/usr/include  -fPIC -I../fdt -c binv.cc -o binv.o -MF binv.d
g++ -MMD -MP  -DPREFIX=\"/usr/local\" -Wall -Wno-nonportable-include-path -g -O2 -fPIC -std=c++2a -g -O2   -iquote . -I.. -iquote ../fesvr -iquote ../riscv -iquote ../disasm -iquote ../customext -iquote ../fdt -iquote ../softfloat -iquote ../spike_main -iquote ../spike_dasm -I/usr/include  -fPIC -I../fdt -c binvi.cc -o binvi.o -MF binvi.d
g++ -MMD -MP  -DPREFIX=\"/usr/local\" -Wall -Wno-nonportable-include-path -g -O2 -fPIC -std=c++2a -g -O2   -iquote . -I.. -iquote ../fesvr -iquote ../riscv -iquote ../disasm -iquote ../customext -iquote ../fdt -iquote ../softfloat -iquote ../spike_main -iquote ../spike_dasm -I/usr/include  -fPIC -I../fdt -c bset.cc -o bset.o -MF bset.d
g++ -MMD -MP  -DPREFIX=\"/usr/local\" -Wall -Wno-nonportable-include-path -g -O2 -fPIC -std=c++2a -g -O2   -iquote . -I.. -iquote ../fesvr -iquote ../riscv -iquote ../disasm -iquote ../customext -iquote ../fdt -iquote ../softfloat -iquote ../spike_main -iquote ../spike_dasm -I/usr/include  -fPIC -I../fdt -c bseti.cc -o bseti.o -MF bseti.d
g++ -MMD -MP  -DPREFIX=\"/usr/local\" -Wall -Wno-nonportable-include-path -g -O2 -fPIC -std=c++2a -g -O2   -iquote . -I.. -iquote ../fesvr -iquote ../riscv -iquote ../disasm -iquote ../customext -iquote ../fdt -iquote ../softfloat -iquote ../spike_main -iquote ../spike_dasm -I/usr/include  -fPIC -I../fdt -c sext_b.cc -o sext_b.o -MF sext_b.d
g++ -MMD -MP  -DPREFIX=\"/usr/local\" -Wall -Wno-nonportable-include-path -g -O2 -fPIC -std=c++2a -g -O2   -iquote . -I.. -iquote ../fesvr -iquote ../riscv -iquote ../disasm -iquote ../customext -iquote ../fdt -iquote ../softfloat -iquote ../spike_main -iquote ../spike_dasm -I/usr/include  -fPIC -I../fdt -c sext_h.cc -o sext_h.o -MF sext_h.d
g++ -MMD -MP  -DPREFIX=\"/usr/local\" -Wall -Wno-nonportable-include-path -g -O2 -fPIC -std=c++2a -g -O2   -iquote . -I.. -iquote ../fesvr -iquote ../riscv -iquote ../disasm -iquote ../customext -iquote ../fdt -iquote ../softfloat -iquote ../spike_main -iquote ../spike_dasm -I/usr/include  -fPIC -I../fdt -c zip.cc -o zip.o -MF zip.d
g++ -MMD -MP  -DPREFIX=\"/usr/local\" -Wall -Wno-nonportable-include-path -g -O2 -fPIC -std=c++2a -g -O2   -iquote . -I.. -iquote ../fesvr -iquote ../riscv -iquote ../disasm -iquote ../customext -iquote ../fdt -iquote ../softfloat -iquote ../spike_main -iquote ../spike_dasm -I/usr/include  -fPIC -I../fdt -c slli_uw.cc -o slli_uw.o -MF slli_uw.d
g++ -MMD -MP  -DPREFIX=\"/usr/local\" -Wall -Wno-nonportable-include-path -g -O2 -fPIC -std=c++2a -g -O2   -iquote . -I.. -iquote ../fesvr -iquote ../riscv -iquote ../disasm -iquote ../customext -iquote ../fdt -iquote ../softfloat -iquote ../spike_main -iquote ../spike_dasm -I/usr/include  -fPIC -I../fdt -c unzip.cc -o unzip.o -MF unzip.d
g++ -MMD -MP  -DPREFIX=\"/usr/local\" -Wall -Wno-nonportable-include-path -g -O2 -fPIC -std=c++2a -g -O2   -iquote . -I.. -iquote ../fesvr -iquote ../riscv -iquote ../disasm -iquote ../customext -iquote ../fdt -iquote ../softfloat -iquote ../spike_main -iquote ../spike_dasm -I/usr/include  -fPIC -I../fdt -c xnor.cc -o xnor.o -MF xnor.d
g++ -MMD -MP  -DPREFIX=\"/usr/local\" -Wall -Wno-nonportable-include-path -g -O2 -fPIC -std=c++2a -g -O2   -iquote . -I.. -iquote ../fesvr -iquote ../riscv -iquote ../disasm -iquote ../customext -iquote ../fdt -iquote ../softfloat -iquote ../spike_main -iquote ../spike_dasm -I/usr/include  -fPIC -I../fdt -c xperm4.cc -o xperm4.o -MF xperm4.d
g++ -MMD -MP  -DPREFIX=\"/usr/local\" -Wall -Wno-nonportable-include-path -g -O2 -fPIC -std=c++2a -g -O2   -iquote . -I.. -iquote ../fesvr -iquote ../riscv -iquote ../disasm -iquote ../customext -iquote ../fdt -iquote ../softfloat -iquote ../spike_main -iquote ../spike_dasm -I/usr/include  -fPIC -I../fdt -c xperm8.cc -o xperm8.o -MF xperm8.d
g++ -MMD -MP  -DPREFIX=\"/usr/local\" -Wall -Wno-nonportable-include-path -g -O2 -fPIC -std=c++2a -g -O2   -iquote . -I.. -iquote ../fesvr -iquote ../riscv -iquote ../disasm -iquote ../customext -iquote ../fdt -iquote ../softfloat -iquote ../spike_main -iquote ../spike_dasm -I/usr/include  -fPIC -I../fdt -c amoadd_d.cc -o amoadd_d.o -MF amoadd_d.d
g++ -MMD -MP  -DPREFIX=\"/usr/local\" -Wall -Wno-nonportable-include-path -g -O2 -fPIC -std=c++2a -g -O2   -iquote . -I.. -iquote ../fesvr -iquote ../riscv -iquote ../disasm -iquote ../customext -iquote ../fdt -iquote ../softfloat -iquote ../spike_main -iquote ../spike_dasm -I/usr/include  -fPIC -I../fdt -c amoadd_w.cc -o amoadd_w.o -MF amoadd_w.d
g++ -MMD -MP  -DPREFIX=\"/usr/local\" -Wall -Wno-nonportable-include-path -g -O2 -fPIC -std=c++2a -g -O2   -iquote . -I.. -iquote ../fesvr -iquote ../riscv -iquote ../disasm -iquote ../customext -iquote ../fdt -iquote ../softfloat -iquote ../spike_main -iquote ../spike_dasm -I/usr/include  -fPIC -I../fdt -c amoand_d.cc -o amoand_d.o -MF amoand_d.d
g++ -MMD -MP  -DPREFIX=\"/usr/local\" -Wall -Wno-nonportable-include-path -g -O2 -fPIC -std=c++2a -g -O2   -iquote . -I.. -iquote ../fesvr -iquote ../riscv -iquote ../disasm -iquote ../customext -iquote ../fdt -iquote ../softfloat -iquote ../spike_main -iquote ../spike_dasm -I/usr/include  -fPIC -I../fdt -c amoand_w.cc -o amoand_w.o -MF amoand_w.d
g++ -MMD -MP  -DPREFIX=\"/usr/local\" -Wall -Wno-nonportable-include-path -g -O2 -fPIC -std=c++2a -g -O2   -iquote . -I.. -iquote ../fesvr -iquote ../riscv -iquote ../disasm -iquote ../customext -iquote ../fdt -iquote ../softfloat -iquote ../spike_main -iquote ../spike_dasm -I/usr/include  -fPIC -I../fdt -c amomax_d.cc -o amomax_d.o -MF amomax_d.d
g++ -MMD -MP  -DPREFIX=\"/usr/local\" -Wall -Wno-nonportable-include-path -g -O2 -fPIC -std=c++2a -g -O2   -iquote . -I.. -iquote ../fesvr -iquote ../riscv -iquote ../disasm -iquote ../customext -iquote ../fdt -iquote ../softfloat -iquote ../spike_main -iquote ../spike_dasm -I/usr/include  -fPIC -I../fdt -c amomaxu_d.cc -o amomaxu_d.o -MF amomaxu_d.d
g++ -MMD -MP  -DPREFIX=\"/usr/local\" -Wall -Wno-nonportable-include-path -g -O2 -fPIC -std=c++2a -g -O2   -iquote . -I.. -iquote ../fesvr -iquote ../riscv -iquote ../disasm -iquote ../customext -iquote ../fdt -iquote ../softfloat -iquote ../spike_main -iquote ../spike_dasm -I/usr/include  -fPIC -I../fdt -c amomaxu_w.cc -o amomaxu_w.o -MF amomaxu_w.d
g++ -MMD -MP  -DPREFIX=\"/usr/local\" -Wall -Wno-nonportable-include-path -g -O2 -fPIC -std=c++2a -g -O2   -iquote . -I.. -iquote ../fesvr -iquote ../riscv -iquote ../disasm -iquote ../customext -iquote ../fdt -iquote ../softfloat -iquote ../spike_main -iquote ../spike_dasm -I/usr/include  -fPIC -I../fdt -c amomax_w.cc -o amomax_w.o -MF amomax_w.d
g++ -MMD -MP  -DPREFIX=\"/usr/local\" -Wall -Wno-nonportable-include-path -g -O2 -fPIC -std=c++2a -g -O2   -iquote . -I.. -iquote ../fesvr -iquote ../riscv -iquote ../disasm -iquote ../customext -iquote ../fdt -iquote ../softfloat -iquote ../spike_main -iquote ../spike_dasm -I/usr/include  -fPIC -I../fdt -c amomin_d.cc -o amomin_d.o -MF amomin_d.d
g++ -MMD -MP  -DPREFIX=\"/usr/local\" -Wall -Wno-nonportable-include-path -g -O2 -fPIC -std=c++2a -g -O2   -iquote . -I.. -iquote ../fesvr -iquote ../riscv -iquote ../disasm -iquote ../customext -iquote ../fdt -iquote ../softfloat -iquote ../spike_main -iquote ../spike_dasm -I/usr/include  -fPIC -I../fdt -c amominu_d.cc -o amominu_d.o -MF amominu_d.d
g++ -MMD -MP  -DPREFIX=\"/usr/local\" -Wall -Wno-nonportable-include-path -g -O2 -fPIC -std=c++2a -g -O2   -iquote . -I.. -iquote ../fesvr -iquote ../riscv -iquote ../disasm -iquote ../customext -iquote ../fdt -iquote ../softfloat -iquote ../spike_main -iquote ../spike_dasm -I/usr/include  -fPIC -I../fdt -c amominu_w.cc -o amominu_w.o -MF amominu_w.d
g++ -MMD -MP  -DPREFIX=\"/usr/local\" -Wall -Wno-nonportable-include-path -g -O2 -fPIC -std=c++2a -g -O2   -iquote . -I.. -iquote ../fesvr -iquote ../riscv -iquote ../disasm -iquote ../customext -iquote ../fdt -iquote ../softfloat -iquote ../spike_main -iquote ../spike_dasm -I/usr/include  -fPIC -I../fdt -c amomin_w.cc -o amomin_w.o -MF amomin_w.d
g++ -MMD -MP  -DPREFIX=\"/usr/local\" -Wall -Wno-nonportable-include-path -g -O2 -fPIC -std=c++2a -g -O2   -iquote . -I.. -iquote ../fesvr -iquote ../riscv -iquote ../disasm -iquote ../customext -iquote ../fdt -iquote ../softfloat -iquote ../spike_main -iquote ../spike_dasm -I/usr/include  -fPIC -I../fdt -c amoor_d.cc -o amoor_d.o -MF amoor_d.d
g++ -MMD -MP  -DPREFIX=\"/usr/local\" -Wall -Wno-nonportable-include-path -g -O2 -fPIC -std=c++2a -g -O2   -iquote . -I.. -iquote ../fesvr -iquote ../riscv -iquote ../disasm -iquote ../customext -iquote ../fdt -iquote ../softfloat -iquote ../spike_main -iquote ../spike_dasm -I/usr/include  -fPIC -I../fdt -c amoor_w.cc -o amoor_w.o -MF amoor_w.d
g++ -MMD -MP  -DPREFIX=\"/usr/local\" -Wall -Wno-nonportable-include-path -g -O2 -fPIC -std=c++2a -g -O2   -iquote . -I.. -iquote ../fesvr -iquote ../riscv -iquote ../disasm -iquote ../customext -iquote ../fdt -iquote ../softfloat -iquote ../spike_main -iquote ../spike_dasm -I/usr/include  -fPIC -I../fdt -c amoswap_d.cc -o amoswap_d.o -MF amoswap_d.d
g++ -MMD -MP  -DPREFIX=\"/usr/local\" -Wall -Wno-nonportable-include-path -g -O2 -fPIC -std=c++2a -g -O2   -iquote . -I.. -iquote ../fesvr -iquote ../riscv -iquote ../disasm -iquote ../customext -iquote ../fdt -iquote ../softfloat -iquote ../spike_main -iquote ../spike_dasm -I/usr/include  -fPIC -I../fdt -c amoswap_w.cc -o amoswap_w.o -MF amoswap_w.d
g++ -MMD -MP  -DPREFIX=\"/usr/local\" -Wall -Wno-nonportable-include-path -g -O2 -fPIC -std=c++2a -g -O2   -iquote . -I.. -iquote ../fesvr -iquote ../riscv -iquote ../disasm -iquote ../customext -iquote ../fdt -iquote ../softfloat -iquote ../spike_main -iquote ../spike_dasm -I/usr/include  -fPIC -I../fdt -c amoxor_d.cc -o amoxor_d.o -MF amoxor_d.d
g++ -MMD -MP  -DPREFIX=\"/usr/local\" -Wall -Wno-nonportable-include-path -g -O2 -fPIC -std=c++2a -g -O2   -iquote . -I.. -iquote ../fesvr -iquote ../riscv -iquote ../disasm -iquote ../customext -iquote ../fdt -iquote ../softfloat -iquote ../spike_main -iquote ../spike_dasm -I/usr/include  -fPIC -I../fdt -c amoxor_w.cc -o amoxor_w.o -MF amoxor_w.d
g++ -MMD -MP  -DPREFIX=\"/usr/local\" -Wall -Wno-nonportable-include-path -g -O2 -fPIC -std=c++2a -g -O2   -iquote . -I.. -iquote ../fesvr -iquote ../riscv -iquote ../disasm -iquote ../customext -iquote ../fdt -iquote ../softfloat -iquote ../spike_main -iquote ../spike_dasm -I/usr/include  -fPIC -I../fdt -c lr_d.cc -o lr_d.o -MF lr_d.d
g++ -MMD -MP  -DPREFIX=\"/usr/local\" -Wall -Wno-nonportable-include-path -g -O2 -fPIC -std=c++2a -g -O2   -iquote . -I.. -iquote ../fesvr -iquote ../riscv -iquote ../disasm -iquote ../customext -iquote ../fdt -iquote ../softfloat -iquote ../spike_main -iquote ../spike_dasm -I/usr/include  -fPIC -I../fdt -c lr_w.cc -o lr_w.o -MF lr_w.d
g++ -MMD -MP  -DPREFIX=\"/usr/local\" -Wall -Wno-nonportable-include-path -g -O2 -fPIC -std=c++2a -g -O2   -iquote . -I.. -iquote ../fesvr -iquote ../riscv -iquote ../disasm -iquote ../customext -iquote ../fdt -iquote ../softfloat -iquote ../spike_main -iquote ../spike_dasm -I/usr/include  -fPIC -I../fdt -c sc_d.cc -o sc_d.o -MF sc_d.d
g++ -MMD -MP  -DPREFIX=\"/usr/local\" -Wall -Wno-nonportable-include-path -g -O2 -fPIC -std=c++2a -g -O2   -iquote . -I.. -iquote ../fesvr -iquote ../riscv -iquote ../disasm -iquote ../customext -iquote ../fdt -iquote ../softfloat -iquote ../spike_main -iquote ../spike_dasm -I/usr/include  -fPIC -I../fdt -c sc_w.cc -o sc_w.o -MF sc_w.d
g++ -MMD -MP  -DPREFIX=\"/usr/local\" -Wall -Wno-nonportable-include-path -g -O2 -fPIC -std=c++2a -g -O2   -iquote . -I.. -iquote ../fesvr -iquote ../riscv -iquote ../disasm -iquote ../customext -iquote ../fdt -iquote ../softfloat -iquote ../spike_main -iquote ../spike_dasm -I/usr/include  -fPIC -I../fdt -c vfadd_vf.cc -o vfadd_vf.o -MF vfadd_vf.d
g++ -MMD -MP  -DPREFIX=\"/usr/local\" -Wall -Wno-nonportable-include-path -g -O2 -fPIC -std=c++2a -g -O2   -iquote . -I.. -iquote ../fesvr -iquote ../riscv -iquote ../disasm -iquote ../customext -iquote ../fdt -iquote ../softfloat -iquote ../spike_main -iquote ../spike_dasm -I/usr/include  -fPIC -I../fdt -c vfadd_vv.cc -o vfadd_vv.o -MF vfadd_vv.d
g++ -MMD -MP  -DPREFIX=\"/usr/local\" -Wall -Wno-nonportable-include-path -g -O2 -fPIC -std=c++2a -g -O2   -iquote . -I.. -iquote ../fesvr -iquote ../riscv -iquote ../disasm -iquote ../customext -iquote ../fdt -iquote ../softfloat -iquote ../spike_main -iquote ../spike_dasm -I/usr/include  -fPIC -I../fdt -c vfclass_v.cc -o vfclass_v.o -MF vfclass_v.d
g++ -MMD -MP  -DPREFIX=\"/usr/local\" -Wall -Wno-nonportable-include-path -g -O2 -fPIC -std=c++2a -g -O2   -iquote . -I.. -iquote ../fesvr -iquote ../riscv -iquote ../disasm -iquote ../customext -iquote ../fdt -iquote ../softfloat -iquote ../spike_main -iquote ../spike_dasm -I/usr/include  -fPIC -I../fdt -c vfcvt_f_x_v.cc -o vfcvt_f_x_v.o -MF vfcvt_f_x_v.d
g++ -MMD -MP  -DPREFIX=\"/usr/local\" -Wall -Wno-nonportable-include-path -g -O2 -fPIC -std=c++2a -g -O2   -iquote . -I.. -iquote ../fesvr -iquote ../riscv -iquote ../disasm -iquote ../customext -iquote ../fdt -iquote ../softfloat -iquote ../spike_main -iquote ../spike_dasm -I/usr/include  -fPIC -I../fdt -c vfcvt_f_xu_v.cc -o vfcvt_f_xu_v.o -MF vfcvt_f_xu_v.d
g++ -MMD -MP  -DPREFIX=\"/usr/local\" -Wall -Wno-nonportable-include-path -g -O2 -fPIC -std=c++2a -g -O2   -iquote . -I.. -iquote ../fesvr -iquote ../riscv -iquote ../disasm -iquote ../customext -iquote ../fdt -iquote ../softfloat -iquote ../spike_main -iquote ../spike_dasm -I/usr/include  -fPIC -I../fdt -c vfcvt_rtz_x_f_v.cc -o vfcvt_rtz_x_f_v.o -MF vfcvt_rtz_x_f_v.d
g++ -MMD -MP  -DPREFIX=\"/usr/local\" -Wall -Wno-nonportable-include-path -g -O2 -fPIC -std=c++2a -g -O2   -iquote . -I.. -iquote ../fesvr -iquote ../riscv -iquote ../disasm -iquote ../customext -iquote ../fdt -iquote ../softfloat -iquote ../spike_main -iquote ../spike_dasm -I/usr/include  -fPIC -I../fdt -c vfcvt_rtz_xu_f_v.cc -o vfcvt_rtz_xu_f_v.o -MF vfcvt_rtz_xu_f_v.d
g++ -MMD -MP  -DPREFIX=\"/usr/local\" -Wall -Wno-nonportable-include-path -g -O2 -fPIC -std=c++2a -g -O2   -iquote . -I.. -iquote ../fesvr -iquote ../riscv -iquote ../disasm -iquote ../customext -iquote ../fdt -iquote ../softfloat -iquote ../spike_main -iquote ../spike_dasm -I/usr/include  -fPIC -I../fdt -c vfcvt_x_f_v.cc -o vfcvt_x_f_v.o -MF vfcvt_x_f_v.d
g++ -MMD -MP  -DPREFIX=\"/usr/local\" -Wall -Wno-nonportable-include-path -g -O2 -fPIC -std=c++2a -g -O2   -iquote . -I.. -iquote ../fesvr -iquote ../riscv -iquote ../disasm -iquote ../customext -iquote ../fdt -iquote ../softfloat -iquote ../spike_main -iquote ../spike_dasm -I/usr/include  -fPIC -I../fdt -c vfcvt_xu_f_v.cc -o vfcvt_xu_f_v.o -MF vfcvt_xu_f_v.d
g++ -MMD -MP  -DPREFIX=\"/usr/local\" -Wall -Wno-nonportable-include-path -g -O2 -fPIC -std=c++2a -g -O2   -iquote . -I.. -iquote ../fesvr -iquote ../riscv -iquote ../disasm -iquote ../customext -iquote ../fdt -iquote ../softfloat -iquote ../spike_main -iquote ../spike_dasm -I/usr/include  -fPIC -I../fdt -c vfdiv_vf.cc -o vfdiv_vf.o -MF vfdiv_vf.d
g++ -MMD -MP  -DPREFIX=\"/usr/local\" -Wall -Wno-nonportable-include-path -g -O2 -fPIC -std=c++2a -g -O2   -iquote . -I.. -iquote ../fesvr -iquote ../riscv -iquote ../disasm -iquote ../customext -iquote ../fdt -iquote ../softfloat -iquote ../spike_main -iquote ../spike_dasm -I/usr/include  -fPIC -I../fdt -c vfdiv_vv.cc -o vfdiv_vv.o -MF vfdiv_vv.d
g++ -MMD -MP  -DPREFIX=\"/usr/local\" -Wall -Wno-nonportable-include-path -g -O2 -fPIC -std=c++2a -g -O2   -iquote . -I.. -iquote ../fesvr -iquote ../riscv -iquote ../disasm -iquote ../customext -iquote ../fdt -iquote ../softfloat -iquote ../spike_main -iquote ../spike_dasm -I/usr/include  -fPIC -I../fdt -c vfmacc_vf.cc -o vfmacc_vf.o -MF vfmacc_vf.d
g++ -MMD -MP  -DPREFIX=\"/usr/local\" -Wall -Wno-nonportable-include-path -g -O2 -fPIC -std=c++2a -g -O2   -iquote . -I.. -iquote ../fesvr -iquote ../riscv -iquote ../disasm -iquote ../customext -iquote ../fdt -iquote ../softfloat -iquote ../spike_main -iquote ../spike_dasm -I/usr/include  -fPIC -I../fdt -c vfmacc_vv.cc -o vfmacc_vv.o -MF vfmacc_vv.d
g++ -MMD -MP  -DPREFIX=\"/usr/local\" -Wall -Wno-nonportable-include-path -g -O2 -fPIC -std=c++2a -g -O2   -iquote . -I.. -iquote ../fesvr -iquote ../riscv -iquote ../disasm -iquote ../customext -iquote ../fdt -iquote ../softfloat -iquote ../spike_main -iquote ../spike_dasm -I/usr/include  -fPIC -I../fdt -c vfmadd_vf.cc -o vfmadd_vf.o -MF vfmadd_vf.d
g++ -MMD -MP  -DPREFIX=\"/usr/local\" -Wall -Wno-nonportable-include-path -g -O2 -fPIC -std=c++2a -g -O2   -iquote . -I.. -iquote ../fesvr -iquote ../riscv -iquote ../disasm -iquote ../customext -iquote ../fdt -iquote ../softfloat -iquote ../spike_main -iquote ../spike_dasm -I/usr/include  -fPIC -I../fdt -c vfmadd_vv.cc -o vfmadd_vv.o -MF vfmadd_vv.d
g++ -MMD -MP  -DPREFIX=\"/usr/local\" -Wall -Wno-nonportable-include-path -g -O2 -fPIC -std=c++2a -g -O2   -iquote . -I.. -iquote ../fesvr -iquote ../riscv -iquote ../disasm -iquote ../customext -iquote ../fdt -iquote ../softfloat -iquote ../spike_main -iquote ../spike_dasm -I/usr/include  -fPIC -I../fdt -c vfmax_vf.cc -o vfmax_vf.o -MF vfmax_vf.d
g++ -MMD -MP  -DPREFIX=\"/usr/local\" -Wall -Wno-nonportable-include-path -g -O2 -fPIC -std=c++2a -g -O2   -iquote . -I.. -iquote ../fesvr -iquote ../riscv -iquote ../disasm -iquote ../customext -iquote ../fdt -iquote ../softfloat -iquote ../spike_main -iquote ../spike_dasm -I/usr/include  -fPIC -I../fdt -c vfmax_vv.cc -o vfmax_vv.o -MF vfmax_vv.d
g++ -MMD -MP  -DPREFIX=\"/usr/local\" -Wall -Wno-nonportable-include-path -g -O2 -fPIC -std=c++2a -g -O2   -iquote . -I.. -iquote ../fesvr -iquote ../riscv -iquote ../disasm -iquote ../customext -iquote ../fdt -iquote ../softfloat -iquote ../spike_main -iquote ../spike_dasm -I/usr/include  -fPIC -I../fdt -c vfmerge_vfm.cc -o vfmerge_vfm.o -MF vfmerge_vfm.d
g++ -MMD -MP  -DPREFIX=\"/usr/local\" -Wall -Wno-nonportable-include-path -g -O2 -fPIC -std=c++2a -g -O2   -iquote . -I.. -iquote ../fesvr -iquote ../riscv -iquote ../disasm -iquote ../customext -iquote ../fdt -iquote ../softfloat -iquote ../spike_main -iquote ../spike_dasm -I/usr/include  -fPIC -I../fdt -c vfmin_vf.cc -o vfmin_vf.o -MF vfmin_vf.d
g++ -MMD -MP  -DPREFIX=\"/usr/local\" -Wall -Wno-nonportable-include-path -g -O2 -fPIC -std=c++2a -g -O2   -iquote . -I.. -iquote ../fesvr -iquote ../riscv -iquote ../disasm -iquote ../customext -iquote ../fdt -iquote ../softfloat -iquote ../spike_main -iquote ../spike_dasm -I/usr/include  -fPIC -I../fdt -c vfmin_vv.cc -o vfmin_vv.o -MF vfmin_vv.d
g++ -MMD -MP  -DPREFIX=\"/usr/local\" -Wall -Wno-nonportable-include-path -g -O2 -fPIC -std=c++2a -g -O2   -iquote . -I.. -iquote ../fesvr -iquote ../riscv -iquote ../disasm -iquote ../customext -iquote ../fdt -iquote ../softfloat -iquote ../spike_main -iquote ../spike_dasm -I/usr/include  -fPIC -I../fdt -c vfmsac_vf.cc -o vfmsac_vf.o -MF vfmsac_vf.d
g++ -MMD -MP  -DPREFIX=\"/usr/local\" -Wall -Wno-nonportable-include-path -g -O2 -fPIC -std=c++2a -g -O2   -iquote . -I.. -iquote ../fesvr -iquote ../riscv -iquote ../disasm -iquote ../customext -iquote ../fdt -iquote ../softfloat -iquote ../spike_main -iquote ../spike_dasm -I/usr/include  -fPIC -I../fdt -c vfmsac_vv.cc -o vfmsac_vv.o -MF vfmsac_vv.d
g++ -MMD -MP  -DPREFIX=\"/usr/local\" -Wall -Wno-nonportable-include-path -g -O2 -fPIC -std=c++2a -g -O2   -iquote . -I.. -iquote ../fesvr -iquote ../riscv -iquote ../disasm -iquote ../customext -iquote ../fdt -iquote ../softfloat -iquote ../spike_main -iquote ../spike_dasm -I/usr/include  -fPIC -I../fdt -c vfmsub_vf.cc -o vfmsub_vf.o -MF vfmsub_vf.d
g++ -MMD -MP  -DPREFIX=\"/usr/local\" -Wall -Wno-nonportable-include-path -g -O2 -fPIC -std=c++2a -g -O2   -iquote . -I.. -iquote ../fesvr -iquote ../riscv -iquote ../disasm -iquote ../customext -iquote ../fdt -iquote ../softfloat -iquote ../spike_main -iquote ../spike_dasm -I/usr/include  -fPIC -I../fdt -c vfmsub_vv.cc -o vfmsub_vv.o -MF vfmsub_vv.d
g++ -MMD -MP  -DPREFIX=\"/usr/local\" -Wall -Wno-nonportable-include-path -g -O2 -fPIC -std=c++2a -g -O2   -iquote . -I.. -iquote ../fesvr -iquote ../riscv -iquote ../disasm -iquote ../customext -iquote ../fdt -iquote ../softfloat -iquote ../spike_main -iquote ../spike_dasm -I/usr/include  -fPIC -I../fdt -c vfmul_vf.cc -o vfmul_vf.o -MF vfmul_vf.d
g++ -MMD -MP  -DPREFIX=\"/usr/local\" -Wall -Wno-nonportable-include-path -g -O2 -fPIC -std=c++2a -g -O2   -iquote . -I.. -iquote ../fesvr -iquote ../riscv -iquote ../disasm -iquote ../customext -iquote ../fdt -iquote ../softfloat -iquote ../spike_main -iquote ../spike_dasm -I/usr/include  -fPIC -I../fdt -c vfmul_vv.cc -o vfmul_vv.o -MF vfmul_vv.d
g++ -MMD -MP  -DPREFIX=\"/usr/local\" -Wall -Wno-nonportable-include-path -g -O2 -fPIC -std=c++2a -g -O2   -iquote . -I.. -iquote ../fesvr -iquote ../riscv -iquote ../disasm -iquote ../customext -iquote ../fdt -iquote ../softfloat -iquote ../spike_main -iquote ../spike_dasm -I/usr/include  -fPIC -I../fdt -c vfmv_f_s.cc -o vfmv_f_s.o -MF vfmv_f_s.d
g++ -MMD -MP  -DPREFIX=\"/usr/local\" -Wall -Wno-nonportable-include-path -g -O2 -fPIC -std=c++2a -g -O2   -iquote . -I.. -iquote ../fesvr -iquote ../riscv -iquote ../disasm -iquote ../customext -iquote ../fdt -iquote ../softfloat -iquote ../spike_main -iquote ../spike_dasm -I/usr/include  -fPIC -I../fdt -c vfmv_s_f.cc -o vfmv_s_f.o -MF vfmv_s_f.d
g++ -MMD -MP  -DPREFIX=\"/usr/local\" -Wall -Wno-nonportable-include-path -g -O2 -fPIC -std=c++2a -g -O2   -iquote . -I.. -iquote ../fesvr -iquote ../riscv -iquote ../disasm -iquote ../customext -iquote ../fdt -iquote ../softfloat -iquote ../spike_main -iquote ../spike_dasm -I/usr/include  -fPIC -I../fdt -c vfmv_v_f.cc -o vfmv_v_f.o -MF vfmv_v_f.d
g++ -MMD -MP  -DPREFIX=\"/usr/local\" -Wall -Wno-nonportable-include-path -g -O2 -fPIC -std=c++2a -g -O2   -iquote . -I.. -iquote ../fesvr -iquote ../riscv -iquote ../disasm -iquote ../customext -iquote ../fdt -iquote ../softfloat -iquote ../spike_main -iquote ../spike_dasm -I/usr/include  -fPIC -I../fdt -c vfncvt_f_f_w.cc -o vfncvt_f_f_w.o -MF vfncvt_f_f_w.d
g++ -MMD -MP  -DPREFIX=\"/usr/local\" -Wall -Wno-nonportable-include-path -g -O2 -fPIC -std=c++2a -g -O2   -iquote . -I.. -iquote ../fesvr -iquote ../riscv -iquote ../disasm -iquote ../customext -iquote ../fdt -iquote ../softfloat -iquote ../spike_main -iquote ../spike_dasm -I/usr/include  -fPIC -I../fdt -c vfncvt_f_x_w.cc -o vfncvt_f_x_w.o -MF vfncvt_f_x_w.d
g++ -MMD -MP  -DPREFIX=\"/usr/local\" -Wall -Wno-nonportable-include-path -g -O2 -fPIC -std=c++2a -g -O2   -iquote . -I.. -iquote ../fesvr -iquote ../riscv -iquote ../disasm -iquote ../customext -iquote ../fdt -iquote ../softfloat -iquote ../spike_main -iquote ../spike_dasm -I/usr/include  -fPIC -I../fdt -c vfncvt_f_xu_w.cc -o vfncvt_f_xu_w.o -MF vfncvt_f_xu_w.d
g++ -MMD -MP  -DPREFIX=\"/usr/local\" -Wall -Wno-nonportable-include-path -g -O2 -fPIC -std=c++2a -g -O2   -iquote . -I.. -iquote ../fesvr -iquote ../riscv -iquote ../disasm -iquote ../customext -iquote ../fdt -iquote ../softfloat -iquote ../spike_main -iquote ../spike_dasm -I/usr/include  -fPIC -I../fdt -c vfncvt_rod_f_f_w.cc -o vfncvt_rod_f_f_w.o -MF vfncvt_rod_f_f_w.d
g++ -MMD -MP  -DPREFIX=\"/usr/local\" -Wall -Wno-nonportable-include-path -g -O2 -fPIC -std=c++2a -g -O2   -iquote . -I.. -iquote ../fesvr -iquote ../riscv -iquote ../disasm -iquote ../customext -iquote ../fdt -iquote ../softfloat -iquote ../spike_main -iquote ../spike_dasm -I/usr/include  -fPIC -I../fdt -c vfncvt_rtz_x_f_w.cc -o vfncvt_rtz_x_f_w.o -MF vfncvt_rtz_x_f_w.d
g++ -MMD -MP  -DPREFIX=\"/usr/local\" -Wall -Wno-nonportable-include-path -g -O2 -fPIC -std=c++2a -g -O2   -iquote . -I.. -iquote ../fesvr -iquote ../riscv -iquote ../disasm -iquote ../customext -iquote ../fdt -iquote ../softfloat -iquote ../spike_main -iquote ../spike_dasm -I/usr/include  -fPIC -I../fdt -c vfncvt_rtz_xu_f_w.cc -o vfncvt_rtz_xu_f_w.o -MF vfncvt_rtz_xu_f_w.d
g++ -MMD -MP  -DPREFIX=\"/usr/local\" -Wall -Wno-nonportable-include-path -g -O2 -fPIC -std=c++2a -g -O2   -iquote . -I.. -iquote ../fesvr -iquote ../riscv -iquote ../disasm -iquote ../customext -iquote ../fdt -iquote ../softfloat -iquote ../spike_main -iquote ../spike_dasm -I/usr/include  -fPIC -I../fdt -c vfncvt_x_f_w.cc -o vfncvt_x_f_w.o -MF vfncvt_x_f_w.d
g++ -MMD -MP  -DPREFIX=\"/usr/local\" -Wall -Wno-nonportable-include-path -g -O2 -fPIC -std=c++2a -g -O2   -iquote . -I.. -iquote ../fesvr -iquote ../riscv -iquote ../disasm -iquote ../customext -iquote ../fdt -iquote ../softfloat -iquote ../spike_main -iquote ../spike_dasm -I/usr/include  -fPIC -I../fdt -c vfncvt_xu_f_w.cc -o vfncvt_xu_f_w.o -MF vfncvt_xu_f_w.d
g++ -MMD -MP  -DPREFIX=\"/usr/local\" -Wall -Wno-nonportable-include-path -g -O2 -fPIC -std=c++2a -g -O2   -iquote . -I.. -iquote ../fesvr -iquote ../riscv -iquote ../disasm -iquote ../customext -iquote ../fdt -iquote ../softfloat -iquote ../spike_main -iquote ../spike_dasm -I/usr/include  -fPIC -I../fdt -c vfnmacc_vf.cc -o vfnmacc_vf.o -MF vfnmacc_vf.d
g++ -MMD -MP  -DPREFIX=\"/usr/local\" -Wall -Wno-nonportable-include-path -g -O2 -fPIC -std=c++2a -g -O2   -iquote . -I.. -iquote ../fesvr -iquote ../riscv -iquote ../disasm -iquote ../customext -iquote ../fdt -iquote ../softfloat -iquote ../spike_main -iquote ../spike_dasm -I/usr/include  -fPIC -I../fdt -c vfnmacc_vv.cc -o vfnmacc_vv.o -MF vfnmacc_vv.d
g++ -MMD -MP  -DPREFIX=\"/usr/local\" -Wall -Wno-nonportable-include-path -g -O2 -fPIC -std=c++2a -g -O2   -iquote . -I.. -iquote ../fesvr -iquote ../riscv -iquote ../disasm -iquote ../customext -iquote ../fdt -iquote ../softfloat -iquote ../spike_main -iquote ../spike_dasm -I/usr/include  -fPIC -I../fdt -c vfnmadd_vf.cc -o vfnmadd_vf.o -MF vfnmadd_vf.d
g++ -MMD -MP  -DPREFIX=\"/usr/local\" -Wall -Wno-nonportable-include-path -g -O2 -fPIC -std=c++2a -g -O2   -iquote . -I.. -iquote ../fesvr -iquote ../riscv -iquote ../disasm -iquote ../customext -iquote ../fdt -iquote ../softfloat -iquote ../spike_main -iquote ../spike_dasm -I/usr/include  -fPIC -I../fdt -c vfnmadd_vv.cc -o vfnmadd_vv.o -MF vfnmadd_vv.d
g++ -MMD -MP  -DPREFIX=\"/usr/local\" -Wall -Wno-nonportable-include-path -g -O2 -fPIC -std=c++2a -g -O2   -iquote . -I.. -iquote ../fesvr -iquote ../riscv -iquote ../disasm -iquote ../customext -iquote ../fdt -iquote ../softfloat -iquote ../spike_main -iquote ../spike_dasm -I/usr/include  -fPIC -I../fdt -c vfnmsac_vf.cc -o vfnmsac_vf.o -MF vfnmsac_vf.d
g++ -MMD -MP  -DPREFIX=\"/usr/local\" -Wall -Wno-nonportable-include-path -g -O2 -fPIC -std=c++2a -g -O2   -iquote . -I.. -iquote ../fesvr -iquote ../riscv -iquote ../disasm -iquote ../customext -iquote ../fdt -iquote ../softfloat -iquote ../spike_main -iquote ../spike_dasm -I/usr/include  -fPIC -I../fdt -c vfnmsac_vv.cc -o vfnmsac_vv.o -MF vfnmsac_vv.d
g++ -MMD -MP  -DPREFIX=\"/usr/local\" -Wall -Wno-nonportable-include-path -g -O2 -fPIC -std=c++2a -g -O2   -iquote . -I.. -iquote ../fesvr -iquote ../riscv -iquote ../disasm -iquote ../customext -iquote ../fdt -iquote ../softfloat -iquote ../spike_main -iquote ../spike_dasm -I/usr/include  -fPIC -I../fdt -c vfnmsub_vf.cc -o vfnmsub_vf.o -MF vfnmsub_vf.d
g++ -MMD -MP  -DPREFIX=\"/usr/local\" -Wall -Wno-nonportable-include-path -g -O2 -fPIC -std=c++2a -g -O2   -iquote . -I.. -iquote ../fesvr -iquote ../riscv -iquote ../disasm -iquote ../customext -iquote ../fdt -iquote ../softfloat -iquote ../spike_main -iquote ../spike_dasm -I/usr/include  -fPIC -I../fdt -c vfnmsub_vv.cc -o vfnmsub_vv.o -MF vfnmsub_vv.d
g++ -MMD -MP  -DPREFIX=\"/usr/local\" -Wall -Wno-nonportable-include-path -g -O2 -fPIC -std=c++2a -g -O2   -iquote . -I.. -iquote ../fesvr -iquote ../riscv -iquote ../disasm -iquote ../customext -iquote ../fdt -iquote ../softfloat -iquote ../spike_main -iquote ../spike_dasm -I/usr/include  -fPIC -I../fdt -c vfrdiv_vf.cc -o vfrdiv_vf.o -MF vfrdiv_vf.d
g++ -MMD -MP  -DPREFIX=\"/usr/local\" -Wall -Wno-nonportable-include-path -g -O2 -fPIC -std=c++2a -g -O2   -iquote . -I.. -iquote ../fesvr -iquote ../riscv -iquote ../disasm -iquote ../customext -iquote ../fdt -iquote ../softfloat -iquote ../spike_main -iquote ../spike_dasm -I/usr/include  -fPIC -I../fdt -c vfredmax_vs.cc -o vfredmax_vs.o -MF vfredmax_vs.d
g++ -MMD -MP  -DPREFIX=\"/usr/local\" -Wall -Wno-nonportable-include-path -g -O2 -fPIC -std=c++2a -g -O2   -iquote . -I.. -iquote ../fesvr -iquote ../riscv -iquote ../disasm -iquote ../customext -iquote ../fdt -iquote ../softfloat -iquote ../spike_main -iquote ../spike_dasm -I/usr/include  -fPIC -I../fdt -c vfredmin_vs.cc -o vfredmin_vs.o -MF vfredmin_vs.d
g++ -MMD -MP  -DPREFIX=\"/usr/local\" -Wall -Wno-nonportable-include-path -g -O2 -fPIC -std=c++2a -g -O2   -iquote . -I.. -iquote ../fesvr -iquote ../riscv -iquote ../disasm -iquote ../customext -iquote ../fdt -iquote ../softfloat -iquote ../spike_main -iquote ../spike_dasm -I/usr/include  -fPIC -I../fdt -c vfredosum_vs.cc -o vfredosum_vs.o -MF vfredosum_vs.d
g++ -MMD -MP  -DPREFIX=\"/usr/local\" -Wall -Wno-nonportable-include-path -g -O2 -fPIC -std=c++2a -g -O2   -iquote . -I.. -iquote ../fesvr -iquote ../riscv -iquote ../disasm -iquote ../customext -iquote ../fdt -iquote ../softfloat -iquote ../spike_main -iquote ../spike_dasm -I/usr/include  -fPIC -I../fdt -c vfredusum_vs.cc -o vfredusum_vs.o -MF vfredusum_vs.d
g++ -MMD -MP  -DPREFIX=\"/usr/local\" -Wall -Wno-nonportable-include-path -g -O2 -fPIC -std=c++2a -g -O2   -iquote . -I.. -iquote ../fesvr -iquote ../riscv -iquote ../disasm -iquote ../customext -iquote ../fdt -iquote ../softfloat -iquote ../spike_main -iquote ../spike_dasm -I/usr/include  -fPIC -I../fdt -c vfrec7_v.cc -o vfrec7_v.o -MF vfrec7_v.d
g++ -MMD -MP  -DPREFIX=\"/usr/local\" -Wall -Wno-nonportable-include-path -g -O2 -fPIC -std=c++2a -g -O2   -iquote . -I.. -iquote ../fesvr -iquote ../riscv -iquote ../disasm -iquote ../customext -iquote ../fdt -iquote ../softfloat -iquote ../spike_main -iquote ../spike_dasm -I/usr/include  -fPIC -I../fdt -c vfrsub_vf.cc -o vfrsub_vf.o -MF vfrsub_vf.d
g++ -MMD -MP  -DPREFIX=\"/usr/local\" -Wall -Wno-nonportable-include-path -g -O2 -fPIC -std=c++2a -g -O2   -iquote . -I.. -iquote ../fesvr -iquote ../riscv -iquote ../disasm -iquote ../customext -iquote ../fdt -iquote ../softfloat -iquote ../spike_main -iquote ../spike_dasm -I/usr/include  -fPIC -I../fdt -c vfrsqrt7_v.cc -o vfrsqrt7_v.o -MF vfrsqrt7_v.d
g++ -MMD -MP  -DPREFIX=\"/usr/local\" -Wall -Wno-nonportable-include-path -g -O2 -fPIC -std=c++2a -g -O2   -iquote . -I.. -iquote ../fesvr -iquote ../riscv -iquote ../disasm -iquote ../customext -iquote ../fdt -iquote ../softfloat -iquote ../spike_main -iquote ../spike_dasm -I/usr/include  -fPIC -I../fdt -c vfsgnj_vf.cc -o vfsgnj_vf.o -MF vfsgnj_vf.d
g++ -MMD -MP  -DPREFIX=\"/usr/local\" -Wall -Wno-nonportable-include-path -g -O2 -fPIC -std=c++2a -g -O2   -iquote . -I.. -iquote ../fesvr -iquote ../riscv -iquote ../disasm -iquote ../customext -iquote ../fdt -iquote ../softfloat -iquote ../spike_main -iquote ../spike_dasm -I/usr/include  -fPIC -I../fdt -c vfsgnj_vv.cc -o vfsgnj_vv.o -MF vfsgnj_vv.d
g++ -MMD -MP  -DPREFIX=\"/usr/local\" -Wall -Wno-nonportable-include-path -g -O2 -fPIC -std=c++2a -g -O2   -iquote . -I.. -iquote ../fesvr -iquote ../riscv -iquote ../disasm -iquote ../customext -iquote ../fdt -iquote ../softfloat -iquote ../spike_main -iquote ../spike_dasm -I/usr/include  -fPIC -I../fdt -c vfsgnjn_vf.cc -o vfsgnjn_vf.o -MF vfsgnjn_vf.d
g++ -MMD -MP  -DPREFIX=\"/usr/local\" -Wall -Wno-nonportable-include-path -g -O2 -fPIC -std=c++2a -g -O2   -iquote . -I.. -iquote ../fesvr -iquote ../riscv -iquote ../disasm -iquote ../customext -iquote ../fdt -iquote ../softfloat -iquote ../spike_main -iquote ../spike_dasm -I/usr/include  -fPIC -I../fdt -c vfsgnjn_vv.cc -o vfsgnjn_vv.o -MF vfsgnjn_vv.d
g++ -MMD -MP  -DPREFIX=\"/usr/local\" -Wall -Wno-nonportable-include-path -g -O2 -fPIC -std=c++2a -g -O2   -iquote . -I.. -iquote ../fesvr -iquote ../riscv -iquote ../disasm -iquote ../customext -iquote ../fdt -iquote ../softfloat -iquote ../spike_main -iquote ../spike_dasm -I/usr/include  -fPIC -I../fdt -c vfsgnjx_vf.cc -o vfsgnjx_vf.o -MF vfsgnjx_vf.d
g++ -MMD -MP  -DPREFIX=\"/usr/local\" -Wall -Wno-nonportable-include-path -g -O2 -fPIC -std=c++2a -g -O2   -iquote . -I.. -iquote ../fesvr -iquote ../riscv -iquote ../disasm -iquote ../customext -iquote ../fdt -iquote ../softfloat -iquote ../spike_main -iquote ../spike_dasm -I/usr/include  -fPIC -I../fdt -c vfsgnjx_vv.cc -o vfsgnjx_vv.o -MF vfsgnjx_vv.d
g++ -MMD -MP  -DPREFIX=\"/usr/local\" -Wall -Wno-nonportable-include-path -g -O2 -fPIC -std=c++2a -g -O2   -iquote . -I.. -iquote ../fesvr -iquote ../riscv -iquote ../disasm -iquote ../customext -iquote ../fdt -iquote ../softfloat -iquote ../spike_main -iquote ../spike_dasm -I/usr/include  -fPIC -I../fdt -c vfsqrt_v.cc -o vfsqrt_v.o -MF vfsqrt_v.d
g++ -MMD -MP  -DPREFIX=\"/usr/local\" -Wall -Wno-nonportable-include-path -g -O2 -fPIC -std=c++2a -g -O2   -iquote . -I.. -iquote ../fesvr -iquote ../riscv -iquote ../disasm -iquote ../customext -iquote ../fdt -iquote ../softfloat -iquote ../spike_main -iquote ../spike_dasm -I/usr/include  -fPIC -I../fdt -c vfslide1down_vf.cc -o vfslide1down_vf.o -MF vfslide1down_vf.d
g++ -MMD -MP  -DPREFIX=\"/usr/local\" -Wall -Wno-nonportable-include-path -g -O2 -fPIC -std=c++2a -g -O2   -iquote . -I.. -iquote ../fesvr -iquote ../riscv -iquote ../disasm -iquote ../customext -iquote ../fdt -iquote ../softfloat -iquote ../spike_main -iquote ../spike_dasm -I/usr/include  -fPIC -I../fdt -c vfslide1up_vf.cc -o vfslide1up_vf.o -MF vfslide1up_vf.d
g++ -MMD -MP  -DPREFIX=\"/usr/local\" -Wall -Wno-nonportable-include-path -g -O2 -fPIC -std=c++2a -g -O2   -iquote . -I.. -iquote ../fesvr -iquote ../riscv -iquote ../disasm -iquote ../customext -iquote ../fdt -iquote ../softfloat -iquote ../spike_main -iquote ../spike_dasm -I/usr/include  -fPIC -I../fdt -c vfsub_vf.cc -o vfsub_vf.o -MF vfsub_vf.d
g++ -MMD -MP  -DPREFIX=\"/usr/local\" -Wall -Wno-nonportable-include-path -g -O2 -fPIC -std=c++2a -g -O2   -iquote . -I.. -iquote ../fesvr -iquote ../riscv -iquote ../disasm -iquote ../customext -iquote ../fdt -iquote ../softfloat -iquote ../spike_main -iquote ../spike_dasm -I/usr/include  -fPIC -I../fdt -c vfsub_vv.cc -o vfsub_vv.o -MF vfsub_vv.d
g++ -MMD -MP  -DPREFIX=\"/usr/local\" -Wall -Wno-nonportable-include-path -g -O2 -fPIC -std=c++2a -g -O2   -iquote . -I.. -iquote ../fesvr -iquote ../riscv -iquote ../disasm -iquote ../customext -iquote ../fdt -iquote ../softfloat -iquote ../spike_main -iquote ../spike_dasm -I/usr/include  -fPIC -I../fdt -c vfwadd_vf.cc -o vfwadd_vf.o -MF vfwadd_vf.d
g++ -MMD -MP  -DPREFIX=\"/usr/local\" -Wall -Wno-nonportable-include-path -g -O2 -fPIC -std=c++2a -g -O2   -iquote . -I.. -iquote ../fesvr -iquote ../riscv -iquote ../disasm -iquote ../customext -iquote ../fdt -iquote ../softfloat -iquote ../spike_main -iquote ../spike_dasm -I/usr/include  -fPIC -I../fdt -c vfwadd_vv.cc -o vfwadd_vv.o -MF vfwadd_vv.d
g++ -MMD -MP  -DPREFIX=\"/usr/local\" -Wall -Wno-nonportable-include-path -g -O2 -fPIC -std=c++2a -g -O2   -iquote . -I.. -iquote ../fesvr -iquote ../riscv -iquote ../disasm -iquote ../customext -iquote ../fdt -iquote ../softfloat -iquote ../spike_main -iquote ../spike_dasm -I/usr/include  -fPIC -I../fdt -c vfwadd_wf.cc -o vfwadd_wf.o -MF vfwadd_wf.d
g++ -MMD -MP  -DPREFIX=\"/usr/local\" -Wall -Wno-nonportable-include-path -g -O2 -fPIC -std=c++2a -g -O2   -iquote . -I.. -iquote ../fesvr -iquote ../riscv -iquote ../disasm -iquote ../customext -iquote ../fdt -iquote ../softfloat -iquote ../spike_main -iquote ../spike_dasm -I/usr/include  -fPIC -I../fdt -c vfwadd_wv.cc -o vfwadd_wv.o -MF vfwadd_wv.d
g++ -MMD -MP  -DPREFIX=\"/usr/local\" -Wall -Wno-nonportable-include-path -g -O2 -fPIC -std=c++2a -g -O2   -iquote . -I.. -iquote ../fesvr -iquote ../riscv -iquote ../disasm -iquote ../customext -iquote ../fdt -iquote ../softfloat -iquote ../spike_main -iquote ../spike_dasm -I/usr/include  -fPIC -I../fdt -c vfwcvt_f_f_v.cc -o vfwcvt_f_f_v.o -MF vfwcvt_f_f_v.d
g++ -MMD -MP  -DPREFIX=\"/usr/local\" -Wall -Wno-nonportable-include-path -g -O2 -fPIC -std=c++2a -g -O2   -iquote . -I.. -iquote ../fesvr -iquote ../riscv -iquote ../disasm -iquote ../customext -iquote ../fdt -iquote ../softfloat -iquote ../spike_main -iquote ../spike_dasm -I/usr/include  -fPIC -I../fdt -c vfwcvt_f_x_v.cc -o vfwcvt_f_x_v.o -MF vfwcvt_f_x_v.d
g++ -MMD -MP  -DPREFIX=\"/usr/local\" -Wall -Wno-nonportable-include-path -g -O2 -fPIC -std=c++2a -g -O2   -iquote . -I.. -iquote ../fesvr -iquote ../riscv -iquote ../disasm -iquote ../customext -iquote ../fdt -iquote ../softfloat -iquote ../spike_main -iquote ../spike_dasm -I/usr/include  -fPIC -I../fdt -c vfwcvt_f_xu_v.cc -o vfwcvt_f_xu_v.o -MF vfwcvt_f_xu_v.d
g++ -MMD -MP  -DPREFIX=\"/usr/local\" -Wall -Wno-nonportable-include-path -g -O2 -fPIC -std=c++2a -g -O2   -iquote . -I.. -iquote ../fesvr -iquote ../riscv -iquote ../disasm -iquote ../customext -iquote ../fdt -iquote ../softfloat -iquote ../spike_main -iquote ../spike_dasm -I/usr/include  -fPIC -I../fdt -c vfwcvt_rtz_x_f_v.cc -o vfwcvt_rtz_x_f_v.o -MF vfwcvt_rtz_x_f_v.d
g++ -MMD -MP  -DPREFIX=\"/usr/local\" -Wall -Wno-nonportable-include-path -g -O2 -fPIC -std=c++2a -g -O2   -iquote . -I.. -iquote ../fesvr -iquote ../riscv -iquote ../disasm -iquote ../customext -iquote ../fdt -iquote ../softfloat -iquote ../spike_main -iquote ../spike_dasm -I/usr/include  -fPIC -I../fdt -c vfwcvt_rtz_xu_f_v.cc -o vfwcvt_rtz_xu_f_v.o -MF vfwcvt_rtz_xu_f_v.d
g++ -MMD -MP  -DPREFIX=\"/usr/local\" -Wall -Wno-nonportable-include-path -g -O2 -fPIC -std=c++2a -g -O2   -iquote . -I.. -iquote ../fesvr -iquote ../riscv -iquote ../disasm -iquote ../customext -iquote ../fdt -iquote ../softfloat -iquote ../spike_main -iquote ../spike_dasm -I/usr/include  -fPIC -I../fdt -c vfwcvt_x_f_v.cc -o vfwcvt_x_f_v.o -MF vfwcvt_x_f_v.d
g++ -MMD -MP  -DPREFIX=\"/usr/local\" -Wall -Wno-nonportable-include-path -g -O2 -fPIC -std=c++2a -g -O2   -iquote . -I.. -iquote ../fesvr -iquote ../riscv -iquote ../disasm -iquote ../customext -iquote ../fdt -iquote ../softfloat -iquote ../spike_main -iquote ../spike_dasm -I/usr/include  -fPIC -I../fdt -c vfwcvt_xu_f_v.cc -o vfwcvt_xu_f_v.o -MF vfwcvt_xu_f_v.d
g++ -MMD -MP  -DPREFIX=\"/usr/local\" -Wall -Wno-nonportable-include-path -g -O2 -fPIC -std=c++2a -g -O2   -iquote . -I.. -iquote ../fesvr -iquote ../riscv -iquote ../disasm -iquote ../customext -iquote ../fdt -iquote ../softfloat -iquote ../spike_main -iquote ../spike_dasm -I/usr/include  -fPIC -I../fdt -c vfwmacc_vf.cc -o vfwmacc_vf.o -MF vfwmacc_vf.d
g++ -MMD -MP  -DPREFIX=\"/usr/local\" -Wall -Wno-nonportable-include-path -g -O2 -fPIC -std=c++2a -g -O2   -iquote . -I.. -iquote ../fesvr -iquote ../riscv -iquote ../disasm -iquote ../customext -iquote ../fdt -iquote ../softfloat -iquote ../spike_main -iquote ../spike_dasm -I/usr/include  -fPIC -I../fdt -c vfwmacc_vv.cc -o vfwmacc_vv.o -MF vfwmacc_vv.d
g++ -MMD -MP  -DPREFIX=\"/usr/local\" -Wall -Wno-nonportable-include-path -g -O2 -fPIC -std=c++2a -g -O2   -iquote . -I.. -iquote ../fesvr -iquote ../riscv -iquote ../disasm -iquote ../customext -iquote ../fdt -iquote ../softfloat -iquote ../spike_main -iquote ../spike_dasm -I/usr/include  -fPIC -I../fdt -c vfwmsac_vf.cc -o vfwmsac_vf.o -MF vfwmsac_vf.d
g++ -MMD -MP  -DPREFIX=\"/usr/local\" -Wall -Wno-nonportable-include-path -g -O2 -fPIC -std=c++2a -g -O2   -iquote . -I.. -iquote ../fesvr -iquote ../riscv -iquote ../disasm -iquote ../customext -iquote ../fdt -iquote ../softfloat -iquote ../spike_main -iquote ../spike_dasm -I/usr/include  -fPIC -I../fdt -c vfwmsac_vv.cc -o vfwmsac_vv.o -MF vfwmsac_vv.d
g++ -MMD -MP  -DPREFIX=\"/usr/local\" -Wall -Wno-nonportable-include-path -g -O2 -fPIC -std=c++2a -g -O2   -iquote . -I.. -iquote ../fesvr -iquote ../riscv -iquote ../disasm -iquote ../customext -iquote ../fdt -iquote ../softfloat -iquote ../spike_main -iquote ../spike_dasm -I/usr/include  -fPIC -I../fdt -c vfwmul_vf.cc -o vfwmul_vf.o -MF vfwmul_vf.d
g++ -MMD -MP  -DPREFIX=\"/usr/local\" -Wall -Wno-nonportable-include-path -g -O2 -fPIC -std=c++2a -g -O2   -iquote . -I.. -iquote ../fesvr -iquote ../riscv -iquote ../disasm -iquote ../customext -iquote ../fdt -iquote ../softfloat -iquote ../spike_main -iquote ../spike_dasm -I/usr/include  -fPIC -I../fdt -c vfwmul_vv.cc -o vfwmul_vv.o -MF vfwmul_vv.d
g++ -MMD -MP  -DPREFIX=\"/usr/local\" -Wall -Wno-nonportable-include-path -g -O2 -fPIC -std=c++2a -g -O2   -iquote . -I.. -iquote ../fesvr -iquote ../riscv -iquote ../disasm -iquote ../customext -iquote ../fdt -iquote ../softfloat -iquote ../spike_main -iquote ../spike_dasm -I/usr/include  -fPIC -I../fdt -c vfwnmacc_vf.cc -o vfwnmacc_vf.o -MF vfwnmacc_vf.d
g++ -MMD -MP  -DPREFIX=\"/usr/local\" -Wall -Wno-nonportable-include-path -g -O2 -fPIC -std=c++2a -g -O2   -iquote . -I.. -iquote ../fesvr -iquote ../riscv -iquote ../disasm -iquote ../customext -iquote ../fdt -iquote ../softfloat -iquote ../spike_main -iquote ../spike_dasm -I/usr/include  -fPIC -I../fdt -c vfwnmacc_vv.cc -o vfwnmacc_vv.o -MF vfwnmacc_vv.d
g++ -MMD -MP  -DPREFIX=\"/usr/local\" -Wall -Wno-nonportable-include-path -g -O2 -fPIC -std=c++2a -g -O2   -iquote . -I.. -iquote ../fesvr -iquote ../riscv -iquote ../disasm -iquote ../customext -iquote ../fdt -iquote ../softfloat -iquote ../spike_main -iquote ../spike_dasm -I/usr/include  -fPIC -I../fdt -c vfwnmsac_vf.cc -o vfwnmsac_vf.o -MF vfwnmsac_vf.d
g++ -MMD -MP  -DPREFIX=\"/usr/local\" -Wall -Wno-nonportable-include-path -g -O2 -fPIC -std=c++2a -g -O2   -iquote . -I.. -iquote ../fesvr -iquote ../riscv -iquote ../disasm -iquote ../customext -iquote ../fdt -iquote ../softfloat -iquote ../spike_main -iquote ../spike_dasm -I/usr/include  -fPIC -I../fdt -c vfwnmsac_vv.cc -o vfwnmsac_vv.o -MF vfwnmsac_vv.d
g++ -MMD -MP  -DPREFIX=\"/usr/local\" -Wall -Wno-nonportable-include-path -g -O2 -fPIC -std=c++2a -g -O2   -iquote . -I.. -iquote ../fesvr -iquote ../riscv -iquote ../disasm -iquote ../customext -iquote ../fdt -iquote ../softfloat -iquote ../spike_main -iquote ../spike_dasm -I/usr/include  -fPIC -I../fdt -c vfwredosum_vs.cc -o vfwredosum_vs.o -MF vfwredosum_vs.d
g++ -MMD -MP  -DPREFIX=\"/usr/local\" -Wall -Wno-nonportable-include-path -g -O2 -fPIC -std=c++2a -g -O2   -iquote . -I.. -iquote ../fesvr -iquote ../riscv -iquote ../disasm -iquote ../customext -iquote ../fdt -iquote ../softfloat -iquote ../spike_main -iquote ../spike_dasm -I/usr/include  -fPIC -I../fdt -c vfwredusum_vs.cc -o vfwredusum_vs.o -MF vfwredusum_vs.d
g++ -MMD -MP  -DPREFIX=\"/usr/local\" -Wall -Wno-nonportable-include-path -g -O2 -fPIC -std=c++2a -g -O2   -iquote . -I.. -iquote ../fesvr -iquote ../riscv -iquote ../disasm -iquote ../customext -iquote ../fdt -iquote ../softfloat -iquote ../spike_main -iquote ../spike_dasm -I/usr/include  -fPIC -I../fdt -c vfwsub_vf.cc -o vfwsub_vf.o -MF vfwsub_vf.d
g++ -MMD -MP  -DPREFIX=\"/usr/local\" -Wall -Wno-nonportable-include-path -g -O2 -fPIC -std=c++2a -g -O2   -iquote . -I.. -iquote ../fesvr -iquote ../riscv -iquote ../disasm -iquote ../customext -iquote ../fdt -iquote ../softfloat -iquote ../spike_main -iquote ../spike_dasm -I/usr/include  -fPIC -I../fdt -c vfwsub_vv.cc -o vfwsub_vv.o -MF vfwsub_vv.d
g++ -MMD -MP  -DPREFIX=\"/usr/local\" -Wall -Wno-nonportable-include-path -g -O2 -fPIC -std=c++2a -g -O2   -iquote . -I.. -iquote ../fesvr -iquote ../riscv -iquote ../disasm -iquote ../customext -iquote ../fdt -iquote ../softfloat -iquote ../spike_main -iquote ../spike_dasm -I/usr/include  -fPIC -I../fdt -c vfwsub_wf.cc -o vfwsub_wf.o -MF vfwsub_wf.d
g++ -MMD -MP  -DPREFIX=\"/usr/local\" -Wall -Wno-nonportable-include-path -g -O2 -fPIC -std=c++2a -g -O2   -iquote . -I.. -iquote ../fesvr -iquote ../riscv -iquote ../disasm -iquote ../customext -iquote ../fdt -iquote ../softfloat -iquote ../spike_main -iquote ../spike_dasm -I/usr/include  -fPIC -I../fdt -c vfwsub_wv.cc -o vfwsub_wv.o -MF vfwsub_wv.d
g++ -MMD -MP  -DPREFIX=\"/usr/local\" -Wall -Wno-nonportable-include-path -g -O2 -fPIC -std=c++2a -g -O2   -iquote . -I.. -iquote ../fesvr -iquote ../riscv -iquote ../disasm -iquote ../customext -iquote ../fdt -iquote ../softfloat -iquote ../spike_main -iquote ../spike_dasm -I/usr/include  -fPIC -I../fdt -c vmfeq_vf.cc -o vmfeq_vf.o -MF vmfeq_vf.d
g++ -MMD -MP  -DPREFIX=\"/usr/local\" -Wall -Wno-nonportable-include-path -g -O2 -fPIC -std=c++2a -g -O2   -iquote . -I.. -iquote ../fesvr -iquote ../riscv -iquote ../disasm -iquote ../customext -iquote ../fdt -iquote ../softfloat -iquote ../spike_main -iquote ../spike_dasm -I/usr/include  -fPIC -I../fdt -c vmfeq_vv.cc -o vmfeq_vv.o -MF vmfeq_vv.d
g++ -MMD -MP  -DPREFIX=\"/usr/local\" -Wall -Wno-nonportable-include-path -g -O2 -fPIC -std=c++2a -g -O2   -iquote . -I.. -iquote ../fesvr -iquote ../riscv -iquote ../disasm -iquote ../customext -iquote ../fdt -iquote ../softfloat -iquote ../spike_main -iquote ../spike_dasm -I/usr/include  -fPIC -I../fdt -c vmfge_vf.cc -o vmfge_vf.o -MF vmfge_vf.d
g++ -MMD -MP  -DPREFIX=\"/usr/local\" -Wall -Wno-nonportable-include-path -g -O2 -fPIC -std=c++2a -g -O2   -iquote . -I.. -iquote ../fesvr -iquote ../riscv -iquote ../disasm -iquote ../customext -iquote ../fdt -iquote ../softfloat -iquote ../spike_main -iquote ../spike_dasm -I/usr/include  -fPIC -I../fdt -c vmfgt_vf.cc -o vmfgt_vf.o -MF vmfgt_vf.d
g++ -MMD -MP  -DPREFIX=\"/usr/local\" -Wall -Wno-nonportable-include-path -g -O2 -fPIC -std=c++2a -g -O2   -iquote . -I.. -iquote ../fesvr -iquote ../riscv -iquote ../disasm -iquote ../customext -iquote ../fdt -iquote ../softfloat -iquote ../spike_main -iquote ../spike_dasm -I/usr/include  -fPIC -I../fdt -c vmfle_vf.cc -o vmfle_vf.o -MF vmfle_vf.d
g++ -MMD -MP  -DPREFIX=\"/usr/local\" -Wall -Wno-nonportable-include-path -g -O2 -fPIC -std=c++2a -g -O2   -iquote . -I.. -iquote ../fesvr -iquote ../riscv -iquote ../disasm -iquote ../customext -iquote ../fdt -iquote ../softfloat -iquote ../spike_main -iquote ../spike_dasm -I/usr/include  -fPIC -I../fdt -c vmfle_vv.cc -o vmfle_vv.o -MF vmfle_vv.d
g++ -MMD -MP  -DPREFIX=\"/usr/local\" -Wall -Wno-nonportable-include-path -g -O2 -fPIC -std=c++2a -g -O2   -iquote . -I.. -iquote ../fesvr -iquote ../riscv -iquote ../disasm -iquote ../customext -iquote ../fdt -iquote ../softfloat -iquote ../spike_main -iquote ../spike_dasm -I/usr/include  -fPIC -I../fdt -c vmflt_vf.cc -o vmflt_vf.o -MF vmflt_vf.d
g++ -MMD -MP  -DPREFIX=\"/usr/local\" -Wall -Wno-nonportable-include-path -g -O2 -fPIC -std=c++2a -g -O2   -iquote . -I.. -iquote ../fesvr -iquote ../riscv -iquote ../disasm -iquote ../customext -iquote ../fdt -iquote ../softfloat -iquote ../spike_main -iquote ../spike_dasm -I/usr/include  -fPIC -I../fdt -c vmflt_vv.cc -o vmflt_vv.o -MF vmflt_vv.d
g++ -MMD -MP  -DPREFIX=\"/usr/local\" -Wall -Wno-nonportable-include-path -g -O2 -fPIC -std=c++2a -g -O2   -iquote . -I.. -iquote ../fesvr -iquote ../riscv -iquote ../disasm -iquote ../customext -iquote ../fdt -iquote ../softfloat -iquote ../spike_main -iquote ../spike_dasm -I/usr/include  -fPIC -I../fdt -c vmfne_vf.cc -o vmfne_vf.o -MF vmfne_vf.d
g++ -MMD -MP  -DPREFIX=\"/usr/local\" -Wall -Wno-nonportable-include-path -g -O2 -fPIC -std=c++2a -g -O2   -iquote . -I.. -iquote ../fesvr -iquote ../riscv -iquote ../disasm -iquote ../customext -iquote ../fdt -iquote ../softfloat -iquote ../spike_main -iquote ../spike_dasm -I/usr/include  -fPIC -I../fdt -c vmfne_vv.cc -o vmfne_vv.o -MF vmfne_vv.d
g++ -MMD -MP  -DPREFIX=\"/usr/local\" -Wall -Wno-nonportable-include-path -g -O2 -fPIC -std=c++2a -g -O2   -iquote . -I.. -iquote ../fesvr -iquote ../riscv -iquote ../disasm -iquote ../customext -iquote ../fdt -iquote ../softfloat -iquote ../spike_main -iquote ../spike_dasm -I/usr/include  -fPIC -I../fdt -c vaadd_vv.cc -o vaadd_vv.o -MF vaadd_vv.d
g++ -MMD -MP  -DPREFIX=\"/usr/local\" -Wall -Wno-nonportable-include-path -g -O2 -fPIC -std=c++2a -g -O2   -iquote . -I.. -iquote ../fesvr -iquote ../riscv -iquote ../disasm -iquote ../customext -iquote ../fdt -iquote ../softfloat -iquote ../spike_main -iquote ../spike_dasm -I/usr/include  -fPIC -I../fdt -c vaaddu_vv.cc -o vaaddu_vv.o -MF vaaddu_vv.d
g++ -MMD -MP  -DPREFIX=\"/usr/local\" -Wall -Wno-nonportable-include-path -g -O2 -fPIC -std=c++2a -g -O2   -iquote . -I.. -iquote ../fesvr -iquote ../riscv -iquote ../disasm -iquote ../customext -iquote ../fdt -iquote ../softfloat -iquote ../spike_main -iquote ../spike_dasm -I/usr/include  -fPIC -I../fdt -c vaadd_vx.cc -o vaadd_vx.o -MF vaadd_vx.d
g++ -MMD -MP  -DPREFIX=\"/usr/local\" -Wall -Wno-nonportable-include-path -g -O2 -fPIC -std=c++2a -g -O2   -iquote . -I.. -iquote ../fesvr -iquote ../riscv -iquote ../disasm -iquote ../customext -iquote ../fdt -iquote ../softfloat -iquote ../spike_main -iquote ../spike_dasm -I/usr/include  -fPIC -I../fdt -c vaaddu_vx.cc -o vaaddu_vx.o -MF vaaddu_vx.d
g++ -MMD -MP  -DPREFIX=\"/usr/local\" -Wall -Wno-nonportable-include-path -g -O2 -fPIC -std=c++2a -g -O2   -iquote . -I.. -iquote ../fesvr -iquote ../riscv -iquote ../disasm -iquote ../customext -iquote ../fdt -iquote ../softfloat -iquote ../spike_main -iquote ../spike_dasm -I/usr/include  -fPIC -I../fdt -c vadc_vim.cc -o vadc_vim.o -MF vadc_vim.d
g++ -MMD -MP  -DPREFIX=\"/usr/local\" -Wall -Wno-nonportable-include-path -g -O2 -fPIC -std=c++2a -g -O2   -iquote . -I.. -iquote ../fesvr -iquote ../riscv -iquote ../disasm -iquote ../customext -iquote ../fdt -iquote ../softfloat -iquote ../spike_main -iquote ../spike_dasm -I/usr/include  -fPIC -I../fdt -c vadc_vvm.cc -o vadc_vvm.o -MF vadc_vvm.d
g++ -MMD -MP  -DPREFIX=\"/usr/local\" -Wall -Wno-nonportable-include-path -g -O2 -fPIC -std=c++2a -g -O2   -iquote . -I.. -iquote ../fesvr -iquote ../riscv -iquote ../disasm -iquote ../customext -iquote ../fdt -iquote ../softfloat -iquote ../spike_main -iquote ../spike_dasm -I/usr/include  -fPIC -I../fdt -c vadc_vxm.cc -o vadc_vxm.o -MF vadc_vxm.d
g++ -MMD -MP  -DPREFIX=\"/usr/local\" -Wall -Wno-nonportable-include-path -g -O2 -fPIC -std=c++2a -g -O2   -iquote . -I.. -iquote ../fesvr -iquote ../riscv -iquote ../disasm -iquote ../customext -iquote ../fdt -iquote ../softfloat -iquote ../spike_main -iquote ../spike_dasm -I/usr/include  -fPIC -I../fdt -c vadd_vi.cc -o vadd_vi.o -MF vadd_vi.d
g++ -MMD -MP  -DPREFIX=\"/usr/local\" -Wall -Wno-nonportable-include-path -g -O2 -fPIC -std=c++2a -g -O2   -iquote . -I.. -iquote ../fesvr -iquote ../riscv -iquote ../disasm -iquote ../customext -iquote ../fdt -iquote ../softfloat -iquote ../spike_main -iquote ../spike_dasm -I/usr/include  -fPIC -I../fdt -c vadd_vv.cc -o vadd_vv.o -MF vadd_vv.d
g++ -MMD -MP  -DPREFIX=\"/usr/local\" -Wall -Wno-nonportable-include-path -g -O2 -fPIC -std=c++2a -g -O2   -iquote . -I.. -iquote ../fesvr -iquote ../riscv -iquote ../disasm -iquote ../customext -iquote ../fdt -iquote ../softfloat -iquote ../spike_main -iquote ../spike_dasm -I/usr/include  -fPIC -I../fdt -c vadd_vx.cc -o vadd_vx.o -MF vadd_vx.d
g++ -MMD -MP  -DPREFIX=\"/usr/local\" -Wall -Wno-nonportable-include-path -g -O2 -fPIC -std=c++2a -g -O2   -iquote . -I.. -iquote ../fesvr -iquote ../riscv -iquote ../disasm -iquote ../customext -iquote ../fdt -iquote ../softfloat -iquote ../spike_main -iquote ../spike_dasm -I/usr/include  -fPIC -I../fdt -c vand_vi.cc -o vand_vi.o -MF vand_vi.d
g++ -MMD -MP  -DPREFIX=\"/usr/local\" -Wall -Wno-nonportable-include-path -g -O2 -fPIC -std=c++2a -g -O2   -iquote . -I.. -iquote ../fesvr -iquote ../riscv -iquote ../disasm -iquote ../customext -iquote ../fdt -iquote ../softfloat -iquote ../spike_main -iquote ../spike_dasm -I/usr/include  -fPIC -I../fdt -c vand_vv.cc -o vand_vv.o -MF vand_vv.d
g++ -MMD -MP  -DPREFIX=\"/usr/local\" -Wall -Wno-nonportable-include-path -g -O2 -fPIC -std=c++2a -g -O2   -iquote . -I.. -iquote ../fesvr -iquote ../riscv -iquote ../disasm -iquote ../customext -iquote ../fdt -iquote ../softfloat -iquote ../spike_main -iquote ../spike_dasm -I/usr/include  -fPIC -I../fdt -c vand_vx.cc -o vand_vx.o -MF vand_vx.d
g++ -MMD -MP  -DPREFIX=\"/usr/local\" -Wall -Wno-nonportable-include-path -g -O2 -fPIC -std=c++2a -g -O2   -iquote . -I.. -iquote ../fesvr -iquote ../riscv -iquote ../disasm -iquote ../customext -iquote ../fdt -iquote ../softfloat -iquote ../spike_main -iquote ../spike_dasm -I/usr/include  -fPIC -I../fdt -c vasub_vv.cc -o vasub_vv.o -MF vasub_vv.d
g++ -MMD -MP  -DPREFIX=\"/usr/local\" -Wall -Wno-nonportable-include-path -g -O2 -fPIC -std=c++2a -g -O2   -iquote . -I.. -iquote ../fesvr -iquote ../riscv -iquote ../disasm -iquote ../customext -iquote ../fdt -iquote ../softfloat -iquote ../spike_main -iquote ../spike_dasm -I/usr/include  -fPIC -I../fdt -c vasubu_vv.cc -o vasubu_vv.o -MF vasubu_vv.d
g++ -MMD -MP  -DPREFIX=\"/usr/local\" -Wall -Wno-nonportable-include-path -g -O2 -fPIC -std=c++2a -g -O2   -iquote . -I.. -iquote ../fesvr -iquote ../riscv -iquote ../disasm -iquote ../customext -iquote ../fdt -iquote ../softfloat -iquote ../spike_main -iquote ../spike_dasm -I/usr/include  -fPIC -I../fdt -c vasub_vx.cc -o vasub_vx.o -MF vasub_vx.d
g++ -MMD -MP  -DPREFIX=\"/usr/local\" -Wall -Wno-nonportable-include-path -g -O2 -fPIC -std=c++2a -g -O2   -iquote . -I.. -iquote ../fesvr -iquote ../riscv -iquote ../disasm -iquote ../customext -iquote ../fdt -iquote ../softfloat -iquote ../spike_main -iquote ../spike_dasm -I/usr/include  -fPIC -I../fdt -c vasubu_vx.cc -o vasubu_vx.o -MF vasubu_vx.d
g++ -MMD -MP  -DPREFIX=\"/usr/local\" -Wall -Wno-nonportable-include-path -g -O2 -fPIC -std=c++2a -g -O2   -iquote . -I.. -iquote ../fesvr -iquote ../riscv -iquote ../disasm -iquote ../customext -iquote ../fdt -iquote ../softfloat -iquote ../spike_main -iquote ../spike_dasm -I/usr/include  -fPIC -I../fdt -c vcompress_vm.cc -o vcompress_vm.o -MF vcompress_vm.d
g++ -MMD -MP  -DPREFIX=\"/usr/local\" -Wall -Wno-nonportable-include-path -g -O2 -fPIC -std=c++2a -g -O2   -iquote . -I.. -iquote ../fesvr -iquote ../riscv -iquote ../disasm -iquote ../customext -iquote ../fdt -iquote ../softfloat -iquote ../spike_main -iquote ../spike_dasm -I/usr/include  -fPIC -I../fdt -c vcpop_m.cc -o vcpop_m.o -MF vcpop_m.d
g++ -MMD -MP  -DPREFIX=\"/usr/local\" -Wall -Wno-nonportable-include-path -g -O2 -fPIC -std=c++2a -g -O2   -iquote . -I.. -iquote ../fesvr -iquote ../riscv -iquote ../disasm -iquote ../customext -iquote ../fdt -iquote ../softfloat -iquote ../spike_main -iquote ../spike_dasm -I/usr/include  -fPIC -I../fdt -c vdiv_vv.cc -o vdiv_vv.o -MF vdiv_vv.d
g++ -MMD -MP  -DPREFIX=\"/usr/local\" -Wall -Wno-nonportable-include-path -g -O2 -fPIC -std=c++2a -g -O2   -iquote . -I.. -iquote ../fesvr -iquote ../riscv -iquote ../disasm -iquote ../customext -iquote ../fdt -iquote ../softfloat -iquote ../spike_main -iquote ../spike_dasm -I/usr/include  -fPIC -I../fdt -c vdiv_vx.cc -o vdiv_vx.o -MF vdiv_vx.d
g++ -MMD -MP  -DPREFIX=\"/usr/local\" -Wall -Wno-nonportable-include-path -g -O2 -fPIC -std=c++2a -g -O2   -iquote . -I.. -iquote ../fesvr -iquote ../riscv -iquote ../disasm -iquote ../customext -iquote ../fdt -iquote ../softfloat -iquote ../spike_main -iquote ../spike_dasm -I/usr/include  -fPIC -I../fdt -c vdivu_vv.cc -o vdivu_vv.o -MF vdivu_vv.d
g++ -MMD -MP  -DPREFIX=\"/usr/local\" -Wall -Wno-nonportable-include-path -g -O2 -fPIC -std=c++2a -g -O2   -iquote . -I.. -iquote ../fesvr -iquote ../riscv -iquote ../disasm -iquote ../customext -iquote ../fdt -iquote ../softfloat -iquote ../spike_main -iquote ../spike_dasm -I/usr/include  -fPIC -I../fdt -c vdivu_vx.cc -o vdivu_vx.o -MF vdivu_vx.d
g++ -MMD -MP  -DPREFIX=\"/usr/local\" -Wall -Wno-nonportable-include-path -g -O2 -fPIC -std=c++2a -g -O2   -iquote . -I.. -iquote ../fesvr -iquote ../riscv -iquote ../disasm -iquote ../customext -iquote ../fdt -iquote ../softfloat -iquote ../spike_main -iquote ../spike_dasm -I/usr/include  -fPIC -I../fdt -c vid_v.cc -o vid_v.o -MF vid_v.d
g++ -MMD -MP  -DPREFIX=\"/usr/local\" -Wall -Wno-nonportable-include-path -g -O2 -fPIC -std=c++2a -g -O2   -iquote . -I.. -iquote ../fesvr -iquote ../riscv -iquote ../disasm -iquote ../customext -iquote ../fdt -iquote ../softfloat -iquote ../spike_main -iquote ../spike_dasm -I/usr/include  -fPIC -I../fdt -c viota_m.cc -o viota_m.o -MF viota_m.d
g++ -MMD -MP  -DPREFIX=\"/usr/local\" -Wall -Wno-nonportable-include-path -g -O2 -fPIC -std=c++2a -g -O2   -iquote . -I.. -iquote ../fesvr -iquote ../riscv -iquote ../disasm -iquote ../customext -iquote ../fdt -iquote ../softfloat -iquote ../spike_main -iquote ../spike_dasm -I/usr/include  -fPIC -I../fdt -c vmacc_vv.cc -o vmacc_vv.o -MF vmacc_vv.d
g++ -MMD -MP  -DPREFIX=\"/usr/local\" -Wall -Wno-nonportable-include-path -g -O2 -fPIC -std=c++2a -g -O2   -iquote . -I.. -iquote ../fesvr -iquote ../riscv -iquote ../disasm -iquote ../customext -iquote ../fdt -iquote ../softfloat -iquote ../spike_main -iquote ../spike_dasm -I/usr/include  -fPIC -I../fdt -c vmacc_vx.cc -o vmacc_vx.o -MF vmacc_vx.d
g++ -MMD -MP  -DPREFIX=\"/usr/local\" -Wall -Wno-nonportable-include-path -g -O2 -fPIC -std=c++2a -g -O2   -iquote . -I.. -iquote ../fesvr -iquote ../riscv -iquote ../disasm -iquote ../customext -iquote ../fdt -iquote ../softfloat -iquote ../spike_main -iquote ../spike_dasm -I/usr/include  -fPIC -I../fdt -c vmadc_vv.cc -o vmadc_vv.o -MF vmadc_vv.d
g++ -MMD -MP  -DPREFIX=\"/usr/local\" -Wall -Wno-nonportable-include-path -g -O2 -fPIC -std=c++2a -g -O2   -iquote . -I.. -iquote ../fesvr -iquote ../riscv -iquote ../disasm -iquote ../customext -iquote ../fdt -iquote ../softfloat -iquote ../spike_main -iquote ../spike_dasm -I/usr/include  -fPIC -I../fdt -c vmadc_vx.cc -o vmadc_vx.o -MF vmadc_vx.d
g++ -MMD -MP  -DPREFIX=\"/usr/local\" -Wall -Wno-nonportable-include-path -g -O2 -fPIC -std=c++2a -g -O2   -iquote . -I.. -iquote ../fesvr -iquote ../riscv -iquote ../disasm -iquote ../customext -iquote ../fdt -iquote ../softfloat -iquote ../spike_main -iquote ../spike_dasm -I/usr/include  -fPIC -I../fdt -c vmadc_vi.cc -o vmadc_vi.o -MF vmadc_vi.d
g++ -MMD -MP  -DPREFIX=\"/usr/local\" -Wall -Wno-nonportable-include-path -g -O2 -fPIC -std=c++2a -g -O2   -iquote . -I.. -iquote ../fesvr -iquote ../riscv -iquote ../disasm -iquote ../customext -iquote ../fdt -iquote ../softfloat -iquote ../spike_main -iquote ../spike_dasm -I/usr/include  -fPIC -I../fdt -c vmadc_vim.cc -o vmadc_vim.o -MF vmadc_vim.d
g++ -MMD -MP  -DPREFIX=\"/usr/local\" -Wall -Wno-nonportable-include-path -g -O2 -fPIC -std=c++2a -g -O2   -iquote . -I.. -iquote ../fesvr -iquote ../riscv -iquote ../disasm -iquote ../customext -iquote ../fdt -iquote ../softfloat -iquote ../spike_main -iquote ../spike_dasm -I/usr/include  -fPIC -I../fdt -c vmadc_vvm.cc -o vmadc_vvm.o -MF vmadc_vvm.d
g++ -MMD -MP  -DPREFIX=\"/usr/local\" -Wall -Wno-nonportable-include-path -g -O2 -fPIC -std=c++2a -g -O2   -iquote . -I.. -iquote ../fesvr -iquote ../riscv -iquote ../disasm -iquote ../customext -iquote ../fdt -iquote ../softfloat -iquote ../spike_main -iquote ../spike_dasm -I/usr/include  -fPIC -I../fdt -c vmadc_vxm.cc -o vmadc_vxm.o -MF vmadc_vxm.d
g++ -MMD -MP  -DPREFIX=\"/usr/local\" -Wall -Wno-nonportable-include-path -g -O2 -fPIC -std=c++2a -g -O2   -iquote . -I.. -iquote ../fesvr -iquote ../riscv -iquote ../disasm -iquote ../customext -iquote ../fdt -iquote ../softfloat -iquote ../spike_main -iquote ../spike_dasm -I/usr/include  -fPIC -I../fdt -c vmadd_vv.cc -o vmadd_vv.o -MF vmadd_vv.d
g++ -MMD -MP  -DPREFIX=\"/usr/local\" -Wall -Wno-nonportable-include-path -g -O2 -fPIC -std=c++2a -g -O2   -iquote . -I.. -iquote ../fesvr -iquote ../riscv -iquote ../disasm -iquote ../customext -iquote ../fdt -iquote ../softfloat -iquote ../spike_main -iquote ../spike_dasm -I/usr/include  -fPIC -I../fdt -c vmadd_vx.cc -o vmadd_vx.o -MF vmadd_vx.d
g++ -MMD -MP  -DPREFIX=\"/usr/local\" -Wall -Wno-nonportable-include-path -g -O2 -fPIC -std=c++2a -g -O2   -iquote . -I.. -iquote ../fesvr -iquote ../riscv -iquote ../disasm -iquote ../customext -iquote ../fdt -iquote ../softfloat -iquote ../spike_main -iquote ../spike_dasm -I/usr/include  -fPIC -I../fdt -c vmand_mm.cc -o vmand_mm.o -MF vmand_mm.d
g++ -MMD -MP  -DPREFIX=\"/usr/local\" -Wall -Wno-nonportable-include-path -g -O2 -fPIC -std=c++2a -g -O2   -iquote . -I.. -iquote ../fesvr -iquote ../riscv -iquote ../disasm -iquote ../customext -iquote ../fdt -iquote ../softfloat -iquote ../spike_main -iquote ../spike_dasm -I/usr/include  -fPIC -I../fdt -c vmandn_mm.cc -o vmandn_mm.o -MF vmandn_mm.d
g++ -MMD -MP  -DPREFIX=\"/usr/local\" -Wall -Wno-nonportable-include-path -g -O2 -fPIC -std=c++2a -g -O2   -iquote . -I.. -iquote ../fesvr -iquote ../riscv -iquote ../disasm -iquote ../customext -iquote ../fdt -iquote ../softfloat -iquote ../spike_main -iquote ../spike_dasm -I/usr/include  -fPIC -I../fdt -c vmax_vv.cc -o vmax_vv.o -MF vmax_vv.d
g++ -MMD -MP  -DPREFIX=\"/usr/local\" -Wall -Wno-nonportable-include-path -g -O2 -fPIC -std=c++2a -g -O2   -iquote . -I.. -iquote ../fesvr -iquote ../riscv -iquote ../disasm -iquote ../customext -iquote ../fdt -iquote ../softfloat -iquote ../spike_main -iquote ../spike_dasm -I/usr/include  -fPIC -I../fdt -c vmax_vx.cc -o vmax_vx.o -MF vmax_vx.d
g++ -MMD -MP  -DPREFIX=\"/usr/local\" -Wall -Wno-nonportable-include-path -g -O2 -fPIC -std=c++2a -g -O2   -iquote . -I.. -iquote ../fesvr -iquote ../riscv -iquote ../disasm -iquote ../customext -iquote ../fdt -iquote ../softfloat -iquote ../spike_main -iquote ../spike_dasm -I/usr/include  -fPIC -I../fdt -c vmaxu_vv.cc -o vmaxu_vv.o -MF vmaxu_vv.d
g++ -MMD -MP  -DPREFIX=\"/usr/local\" -Wall -Wno-nonportable-include-path -g -O2 -fPIC -std=c++2a -g -O2   -iquote . -I.. -iquote ../fesvr -iquote ../riscv -iquote ../disasm -iquote ../customext -iquote ../fdt -iquote ../softfloat -iquote ../spike_main -iquote ../spike_dasm -I/usr/include  -fPIC -I../fdt -c vmaxu_vx.cc -o vmaxu_vx.o -MF vmaxu_vx.d
g++ -MMD -MP  -DPREFIX=\"/usr/local\" -Wall -Wno-nonportable-include-path -g -O2 -fPIC -std=c++2a -g -O2   -iquote . -I.. -iquote ../fesvr -iquote ../riscv -iquote ../disasm -iquote ../customext -iquote ../fdt -iquote ../softfloat -iquote ../spike_main -iquote ../spike_dasm -I/usr/include  -fPIC -I../fdt -c vmerge_vim.cc -o vmerge_vim.o -MF vmerge_vim.d
g++ -MMD -MP  -DPREFIX=\"/usr/local\" -Wall -Wno-nonportable-include-path -g -O2 -fPIC -std=c++2a -g -O2   -iquote . -I.. -iquote ../fesvr -iquote ../riscv -iquote ../disasm -iquote ../customext -iquote ../fdt -iquote ../softfloat -iquote ../spike_main -iquote ../spike_dasm -I/usr/include  -fPIC -I../fdt -c vmerge_vvm.cc -o vmerge_vvm.o -MF vmerge_vvm.d
g++ -MMD -MP  -DPREFIX=\"/usr/local\" -Wall -Wno-nonportable-include-path -g -O2 -fPIC -std=c++2a -g -O2   -iquote . -I.. -iquote ../fesvr -iquote ../riscv -iquote ../disasm -iquote ../customext -iquote ../fdt -iquote ../softfloat -iquote ../spike_main -iquote ../spike_dasm -I/usr/include  -fPIC -I../fdt -c vmerge_vxm.cc -o vmerge_vxm.o -MF vmerge_vxm.d
g++ -MMD -MP  -DPREFIX=\"/usr/local\" -Wall -Wno-nonportable-include-path -g -O2 -fPIC -std=c++2a -g -O2   -iquote . -I.. -iquote ../fesvr -iquote ../riscv -iquote ../disasm -iquote ../customext -iquote ../fdt -iquote ../softfloat -iquote ../spike_main -iquote ../spike_dasm -I/usr/include  -fPIC -I../fdt -c vfirst_m.cc -o vfirst_m.o -MF vfirst_m.d
g++ -MMD -MP  -DPREFIX=\"/usr/local\" -Wall -Wno-nonportable-include-path -g -O2 -fPIC -std=c++2a -g -O2   -iquote . -I.. -iquote ../fesvr -iquote ../riscv -iquote ../disasm -iquote ../customext -iquote ../fdt -iquote ../softfloat -iquote ../spike_main -iquote ../spike_dasm -I/usr/include  -fPIC -I../fdt -c vmin_vv.cc -o vmin_vv.o -MF vmin_vv.d
g++ -MMD -MP  -DPREFIX=\"/usr/local\" -Wall -Wno-nonportable-include-path -g -O2 -fPIC -std=c++2a -g -O2   -iquote . -I.. -iquote ../fesvr -iquote ../riscv -iquote ../disasm -iquote ../customext -iquote ../fdt -iquote ../softfloat -iquote ../spike_main -iquote ../spike_dasm -I/usr/include  -fPIC -I../fdt -c vmin_vx.cc -o vmin_vx.o -MF vmin_vx.d
g++ -MMD -MP  -DPREFIX=\"/usr/local\" -Wall -Wno-nonportable-include-path -g -O2 -fPIC -std=c++2a -g -O2   -iquote . -I.. -iquote ../fesvr -iquote ../riscv -iquote ../disasm -iquote ../customext -iquote ../fdt -iquote ../softfloat -iquote ../spike_main -iquote ../spike_dasm -I/usr/include  -fPIC -I../fdt -c vminu_vv.cc -o vminu_vv.o -MF vminu_vv.d
g++ -MMD -MP  -DPREFIX=\"/usr/local\" -Wall -Wno-nonportable-include-path -g -O2 -fPIC -std=c++2a -g -O2   -iquote . -I.. -iquote ../fesvr -iquote ../riscv -iquote ../disasm -iquote ../customext -iquote ../fdt -iquote ../softfloat -iquote ../spike_main -iquote ../spike_dasm -I/usr/include  -fPIC -I../fdt -c vminu_vx.cc -o vminu_vx.o -MF vminu_vx.d
g++ -MMD -MP  -DPREFIX=\"/usr/local\" -Wall -Wno-nonportable-include-path -g -O2 -fPIC -std=c++2a -g -O2   -iquote . -I.. -iquote ../fesvr -iquote ../riscv -iquote ../disasm -iquote ../customext -iquote ../fdt -iquote ../softfloat -iquote ../spike_main -iquote ../spike_dasm -I/usr/include  -fPIC -I../fdt -c vmnand_mm.cc -o vmnand_mm.o -MF vmnand_mm.d
g++ -MMD -MP  -DPREFIX=\"/usr/local\" -Wall -Wno-nonportable-include-path -g -O2 -fPIC -std=c++2a -g -O2   -iquote . -I.. -iquote ../fesvr -iquote ../riscv -iquote ../disasm -iquote ../customext -iquote ../fdt -iquote ../softfloat -iquote ../spike_main -iquote ../spike_dasm -I/usr/include  -fPIC -I../fdt -c vmnor_mm.cc -o vmnor_mm.o -MF vmnor_mm.d
g++ -MMD -MP  -DPREFIX=\"/usr/local\" -Wall -Wno-nonportable-include-path -g -O2 -fPIC -std=c++2a -g -O2   -iquote . -I.. -iquote ../fesvr -iquote ../riscv -iquote ../disasm -iquote ../customext -iquote ../fdt -iquote ../softfloat -iquote ../spike_main -iquote ../spike_dasm -I/usr/include  -fPIC -I../fdt -c vmor_mm.cc -o vmor_mm.o -MF vmor_mm.d
g++ -MMD -MP  -DPREFIX=\"/usr/local\" -Wall -Wno-nonportable-include-path -g -O2 -fPIC -std=c++2a -g -O2   -iquote . -I.. -iquote ../fesvr -iquote ../riscv -iquote ../disasm -iquote ../customext -iquote ../fdt -iquote ../softfloat -iquote ../spike_main -iquote ../spike_dasm -I/usr/include  -fPIC -I../fdt -c vmorn_mm.cc -o vmorn_mm.o -MF vmorn_mm.d
g++ -MMD -MP  -DPREFIX=\"/usr/local\" -Wall -Wno-nonportable-include-path -g -O2 -fPIC -std=c++2a -g -O2   -iquote . -I.. -iquote ../fesvr -iquote ../riscv -iquote ../disasm -iquote ../customext -iquote ../fdt -iquote ../softfloat -iquote ../spike_main -iquote ../spike_dasm -I/usr/include  -fPIC -I../fdt -c vmsbc_vv.cc -o vmsbc_vv.o -MF vmsbc_vv.d
g++ -MMD -MP  -DPREFIX=\"/usr/local\" -Wall -Wno-nonportable-include-path -g -O2 -fPIC -std=c++2a -g -O2   -iquote . -I.. -iquote ../fesvr -iquote ../riscv -iquote ../disasm -iquote ../customext -iquote ../fdt -iquote ../softfloat -iquote ../spike_main -iquote ../spike_dasm -I/usr/include  -fPIC -I../fdt -c vmsbc_vx.cc -o vmsbc_vx.o -MF vmsbc_vx.d
g++ -MMD -MP  -DPREFIX=\"/usr/local\" -Wall -Wno-nonportable-include-path -g -O2 -fPIC -std=c++2a -g -O2   -iquote . -I.. -iquote ../fesvr -iquote ../riscv -iquote ../disasm -iquote ../customext -iquote ../fdt -iquote ../softfloat -iquote ../spike_main -iquote ../spike_dasm -I/usr/include  -fPIC -I../fdt -c vmsbc_vvm.cc -o vmsbc_vvm.o -MF vmsbc_vvm.d
g++ -MMD -MP  -DPREFIX=\"/usr/local\" -Wall -Wno-nonportable-include-path -g -O2 -fPIC -std=c++2a -g -O2   -iquote . -I.. -iquote ../fesvr -iquote ../riscv -iquote ../disasm -iquote ../customext -iquote ../fdt -iquote ../softfloat -iquote ../spike_main -iquote ../spike_dasm -I/usr/include  -fPIC -I../fdt -c vmsbc_vxm.cc -o vmsbc_vxm.o -MF vmsbc_vxm.d
g++ -MMD -MP  -DPREFIX=\"/usr/local\" -Wall -Wno-nonportable-include-path -g -O2 -fPIC -std=c++2a -g -O2   -iquote . -I.. -iquote ../fesvr -iquote ../riscv -iquote ../disasm -iquote ../customext -iquote ../fdt -iquote ../softfloat -iquote ../spike_main -iquote ../spike_dasm -I/usr/include  -fPIC -I../fdt -c vmsbf_m.cc -o vmsbf_m.o -MF vmsbf_m.d
g++ -MMD -MP  -DPREFIX=\"/usr/local\" -Wall -Wno-nonportable-include-path -g -O2 -fPIC -std=c++2a -g -O2   -iquote . -I.. -iquote ../fesvr -iquote ../riscv -iquote ../disasm -iquote ../customext -iquote ../fdt -iquote ../softfloat -iquote ../spike_main -iquote ../spike_dasm -I/usr/include  -fPIC -I../fdt -c vmseq_vi.cc -o vmseq_vi.o -MF vmseq_vi.d
g++ -MMD -MP  -DPREFIX=\"/usr/local\" -Wall -Wno-nonportable-include-path -g -O2 -fPIC -std=c++2a -g -O2   -iquote . -I.. -iquote ../fesvr -iquote ../riscv -iquote ../disasm -iquote ../customext -iquote ../fdt -iquote ../softfloat -iquote ../spike_main -iquote ../spike_dasm -I/usr/include  -fPIC -I../fdt -c vmseq_vv.cc -o vmseq_vv.o -MF vmseq_vv.d
g++ -MMD -MP  -DPREFIX=\"/usr/local\" -Wall -Wno-nonportable-include-path -g -O2 -fPIC -std=c++2a -g -O2   -iquote . -I.. -iquote ../fesvr -iquote ../riscv -iquote ../disasm -iquote ../customext -iquote ../fdt -iquote ../softfloat -iquote ../spike_main -iquote ../spike_dasm -I/usr/include  -fPIC -I../fdt -c vmseq_vx.cc -o vmseq_vx.o -MF vmseq_vx.d
g++ -MMD -MP  -DPREFIX=\"/usr/local\" -Wall -Wno-nonportable-include-path -g -O2 -fPIC -std=c++2a -g -O2   -iquote . -I.. -iquote ../fesvr -iquote ../riscv -iquote ../disasm -iquote ../customext -iquote ../fdt -iquote ../softfloat -iquote ../spike_main -iquote ../spike_dasm -I/usr/include  -fPIC -I../fdt -c vmsgt_vi.cc -o vmsgt_vi.o -MF vmsgt_vi.d
g++ -MMD -MP  -DPREFIX=\"/usr/local\" -Wall -Wno-nonportable-include-path -g -O2 -fPIC -std=c++2a -g -O2   -iquote . -I.. -iquote ../fesvr -iquote ../riscv -iquote ../disasm -iquote ../customext -iquote ../fdt -iquote ../softfloat -iquote ../spike_main -iquote ../spike_dasm -I/usr/include  -fPIC -I../fdt -c vmsgt_vx.cc -o vmsgt_vx.o -MF vmsgt_vx.d
g++ -MMD -MP  -DPREFIX=\"/usr/local\" -Wall -Wno-nonportable-include-path -g -O2 -fPIC -std=c++2a -g -O2   -iquote . -I.. -iquote ../fesvr -iquote ../riscv -iquote ../disasm -iquote ../customext -iquote ../fdt -iquote ../softfloat -iquote ../spike_main -iquote ../spike_dasm -I/usr/include  -fPIC -I../fdt -c vmsgtu_vi.cc -o vmsgtu_vi.o -MF vmsgtu_vi.d
g++ -MMD -MP  -DPREFIX=\"/usr/local\" -Wall -Wno-nonportable-include-path -g -O2 -fPIC -std=c++2a -g -O2   -iquote . -I.. -iquote ../fesvr -iquote ../riscv -iquote ../disasm -iquote ../customext -iquote ../fdt -iquote ../softfloat -iquote ../spike_main -iquote ../spike_dasm -I/usr/include  -fPIC -I../fdt -c vmsgtu_vx.cc -o vmsgtu_vx.o -MF vmsgtu_vx.d
g++ -MMD -MP  -DPREFIX=\"/usr/local\" -Wall -Wno-nonportable-include-path -g -O2 -fPIC -std=c++2a -g -O2   -iquote . -I.. -iquote ../fesvr -iquote ../riscv -iquote ../disasm -iquote ../customext -iquote ../fdt -iquote ../softfloat -iquote ../spike_main -iquote ../spike_dasm -I/usr/include  -fPIC -I../fdt -c vmsif_m.cc -o vmsif_m.o -MF vmsif_m.d
g++ -MMD -MP  -DPREFIX=\"/usr/local\" -Wall -Wno-nonportable-include-path -g -O2 -fPIC -std=c++2a -g -O2   -iquote . -I.. -iquote ../fesvr -iquote ../riscv -iquote ../disasm -iquote ../customext -iquote ../fdt -iquote ../softfloat -iquote ../spike_main -iquote ../spike_dasm -I/usr/include  -fPIC -I../fdt -c vmsle_vi.cc -o vmsle_vi.o -MF vmsle_vi.d
g++ -MMD -MP  -DPREFIX=\"/usr/local\" -Wall -Wno-nonportable-include-path -g -O2 -fPIC -std=c++2a -g -O2   -iquote . -I.. -iquote ../fesvr -iquote ../riscv -iquote ../disasm -iquote ../customext -iquote ../fdt -iquote ../softfloat -iquote ../spike_main -iquote ../spike_dasm -I/usr/include  -fPIC -I../fdt -c vmsle_vv.cc -o vmsle_vv.o -MF vmsle_vv.d
g++ -MMD -MP  -DPREFIX=\"/usr/local\" -Wall -Wno-nonportable-include-path -g -O2 -fPIC -std=c++2a -g -O2   -iquote . -I.. -iquote ../fesvr -iquote ../riscv -iquote ../disasm -iquote ../customext -iquote ../fdt -iquote ../softfloat -iquote ../spike_main -iquote ../spike_dasm -I/usr/include  -fPIC -I../fdt -c vmsle_vx.cc -o vmsle_vx.o -MF vmsle_vx.d
g++ -MMD -MP  -DPREFIX=\"/usr/local\" -Wall -Wno-nonportable-include-path -g -O2 -fPIC -std=c++2a -g -O2   -iquote . -I.. -iquote ../fesvr -iquote ../riscv -iquote ../disasm -iquote ../customext -iquote ../fdt -iquote ../softfloat -iquote ../spike_main -iquote ../spike_dasm -I/usr/include  -fPIC -I../fdt -c vmsleu_vi.cc -o vmsleu_vi.o -MF vmsleu_vi.d
g++ -MMD -MP  -DPREFIX=\"/usr/local\" -Wall -Wno-nonportable-include-path -g -O2 -fPIC -std=c++2a -g -O2   -iquote . -I.. -iquote ../fesvr -iquote ../riscv -iquote ../disasm -iquote ../customext -iquote ../fdt -iquote ../softfloat -iquote ../spike_main -iquote ../spike_dasm -I/usr/include  -fPIC -I../fdt -c vmsleu_vv.cc -o vmsleu_vv.o -MF vmsleu_vv.d
g++ -MMD -MP  -DPREFIX=\"/usr/local\" -Wall -Wno-nonportable-include-path -g -O2 -fPIC -std=c++2a -g -O2   -iquote . -I.. -iquote ../fesvr -iquote ../riscv -iquote ../disasm -iquote ../customext -iquote ../fdt -iquote ../softfloat -iquote ../spike_main -iquote ../spike_dasm -I/usr/include  -fPIC -I../fdt -c vmsleu_vx.cc -o vmsleu_vx.o -MF vmsleu_vx.d
g++ -MMD -MP  -DPREFIX=\"/usr/local\" -Wall -Wno-nonportable-include-path -g -O2 -fPIC -std=c++2a -g -O2   -iquote . -I.. -iquote ../fesvr -iquote ../riscv -iquote ../disasm -iquote ../customext -iquote ../fdt -iquote ../softfloat -iquote ../spike_main -iquote ../spike_dasm -I/usr/include  -fPIC -I../fdt -c vmslt_vv.cc -o vmslt_vv.o -MF vmslt_vv.d
g++ -MMD -MP  -DPREFIX=\"/usr/local\" -Wall -Wno-nonportable-include-path -g -O2 -fPIC -std=c++2a -g -O2   -iquote . -I.. -iquote ../fesvr -iquote ../riscv -iquote ../disasm -iquote ../customext -iquote ../fdt -iquote ../softfloat -iquote ../spike_main -iquote ../spike_dasm -I/usr/include  -fPIC -I../fdt -c vmslt_vx.cc -o vmslt_vx.o -MF vmslt_vx.d
g++ -MMD -MP  -DPREFIX=\"/usr/local\" -Wall -Wno-nonportable-include-path -g -O2 -fPIC -std=c++2a -g -O2   -iquote . -I.. -iquote ../fesvr -iquote ../riscv -iquote ../disasm -iquote ../customext -iquote ../fdt -iquote ../softfloat -iquote ../spike_main -iquote ../spike_dasm -I/usr/include  -fPIC -I../fdt -c vmsltu_vv.cc -o vmsltu_vv.o -MF vmsltu_vv.d
g++ -MMD -MP  -DPREFIX=\"/usr/local\" -Wall -Wno-nonportable-include-path -g -O2 -fPIC -std=c++2a -g -O2   -iquote . -I.. -iquote ../fesvr -iquote ../riscv -iquote ../disasm -iquote ../customext -iquote ../fdt -iquote ../softfloat -iquote ../spike_main -iquote ../spike_dasm -I/usr/include  -fPIC -I../fdt -c vmsltu_vx.cc -o vmsltu_vx.o -MF vmsltu_vx.d
g++ -MMD -MP  -DPREFIX=\"/usr/local\" -Wall -Wno-nonportable-include-path -g -O2 -fPIC -std=c++2a -g -O2   -iquote . -I.. -iquote ../fesvr -iquote ../riscv -iquote ../disasm -iquote ../customext -iquote ../fdt -iquote ../softfloat -iquote ../spike_main -iquote ../spike_dasm -I/usr/include  -fPIC -I../fdt -c vmsne_vi.cc -o vmsne_vi.o -MF vmsne_vi.d
g++ -MMD -MP  -DPREFIX=\"/usr/local\" -Wall -Wno-nonportable-include-path -g -O2 -fPIC -std=c++2a -g -O2   -iquote . -I.. -iquote ../fesvr -iquote ../riscv -iquote ../disasm -iquote ../customext -iquote ../fdt -iquote ../softfloat -iquote ../spike_main -iquote ../spike_dasm -I/usr/include  -fPIC -I../fdt -c vmsne_vv.cc -o vmsne_vv.o -MF vmsne_vv.d
g++ -MMD -MP  -DPREFIX=\"/usr/local\" -Wall -Wno-nonportable-include-path -g -O2 -fPIC -std=c++2a -g -O2   -iquote . -I.. -iquote ../fesvr -iquote ../riscv -iquote ../disasm -iquote ../customext -iquote ../fdt -iquote ../softfloat -iquote ../spike_main -iquote ../spike_dasm -I/usr/include  -fPIC -I../fdt -c vmsne_vx.cc -o vmsne_vx.o -MF vmsne_vx.d
g++ -MMD -MP  -DPREFIX=\"/usr/local\" -Wall -Wno-nonportable-include-path -g -O2 -fPIC -std=c++2a -g -O2   -iquote . -I.. -iquote ../fesvr -iquote ../riscv -iquote ../disasm -iquote ../customext -iquote ../fdt -iquote ../softfloat -iquote ../spike_main -iquote ../spike_dasm -I/usr/include  -fPIC -I../fdt -c vmsof_m.cc -o vmsof_m.o -MF vmsof_m.d
g++ -MMD -MP  -DPREFIX=\"/usr/local\" -Wall -Wno-nonportable-include-path -g -O2 -fPIC -std=c++2a -g -O2   -iquote . -I.. -iquote ../fesvr -iquote ../riscv -iquote ../disasm -iquote ../customext -iquote ../fdt -iquote ../softfloat -iquote ../spike_main -iquote ../spike_dasm -I/usr/include  -fPIC -I../fdt -c vmul_vv.cc -o vmul_vv.o -MF vmul_vv.d
g++ -MMD -MP  -DPREFIX=\"/usr/local\" -Wall -Wno-nonportable-include-path -g -O2 -fPIC -std=c++2a -g -O2   -iquote . -I.. -iquote ../fesvr -iquote ../riscv -iquote ../disasm -iquote ../customext -iquote ../fdt -iquote ../softfloat -iquote ../spike_main -iquote ../spike_dasm -I/usr/include  -fPIC -I../fdt -c vmul_vx.cc -o vmul_vx.o -MF vmul_vx.d
g++ -MMD -MP  -DPREFIX=\"/usr/local\" -Wall -Wno-nonportable-include-path -g -O2 -fPIC -std=c++2a -g -O2   -iquote . -I.. -iquote ../fesvr -iquote ../riscv -iquote ../disasm -iquote ../customext -iquote ../fdt -iquote ../softfloat -iquote ../spike_main -iquote ../spike_dasm -I/usr/include  -fPIC -I../fdt -c vmulh_vv.cc -o vmulh_vv.o -MF vmulh_vv.d
g++ -MMD -MP  -DPREFIX=\"/usr/local\" -Wall -Wno-nonportable-include-path -g -O2 -fPIC -std=c++2a -g -O2   -iquote . -I.. -iquote ../fesvr -iquote ../riscv -iquote ../disasm -iquote ../customext -iquote ../fdt -iquote ../softfloat -iquote ../spike_main -iquote ../spike_dasm -I/usr/include  -fPIC -I../fdt -c vmulh_vx.cc -o vmulh_vx.o -MF vmulh_vx.d
g++ -MMD -MP  -DPREFIX=\"/usr/local\" -Wall -Wno-nonportable-include-path -g -O2 -fPIC -std=c++2a -g -O2   -iquote . -I.. -iquote ../fesvr -iquote ../riscv -iquote ../disasm -iquote ../customext -iquote ../fdt -iquote ../softfloat -iquote ../spike_main -iquote ../spike_dasm -I/usr/include  -fPIC -I../fdt -c vmulhsu_vv.cc -o vmulhsu_vv.o -MF vmulhsu_vv.d
g++ -MMD -MP  -DPREFIX=\"/usr/local\" -Wall -Wno-nonportable-include-path -g -O2 -fPIC -std=c++2a -g -O2   -iquote . -I.. -iquote ../fesvr -iquote ../riscv -iquote ../disasm -iquote ../customext -iquote ../fdt -iquote ../softfloat -iquote ../spike_main -iquote ../spike_dasm -I/usr/include  -fPIC -I../fdt -c vmulhsu_vx.cc -o vmulhsu_vx.o -MF vmulhsu_vx.d
g++ -MMD -MP  -DPREFIX=\"/usr/local\" -Wall -Wno-nonportable-include-path -g -O2 -fPIC -std=c++2a -g -O2   -iquote . -I.. -iquote ../fesvr -iquote ../riscv -iquote ../disasm -iquote ../customext -iquote ../fdt -iquote ../softfloat -iquote ../spike_main -iquote ../spike_dasm -I/usr/include  -fPIC -I../fdt -c vmulhu_vv.cc -o vmulhu_vv.o -MF vmulhu_vv.d
g++ -MMD -MP  -DPREFIX=\"/usr/local\" -Wall -Wno-nonportable-include-path -g -O2 -fPIC -std=c++2a -g -O2   -iquote . -I.. -iquote ../fesvr -iquote ../riscv -iquote ../disasm -iquote ../customext -iquote ../fdt -iquote ../softfloat -iquote ../spike_main -iquote ../spike_dasm -I/usr/include  -fPIC -I../fdt -c vmulhu_vx.cc -o vmulhu_vx.o -MF vmulhu_vx.d
g++ -MMD -MP  -DPREFIX=\"/usr/local\" -Wall -Wno-nonportable-include-path -g -O2 -fPIC -std=c++2a -g -O2   -iquote . -I.. -iquote ../fesvr -iquote ../riscv -iquote ../disasm -iquote ../customext -iquote ../fdt -iquote ../softfloat -iquote ../spike_main -iquote ../spike_dasm -I/usr/include  -fPIC -I../fdt -c vmv_s_x.cc -o vmv_s_x.o -MF vmv_s_x.d
g++ -MMD -MP  -DPREFIX=\"/usr/local\" -Wall -Wno-nonportable-include-path -g -O2 -fPIC -std=c++2a -g -O2   -iquote . -I.. -iquote ../fesvr -iquote ../riscv -iquote ../disasm -iquote ../customext -iquote ../fdt -iquote ../softfloat -iquote ../spike_main -iquote ../spike_dasm -I/usr/include  -fPIC -I../fdt -c vmv_v_i.cc -o vmv_v_i.o -MF vmv_v_i.d
g++ -MMD -MP  -DPREFIX=\"/usr/local\" -Wall -Wno-nonportable-include-path -g -O2 -fPIC -std=c++2a -g -O2   -iquote . -I.. -iquote ../fesvr -iquote ../riscv -iquote ../disasm -iquote ../customext -iquote ../fdt -iquote ../softfloat -iquote ../spike_main -iquote ../spike_dasm -I/usr/include  -fPIC -I../fdt -c vmv_v_v.cc -o vmv_v_v.o -MF vmv_v_v.d
g++ -MMD -MP  -DPREFIX=\"/usr/local\" -Wall -Wno-nonportable-include-path -g -O2 -fPIC -std=c++2a -g -O2   -iquote . -I.. -iquote ../fesvr -iquote ../riscv -iquote ../disasm -iquote ../customext -iquote ../fdt -iquote ../softfloat -iquote ../spike_main -iquote ../spike_dasm -I/usr/include  -fPIC -I../fdt -c vmv_v_x.cc -o vmv_v_x.o -MF vmv_v_x.d
g++ -MMD -MP  -DPREFIX=\"/usr/local\" -Wall -Wno-nonportable-include-path -g -O2 -fPIC -std=c++2a -g -O2   -iquote . -I.. -iquote ../fesvr -iquote ../riscv -iquote ../disasm -iquote ../customext -iquote ../fdt -iquote ../softfloat -iquote ../spike_main -iquote ../spike_dasm -I/usr/include  -fPIC -I../fdt -c vmv_x_s.cc -o vmv_x_s.o -MF vmv_x_s.d
g++ -MMD -MP  -DPREFIX=\"/usr/local\" -Wall -Wno-nonportable-include-path -g -O2 -fPIC -std=c++2a -g -O2   -iquote . -I.. -iquote ../fesvr -iquote ../riscv -iquote ../disasm -iquote ../customext -iquote ../fdt -iquote ../softfloat -iquote ../spike_main -iquote ../spike_dasm -I/usr/include  -fPIC -I../fdt -c vmv1r_v.cc -o vmv1r_v.o -MF vmv1r_v.d
g++ -MMD -MP  -DPREFIX=\"/usr/local\" -Wall -Wno-nonportable-include-path -g -O2 -fPIC -std=c++2a -g -O2   -iquote . -I.. -iquote ../fesvr -iquote ../riscv -iquote ../disasm -iquote ../customext -iquote ../fdt -iquote ../softfloat -iquote ../spike_main -iquote ../spike_dasm -I/usr/include  -fPIC -I../fdt -c vmv2r_v.cc -o vmv2r_v.o -MF vmv2r_v.d
g++ -MMD -MP  -DPREFIX=\"/usr/local\" -Wall -Wno-nonportable-include-path -g -O2 -fPIC -std=c++2a -g -O2   -iquote . -I.. -iquote ../fesvr -iquote ../riscv -iquote ../disasm -iquote ../customext -iquote ../fdt -iquote ../softfloat -iquote ../spike_main -iquote ../spike_dasm -I/usr/include  -fPIC -I../fdt -c vmv4r_v.cc -o vmv4r_v.o -MF vmv4r_v.d
g++ -MMD -MP  -DPREFIX=\"/usr/local\" -Wall -Wno-nonportable-include-path -g -O2 -fPIC -std=c++2a -g -O2   -iquote . -I.. -iquote ../fesvr -iquote ../riscv -iquote ../disasm -iquote ../customext -iquote ../fdt -iquote ../softfloat -iquote ../spike_main -iquote ../spike_dasm -I/usr/include  -fPIC -I../fdt -c vmv8r_v.cc -o vmv8r_v.o -MF vmv8r_v.d
g++ -MMD -MP  -DPREFIX=\"/usr/local\" -Wall -Wno-nonportable-include-path -g -O2 -fPIC -std=c++2a -g -O2   -iquote . -I.. -iquote ../fesvr -iquote ../riscv -iquote ../disasm -iquote ../customext -iquote ../fdt -iquote ../softfloat -iquote ../spike_main -iquote ../spike_dasm -I/usr/include  -fPIC -I../fdt -c vmxnor_mm.cc -o vmxnor_mm.o -MF vmxnor_mm.d
g++ -MMD -MP  -DPREFIX=\"/usr/local\" -Wall -Wno-nonportable-include-path -g -O2 -fPIC -std=c++2a -g -O2   -iquote . -I.. -iquote ../fesvr -iquote ../riscv -iquote ../disasm -iquote ../customext -iquote ../fdt -iquote ../softfloat -iquote ../spike_main -iquote ../spike_dasm -I/usr/include  -fPIC -I../fdt -c vmxor_mm.cc -o vmxor_mm.o -MF vmxor_mm.d
g++ -MMD -MP  -DPREFIX=\"/usr/local\" -Wall -Wno-nonportable-include-path -g -O2 -fPIC -std=c++2a -g -O2   -iquote . -I.. -iquote ../fesvr -iquote ../riscv -iquote ../disasm -iquote ../customext -iquote ../fdt -iquote ../softfloat -iquote ../spike_main -iquote ../spike_dasm -I/usr/include  -fPIC -I../fdt -c vnclip_wi.cc -o vnclip_wi.o -MF vnclip_wi.d
g++ -MMD -MP  -DPREFIX=\"/usr/local\" -Wall -Wno-nonportable-include-path -g -O2 -fPIC -std=c++2a -g -O2   -iquote . -I.. -iquote ../fesvr -iquote ../riscv -iquote ../disasm -iquote ../customext -iquote ../fdt -iquote ../softfloat -iquote ../spike_main -iquote ../spike_dasm -I/usr/include  -fPIC -I../fdt -c vnclip_wv.cc -o vnclip_wv.o -MF vnclip_wv.d
g++ -MMD -MP  -DPREFIX=\"/usr/local\" -Wall -Wno-nonportable-include-path -g -O2 -fPIC -std=c++2a -g -O2   -iquote . -I.. -iquote ../fesvr -iquote ../riscv -iquote ../disasm -iquote ../customext -iquote ../fdt -iquote ../softfloat -iquote ../spike_main -iquote ../spike_dasm -I/usr/include  -fPIC -I../fdt -c vnclip_wx.cc -o vnclip_wx.o -MF vnclip_wx.d
g++ -MMD -MP  -DPREFIX=\"/usr/local\" -Wall -Wno-nonportable-include-path -g -O2 -fPIC -std=c++2a -g -O2   -iquote . -I.. -iquote ../fesvr -iquote ../riscv -iquote ../disasm -iquote ../customext -iquote ../fdt -iquote ../softfloat -iquote ../spike_main -iquote ../spike_dasm -I/usr/include  -fPIC -I../fdt -c vnclipu_wi.cc -o vnclipu_wi.o -MF vnclipu_wi.d
g++ -MMD -MP  -DPREFIX=\"/usr/local\" -Wall -Wno-nonportable-include-path -g -O2 -fPIC -std=c++2a -g -O2   -iquote . -I.. -iquote ../fesvr -iquote ../riscv -iquote ../disasm -iquote ../customext -iquote ../fdt -iquote ../softfloat -iquote ../spike_main -iquote ../spike_dasm -I/usr/include  -fPIC -I../fdt -c vnclipu_wv.cc -o vnclipu_wv.o -MF vnclipu_wv.d
g++ -MMD -MP  -DPREFIX=\"/usr/local\" -Wall -Wno-nonportable-include-path -g -O2 -fPIC -std=c++2a -g -O2   -iquote . -I.. -iquote ../fesvr -iquote ../riscv -iquote ../disasm -iquote ../customext -iquote ../fdt -iquote ../softfloat -iquote ../spike_main -iquote ../spike_dasm -I/usr/include  -fPIC -I../fdt -c vnclipu_wx.cc -o vnclipu_wx.o -MF vnclipu_wx.d
g++ -MMD -MP  -DPREFIX=\"/usr/local\" -Wall -Wno-nonportable-include-path -g -O2 -fPIC -std=c++2a -g -O2   -iquote . -I.. -iquote ../fesvr -iquote ../riscv -iquote ../disasm -iquote ../customext -iquote ../fdt -iquote ../softfloat -iquote ../spike_main -iquote ../spike_dasm -I/usr/include  -fPIC -I../fdt -c vnmsac_vv.cc -o vnmsac_vv.o -MF vnmsac_vv.d
g++ -MMD -MP  -DPREFIX=\"/usr/local\" -Wall -Wno-nonportable-include-path -g -O2 -fPIC -std=c++2a -g -O2   -iquote . -I.. -iquote ../fesvr -iquote ../riscv -iquote ../disasm -iquote ../customext -iquote ../fdt -iquote ../softfloat -iquote ../spike_main -iquote ../spike_dasm -I/usr/include  -fPIC -I../fdt -c vnmsac_vx.cc -o vnmsac_vx.o -MF vnmsac_vx.d
g++ -MMD -MP  -DPREFIX=\"/usr/local\" -Wall -Wno-nonportable-include-path -g -O2 -fPIC -std=c++2a -g -O2   -iquote . -I.. -iquote ../fesvr -iquote ../riscv -iquote ../disasm -iquote ../customext -iquote ../fdt -iquote ../softfloat -iquote ../spike_main -iquote ../spike_dasm -I/usr/include  -fPIC -I../fdt -c vnmsub_vv.cc -o vnmsub_vv.o -MF vnmsub_vv.d
g++ -MMD -MP  -DPREFIX=\"/usr/local\" -Wall -Wno-nonportable-include-path -g -O2 -fPIC -std=c++2a -g -O2   -iquote . -I.. -iquote ../fesvr -iquote ../riscv -iquote ../disasm -iquote ../customext -iquote ../fdt -iquote ../softfloat -iquote ../spike_main -iquote ../spike_dasm -I/usr/include  -fPIC -I../fdt -c vnmsub_vx.cc -o vnmsub_vx.o -MF vnmsub_vx.d
g++ -MMD -MP  -DPREFIX=\"/usr/local\" -Wall -Wno-nonportable-include-path -g -O2 -fPIC -std=c++2a -g -O2   -iquote . -I.. -iquote ../fesvr -iquote ../riscv -iquote ../disasm -iquote ../customext -iquote ../fdt -iquote ../softfloat -iquote ../spike_main -iquote ../spike_dasm -I/usr/include  -fPIC -I../fdt -c vnsra_wi.cc -o vnsra_wi.o -MF vnsra_wi.d
g++ -MMD -MP  -DPREFIX=\"/usr/local\" -Wall -Wno-nonportable-include-path -g -O2 -fPIC -std=c++2a -g -O2   -iquote . -I.. -iquote ../fesvr -iquote ../riscv -iquote ../disasm -iquote ../customext -iquote ../fdt -iquote ../softfloat -iquote ../spike_main -iquote ../spike_dasm -I/usr/include  -fPIC -I../fdt -c vnsra_wv.cc -o vnsra_wv.o -MF vnsra_wv.d
g++ -MMD -MP  -DPREFIX=\"/usr/local\" -Wall -Wno-nonportable-include-path -g -O2 -fPIC -std=c++2a -g -O2   -iquote . -I.. -iquote ../fesvr -iquote ../riscv -iquote ../disasm -iquote ../customext -iquote ../fdt -iquote ../softfloat -iquote ../spike_main -iquote ../spike_dasm -I/usr/include  -fPIC -I../fdt -c vnsra_wx.cc -o vnsra_wx.o -MF vnsra_wx.d
g++ -MMD -MP  -DPREFIX=\"/usr/local\" -Wall -Wno-nonportable-include-path -g -O2 -fPIC -std=c++2a -g -O2   -iquote . -I.. -iquote ../fesvr -iquote ../riscv -iquote ../disasm -iquote ../customext -iquote ../fdt -iquote ../softfloat -iquote ../spike_main -iquote ../spike_dasm -I/usr/include  -fPIC -I../fdt -c vnsrl_wi.cc -o vnsrl_wi.o -MF vnsrl_wi.d
g++ -MMD -MP  -DPREFIX=\"/usr/local\" -Wall -Wno-nonportable-include-path -g -O2 -fPIC -std=c++2a -g -O2   -iquote . -I.. -iquote ../fesvr -iquote ../riscv -iquote ../disasm -iquote ../customext -iquote ../fdt -iquote ../softfloat -iquote ../spike_main -iquote ../spike_dasm -I/usr/include  -fPIC -I../fdt -c vnsrl_wv.cc -o vnsrl_wv.o -MF vnsrl_wv.d
g++ -MMD -MP  -DPREFIX=\"/usr/local\" -Wall -Wno-nonportable-include-path -g -O2 -fPIC -std=c++2a -g -O2   -iquote . -I.. -iquote ../fesvr -iquote ../riscv -iquote ../disasm -iquote ../customext -iquote ../fdt -iquote ../softfloat -iquote ../spike_main -iquote ../spike_dasm -I/usr/include  -fPIC -I../fdt -c vnsrl_wx.cc -o vnsrl_wx.o -MF vnsrl_wx.d
g++ -MMD -MP  -DPREFIX=\"/usr/local\" -Wall -Wno-nonportable-include-path -g -O2 -fPIC -std=c++2a -g -O2   -iquote . -I.. -iquote ../fesvr -iquote ../riscv -iquote ../disasm -iquote ../customext -iquote ../fdt -iquote ../softfloat -iquote ../spike_main -iquote ../spike_dasm -I/usr/include  -fPIC -I../fdt -c vor_vi.cc -o vor_vi.o -MF vor_vi.d
g++ -MMD -MP  -DPREFIX=\"/usr/local\" -Wall -Wno-nonportable-include-path -g -O2 -fPIC -std=c++2a -g -O2   -iquote . -I.. -iquote ../fesvr -iquote ../riscv -iquote ../disasm -iquote ../customext -iquote ../fdt -iquote ../softfloat -iquote ../spike_main -iquote ../spike_dasm -I/usr/include  -fPIC -I../fdt -c vor_vv.cc -o vor_vv.o -MF vor_vv.d
g++ -MMD -MP  -DPREFIX=\"/usr/local\" -Wall -Wno-nonportable-include-path -g -O2 -fPIC -std=c++2a -g -O2   -iquote . -I.. -iquote ../fesvr -iquote ../riscv -iquote ../disasm -iquote ../customext -iquote ../fdt -iquote ../softfloat -iquote ../spike_main -iquote ../spike_dasm -I/usr/include  -fPIC -I../fdt -c vor_vx.cc -o vor_vx.o -MF vor_vx.d
g++ -MMD -MP  -DPREFIX=\"/usr/local\" -Wall -Wno-nonportable-include-path -g -O2 -fPIC -std=c++2a -g -O2   -iquote . -I.. -iquote ../fesvr -iquote ../riscv -iquote ../disasm -iquote ../customext -iquote ../fdt -iquote ../softfloat -iquote ../spike_main -iquote ../spike_dasm -I/usr/include  -fPIC -I../fdt -c vredand_vs.cc -o vredand_vs.o -MF vredand_vs.d
g++ -MMD -MP  -DPREFIX=\"/usr/local\" -Wall -Wno-nonportable-include-path -g -O2 -fPIC -std=c++2a -g -O2   -iquote . -I.. -iquote ../fesvr -iquote ../riscv -iquote ../disasm -iquote ../customext -iquote ../fdt -iquote ../softfloat -iquote ../spike_main -iquote ../spike_dasm -I/usr/include  -fPIC -I../fdt -c vredmax_vs.cc -o vredmax_vs.o -MF vredmax_vs.d
g++ -MMD -MP  -DPREFIX=\"/usr/local\" -Wall -Wno-nonportable-include-path -g -O2 -fPIC -std=c++2a -g -O2   -iquote . -I.. -iquote ../fesvr -iquote ../riscv -iquote ../disasm -iquote ../customext -iquote ../fdt -iquote ../softfloat -iquote ../spike_main -iquote ../spike_dasm -I/usr/include  -fPIC -I../fdt -c vredmaxu_vs.cc -o vredmaxu_vs.o -MF vredmaxu_vs.d
g++ -MMD -MP  -DPREFIX=\"/usr/local\" -Wall -Wno-nonportable-include-path -g -O2 -fPIC -std=c++2a -g -O2   -iquote . -I.. -iquote ../fesvr -iquote ../riscv -iquote ../disasm -iquote ../customext -iquote ../fdt -iquote ../softfloat -iquote ../spike_main -iquote ../spike_dasm -I/usr/include  -fPIC -I../fdt -c vredmin_vs.cc -o vredmin_vs.o -MF vredmin_vs.d
g++ -MMD -MP  -DPREFIX=\"/usr/local\" -Wall -Wno-nonportable-include-path -g -O2 -fPIC -std=c++2a -g -O2   -iquote . -I.. -iquote ../fesvr -iquote ../riscv -iquote ../disasm -iquote ../customext -iquote ../fdt -iquote ../softfloat -iquote ../spike_main -iquote ../spike_dasm -I/usr/include  -fPIC -I../fdt -c vredminu_vs.cc -o vredminu_vs.o -MF vredminu_vs.d
g++ -MMD -MP  -DPREFIX=\"/usr/local\" -Wall -Wno-nonportable-include-path -g -O2 -fPIC -std=c++2a -g -O2   -iquote . -I.. -iquote ../fesvr -iquote ../riscv -iquote ../disasm -iquote ../customext -iquote ../fdt -iquote ../softfloat -iquote ../spike_main -iquote ../spike_dasm -I/usr/include  -fPIC -I../fdt -c vredor_vs.cc -o vredor_vs.o -MF vredor_vs.d
g++ -MMD -MP  -DPREFIX=\"/usr/local\" -Wall -Wno-nonportable-include-path -g -O2 -fPIC -std=c++2a -g -O2   -iquote . -I.. -iquote ../fesvr -iquote ../riscv -iquote ../disasm -iquote ../customext -iquote ../fdt -iquote ../softfloat -iquote ../spike_main -iquote ../spike_dasm -I/usr/include  -fPIC -I../fdt -c vredsum_vs.cc -o vredsum_vs.o -MF vredsum_vs.d
g++ -MMD -MP  -DPREFIX=\"/usr/local\" -Wall -Wno-nonportable-include-path -g -O2 -fPIC -std=c++2a -g -O2   -iquote . -I.. -iquote ../fesvr -iquote ../riscv -iquote ../disasm -iquote ../customext -iquote ../fdt -iquote ../softfloat -iquote ../spike_main -iquote ../spike_dasm -I/usr/include  -fPIC -I../fdt -c vredxor_vs.cc -o vredxor_vs.o -MF vredxor_vs.d
g++ -MMD -MP  -DPREFIX=\"/usr/local\" -Wall -Wno-nonportable-include-path -g -O2 -fPIC -std=c++2a -g -O2   -iquote . -I.. -iquote ../fesvr -iquote ../riscv -iquote ../disasm -iquote ../customext -iquote ../fdt -iquote ../softfloat -iquote ../spike_main -iquote ../spike_dasm -I/usr/include  -fPIC -I../fdt -c vrem_vv.cc -o vrem_vv.o -MF vrem_vv.d
g++ -MMD -MP  -DPREFIX=\"/usr/local\" -Wall -Wno-nonportable-include-path -g -O2 -fPIC -std=c++2a -g -O2   -iquote . -I.. -iquote ../fesvr -iquote ../riscv -iquote ../disasm -iquote ../customext -iquote ../fdt -iquote ../softfloat -iquote ../spike_main -iquote ../spike_dasm -I/usr/include  -fPIC -I../fdt -c vrem_vx.cc -o vrem_vx.o -MF vrem_vx.d
g++ -MMD -MP  -DPREFIX=\"/usr/local\" -Wall -Wno-nonportable-include-path -g -O2 -fPIC -std=c++2a -g -O2   -iquote . -I.. -iquote ../fesvr -iquote ../riscv -iquote ../disasm -iquote ../customext -iquote ../fdt -iquote ../softfloat -iquote ../spike_main -iquote ../spike_dasm -I/usr/include  -fPIC -I../fdt -c vremu_vv.cc -o vremu_vv.o -MF vremu_vv.d
g++ -MMD -MP  -DPREFIX=\"/usr/local\" -Wall -Wno-nonportable-include-path -g -O2 -fPIC -std=c++2a -g -O2   -iquote . -I.. -iquote ../fesvr -iquote ../riscv -iquote ../disasm -iquote ../customext -iquote ../fdt -iquote ../softfloat -iquote ../spike_main -iquote ../spike_dasm -I/usr/include  -fPIC -I../fdt -c vremu_vx.cc -o vremu_vx.o -MF vremu_vx.d
g++ -MMD -MP  -DPREFIX=\"/usr/local\" -Wall -Wno-nonportable-include-path -g -O2 -fPIC -std=c++2a -g -O2   -iquote . -I.. -iquote ../fesvr -iquote ../riscv -iquote ../disasm -iquote ../customext -iquote ../fdt -iquote ../softfloat -iquote ../spike_main -iquote ../spike_dasm -I/usr/include  -fPIC -I../fdt -c vrgather_vi.cc -o vrgather_vi.o -MF vrgather_vi.d
g++ -MMD -MP  -DPREFIX=\"/usr/local\" -Wall -Wno-nonportable-include-path -g -O2 -fPIC -std=c++2a -g -O2   -iquote . -I.. -iquote ../fesvr -iquote ../riscv -iquote ../disasm -iquote ../customext -iquote ../fdt -iquote ../softfloat -iquote ../spike_main -iquote ../spike_dasm -I/usr/include  -fPIC -I../fdt -c vrgather_vv.cc -o vrgather_vv.o -MF vrgather_vv.d
g++ -MMD -MP  -DPREFIX=\"/usr/local\" -Wall -Wno-nonportable-include-path -g -O2 -fPIC -std=c++2a -g -O2   -iquote . -I.. -iquote ../fesvr -iquote ../riscv -iquote ../disasm -iquote ../customext -iquote ../fdt -iquote ../softfloat -iquote ../spike_main -iquote ../spike_dasm -I/usr/include  -fPIC -I../fdt -c vrgather_vx.cc -o vrgather_vx.o -MF vrgather_vx.d
g++ -MMD -MP  -DPREFIX=\"/usr/local\" -Wall -Wno-nonportable-include-path -g -O2 -fPIC -std=c++2a -g -O2   -iquote . -I.. -iquote ../fesvr -iquote ../riscv -iquote ../disasm -iquote ../customext -iquote ../fdt -iquote ../softfloat -iquote ../spike_main -iquote ../spike_dasm -I/usr/include  -fPIC -I../fdt -c vrgatherei16_vv.cc -o vrgatherei16_vv.o -MF vrgatherei16_vv.d
g++ -MMD -MP  -DPREFIX=\"/usr/local\" -Wall -Wno-nonportable-include-path -g -O2 -fPIC -std=c++2a -g -O2   -iquote . -I.. -iquote ../fesvr -iquote ../riscv -iquote ../disasm -iquote ../customext -iquote ../fdt -iquote ../softfloat -iquote ../spike_main -iquote ../spike_dasm -I/usr/include  -fPIC -I../fdt -c vrsub_vi.cc -o vrsub_vi.o -MF vrsub_vi.d
g++ -MMD -MP  -DPREFIX=\"/usr/local\" -Wall -Wno-nonportable-include-path -g -O2 -fPIC -std=c++2a -g -O2   -iquote . -I.. -iquote ../fesvr -iquote ../riscv -iquote ../disasm -iquote ../customext -iquote ../fdt -iquote ../softfloat -iquote ../spike_main -iquote ../spike_dasm -I/usr/include  -fPIC -I../fdt -c vrsub_vx.cc -o vrsub_vx.o -MF vrsub_vx.d
g++ -MMD -MP  -DPREFIX=\"/usr/local\" -Wall -Wno-nonportable-include-path -g -O2 -fPIC -std=c++2a -g -O2   -iquote . -I.. -iquote ../fesvr -iquote ../riscv -iquote ../disasm -iquote ../customext -iquote ../fdt -iquote ../softfloat -iquote ../spike_main -iquote ../spike_dasm -I/usr/include  -fPIC -I../fdt -c vsadd_vi.cc -o vsadd_vi.o -MF vsadd_vi.d
g++ -MMD -MP  -DPREFIX=\"/usr/local\" -Wall -Wno-nonportable-include-path -g -O2 -fPIC -std=c++2a -g -O2   -iquote . -I.. -iquote ../fesvr -iquote ../riscv -iquote ../disasm -iquote ../customext -iquote ../fdt -iquote ../softfloat -iquote ../spike_main -iquote ../spike_dasm -I/usr/include  -fPIC -I../fdt -c vsadd_vv.cc -o vsadd_vv.o -MF vsadd_vv.d
g++ -MMD -MP  -DPREFIX=\"/usr/local\" -Wall -Wno-nonportable-include-path -g -O2 -fPIC -std=c++2a -g -O2   -iquote . -I.. -iquote ../fesvr -iquote ../riscv -iquote ../disasm -iquote ../customext -iquote ../fdt -iquote ../softfloat -iquote ../spike_main -iquote ../spike_dasm -I/usr/include  -fPIC -I../fdt -c vsadd_vx.cc -o vsadd_vx.o -MF vsadd_vx.d
g++ -MMD -MP  -DPREFIX=\"/usr/local\" -Wall -Wno-nonportable-include-path -g -O2 -fPIC -std=c++2a -g -O2   -iquote . -I.. -iquote ../fesvr -iquote ../riscv -iquote ../disasm -iquote ../customext -iquote ../fdt -iquote ../softfloat -iquote ../spike_main -iquote ../spike_dasm -I/usr/include  -fPIC -I../fdt -c vsaddu_vi.cc -o vsaddu_vi.o -MF vsaddu_vi.d
g++ -MMD -MP  -DPREFIX=\"/usr/local\" -Wall -Wno-nonportable-include-path -g -O2 -fPIC -std=c++2a -g -O2   -iquote . -I.. -iquote ../fesvr -iquote ../riscv -iquote ../disasm -iquote ../customext -iquote ../fdt -iquote ../softfloat -iquote ../spike_main -iquote ../spike_dasm -I/usr/include  -fPIC -I../fdt -c vsaddu_vv.cc -o vsaddu_vv.o -MF vsaddu_vv.d
g++ -MMD -MP  -DPREFIX=\"/usr/local\" -Wall -Wno-nonportable-include-path -g -O2 -fPIC -std=c++2a -g -O2   -iquote . -I.. -iquote ../fesvr -iquote ../riscv -iquote ../disasm -iquote ../customext -iquote ../fdt -iquote ../softfloat -iquote ../spike_main -iquote ../spike_dasm -I/usr/include  -fPIC -I../fdt -c vsaddu_vx.cc -o vsaddu_vx.o -MF vsaddu_vx.d
g++ -MMD -MP  -DPREFIX=\"/usr/local\" -Wall -Wno-nonportable-include-path -g -O2 -fPIC -std=c++2a -g -O2   -iquote . -I.. -iquote ../fesvr -iquote ../riscv -iquote ../disasm -iquote ../customext -iquote ../fdt -iquote ../softfloat -iquote ../spike_main -iquote ../spike_dasm -I/usr/include  -fPIC -I../fdt -c vsbc_vvm.cc -o vsbc_vvm.o -MF vsbc_vvm.d
g++ -MMD -MP  -DPREFIX=\"/usr/local\" -Wall -Wno-nonportable-include-path -g -O2 -fPIC -std=c++2a -g -O2   -iquote . -I.. -iquote ../fesvr -iquote ../riscv -iquote ../disasm -iquote ../customext -iquote ../fdt -iquote ../softfloat -iquote ../spike_main -iquote ../spike_dasm -I/usr/include  -fPIC -I../fdt -c vsbc_vxm.cc -o vsbc_vxm.o -MF vsbc_vxm.d
g++ -MMD -MP  -DPREFIX=\"/usr/local\" -Wall -Wno-nonportable-include-path -g -O2 -fPIC -std=c++2a -g -O2   -iquote . -I.. -iquote ../fesvr -iquote ../riscv -iquote ../disasm -iquote ../customext -iquote ../fdt -iquote ../softfloat -iquote ../spike_main -iquote ../spike_dasm -I/usr/include  -fPIC -I../fdt -c vsext_vf2.cc -o vsext_vf2.o -MF vsext_vf2.d
g++ -MMD -MP  -DPREFIX=\"/usr/local\" -Wall -Wno-nonportable-include-path -g -O2 -fPIC -std=c++2a -g -O2   -iquote . -I.. -iquote ../fesvr -iquote ../riscv -iquote ../disasm -iquote ../customext -iquote ../fdt -iquote ../softfloat -iquote ../spike_main -iquote ../spike_dasm -I/usr/include  -fPIC -I../fdt -c vsext_vf4.cc -o vsext_vf4.o -MF vsext_vf4.d
g++ -MMD -MP  -DPREFIX=\"/usr/local\" -Wall -Wno-nonportable-include-path -g -O2 -fPIC -std=c++2a -g -O2   -iquote . -I.. -iquote ../fesvr -iquote ../riscv -iquote ../disasm -iquote ../customext -iquote ../fdt -iquote ../softfloat -iquote ../spike_main -iquote ../spike_dasm -I/usr/include  -fPIC -I../fdt -c vsext_vf8.cc -o vsext_vf8.o -MF vsext_vf8.d
g++ -MMD -MP  -DPREFIX=\"/usr/local\" -Wall -Wno-nonportable-include-path -g -O2 -fPIC -std=c++2a -g -O2   -iquote . -I.. -iquote ../fesvr -iquote ../riscv -iquote ../disasm -iquote ../customext -iquote ../fdt -iquote ../softfloat -iquote ../spike_main -iquote ../spike_dasm -I/usr/include  -fPIC -I../fdt -c vslide1down_vx.cc -o vslide1down_vx.o -MF vslide1down_vx.d
g++ -MMD -MP  -DPREFIX=\"/usr/local\" -Wall -Wno-nonportable-include-path -g -O2 -fPIC -std=c++2a -g -O2   -iquote . -I.. -iquote ../fesvr -iquote ../riscv -iquote ../disasm -iquote ../customext -iquote ../fdt -iquote ../softfloat -iquote ../spike_main -iquote ../spike_dasm -I/usr/include  -fPIC -I../fdt -c vslide1up_vx.cc -o vslide1up_vx.o -MF vslide1up_vx.d
g++ -MMD -MP  -DPREFIX=\"/usr/local\" -Wall -Wno-nonportable-include-path -g -O2 -fPIC -std=c++2a -g -O2   -iquote . -I.. -iquote ../fesvr -iquote ../riscv -iquote ../disasm -iquote ../customext -iquote ../fdt -iquote ../softfloat -iquote ../spike_main -iquote ../spike_dasm -I/usr/include  -fPIC -I../fdt -c vslidedown_vi.cc -o vslidedown_vi.o -MF vslidedown_vi.d
g++ -MMD -MP  -DPREFIX=\"/usr/local\" -Wall -Wno-nonportable-include-path -g -O2 -fPIC -std=c++2a -g -O2   -iquote . -I.. -iquote ../fesvr -iquote ../riscv -iquote ../disasm -iquote ../customext -iquote ../fdt -iquote ../softfloat -iquote ../spike_main -iquote ../spike_dasm -I/usr/include  -fPIC -I../fdt -c vslidedown_vx.cc -o vslidedown_vx.o -MF vslidedown_vx.d
g++ -MMD -MP  -DPREFIX=\"/usr/local\" -Wall -Wno-nonportable-include-path -g -O2 -fPIC -std=c++2a -g -O2   -iquote . -I.. -iquote ../fesvr -iquote ../riscv -iquote ../disasm -iquote ../customext -iquote ../fdt -iquote ../softfloat -iquote ../spike_main -iquote ../spike_dasm -I/usr/include  -fPIC -I../fdt -c vslideup_vi.cc -o vslideup_vi.o -MF vslideup_vi.d
g++ -MMD -MP  -DPREFIX=\"/usr/local\" -Wall -Wno-nonportable-include-path -g -O2 -fPIC -std=c++2a -g -O2   -iquote . -I.. -iquote ../fesvr -iquote ../riscv -iquote ../disasm -iquote ../customext -iquote ../fdt -iquote ../softfloat -iquote ../spike_main -iquote ../spike_dasm -I/usr/include  -fPIC -I../fdt -c vslideup_vx.cc -o vslideup_vx.o -MF vslideup_vx.d
g++ -MMD -MP  -DPREFIX=\"/usr/local\" -Wall -Wno-nonportable-include-path -g -O2 -fPIC -std=c++2a -g -O2   -iquote . -I.. -iquote ../fesvr -iquote ../riscv -iquote ../disasm -iquote ../customext -iquote ../fdt -iquote ../softfloat -iquote ../spike_main -iquote ../spike_dasm -I/usr/include  -fPIC -I../fdt -c vsll_vi.cc -o vsll_vi.o -MF vsll_vi.d
g++ -MMD -MP  -DPREFIX=\"/usr/local\" -Wall -Wno-nonportable-include-path -g -O2 -fPIC -std=c++2a -g -O2   -iquote . -I.. -iquote ../fesvr -iquote ../riscv -iquote ../disasm -iquote ../customext -iquote ../fdt -iquote ../softfloat -iquote ../spike_main -iquote ../spike_dasm -I/usr/include  -fPIC -I../fdt -c vsll_vv.cc -o vsll_vv.o -MF vsll_vv.d
g++ -MMD -MP  -DPREFIX=\"/usr/local\" -Wall -Wno-nonportable-include-path -g -O2 -fPIC -std=c++2a -g -O2   -iquote . -I.. -iquote ../fesvr -iquote ../riscv -iquote ../disasm -iquote ../customext -iquote ../fdt -iquote ../softfloat -iquote ../spike_main -iquote ../spike_dasm -I/usr/include  -fPIC -I../fdt -c vsll_vx.cc -o vsll_vx.o -MF vsll_vx.d
g++ -MMD -MP  -DPREFIX=\"/usr/local\" -Wall -Wno-nonportable-include-path -g -O2 -fPIC -std=c++2a -g -O2   -iquote . -I.. -iquote ../fesvr -iquote ../riscv -iquote ../disasm -iquote ../customext -iquote ../fdt -iquote ../softfloat -iquote ../spike_main -iquote ../spike_dasm -I/usr/include  -fPIC -I../fdt -c vsmul_vv.cc -o vsmul_vv.o -MF vsmul_vv.d
g++ -MMD -MP  -DPREFIX=\"/usr/local\" -Wall -Wno-nonportable-include-path -g -O2 -fPIC -std=c++2a -g -O2   -iquote . -I.. -iquote ../fesvr -iquote ../riscv -iquote ../disasm -iquote ../customext -iquote ../fdt -iquote ../softfloat -iquote ../spike_main -iquote ../spike_dasm -I/usr/include  -fPIC -I../fdt -c vsmul_vx.cc -o vsmul_vx.o -MF vsmul_vx.d
g++ -MMD -MP  -DPREFIX=\"/usr/local\" -Wall -Wno-nonportable-include-path -g -O2 -fPIC -std=c++2a -g -O2   -iquote . -I.. -iquote ../fesvr -iquote ../riscv -iquote ../disasm -iquote ../customext -iquote ../fdt -iquote ../softfloat -iquote ../spike_main -iquote ../spike_dasm -I/usr/include  -fPIC -I../fdt -c vsra_vi.cc -o vsra_vi.o -MF vsra_vi.d
g++ -MMD -MP  -DPREFIX=\"/usr/local\" -Wall -Wno-nonportable-include-path -g -O2 -fPIC -std=c++2a -g -O2   -iquote . -I.. -iquote ../fesvr -iquote ../riscv -iquote ../disasm -iquote ../customext -iquote ../fdt -iquote ../softfloat -iquote ../spike_main -iquote ../spike_dasm -I/usr/include  -fPIC -I../fdt -c vsra_vv.cc -o vsra_vv.o -MF vsra_vv.d
g++ -MMD -MP  -DPREFIX=\"/usr/local\" -Wall -Wno-nonportable-include-path -g -O2 -fPIC -std=c++2a -g -O2   -iquote . -I.. -iquote ../fesvr -iquote ../riscv -iquote ../disasm -iquote ../customext -iquote ../fdt -iquote ../softfloat -iquote ../spike_main -iquote ../spike_dasm -I/usr/include  -fPIC -I../fdt -c vsra_vx.cc -o vsra_vx.o -MF vsra_vx.d
g++ -MMD -MP  -DPREFIX=\"/usr/local\" -Wall -Wno-nonportable-include-path -g -O2 -fPIC -std=c++2a -g -O2   -iquote . -I.. -iquote ../fesvr -iquote ../riscv -iquote ../disasm -iquote ../customext -iquote ../fdt -iquote ../softfloat -iquote ../spike_main -iquote ../spike_dasm -I/usr/include  -fPIC -I../fdt -c vsrl_vi.cc -o vsrl_vi.o -MF vsrl_vi.d
g++ -MMD -MP  -DPREFIX=\"/usr/local\" -Wall -Wno-nonportable-include-path -g -O2 -fPIC -std=c++2a -g -O2   -iquote . -I.. -iquote ../fesvr -iquote ../riscv -iquote ../disasm -iquote ../customext -iquote ../fdt -iquote ../softfloat -iquote ../spike_main -iquote ../spike_dasm -I/usr/include  -fPIC -I../fdt -c vsrl_vv.cc -o vsrl_vv.o -MF vsrl_vv.d
g++ -MMD -MP  -DPREFIX=\"/usr/local\" -Wall -Wno-nonportable-include-path -g -O2 -fPIC -std=c++2a -g -O2   -iquote . -I.. -iquote ../fesvr -iquote ../riscv -iquote ../disasm -iquote ../customext -iquote ../fdt -iquote ../softfloat -iquote ../spike_main -iquote ../spike_dasm -I/usr/include  -fPIC -I../fdt -c vsrl_vx.cc -o vsrl_vx.o -MF vsrl_vx.d
g++ -MMD -MP  -DPREFIX=\"/usr/local\" -Wall -Wno-nonportable-include-path -g -O2 -fPIC -std=c++2a -g -O2   -iquote . -I.. -iquote ../fesvr -iquote ../riscv -iquote ../disasm -iquote ../customext -iquote ../fdt -iquote ../softfloat -iquote ../spike_main -iquote ../spike_dasm -I/usr/include  -fPIC -I../fdt -c vssra_vi.cc -o vssra_vi.o -MF vssra_vi.d
g++ -MMD -MP  -DPREFIX=\"/usr/local\" -Wall -Wno-nonportable-include-path -g -O2 -fPIC -std=c++2a -g -O2   -iquote . -I.. -iquote ../fesvr -iquote ../riscv -iquote ../disasm -iquote ../customext -iquote ../fdt -iquote ../softfloat -iquote ../spike_main -iquote ../spike_dasm -I/usr/include  -fPIC -I../fdt -c vssra_vv.cc -o vssra_vv.o -MF vssra_vv.d
g++ -MMD -MP  -DPREFIX=\"/usr/local\" -Wall -Wno-nonportable-include-path -g -O2 -fPIC -std=c++2a -g -O2   -iquote . -I.. -iquote ../fesvr -iquote ../riscv -iquote ../disasm -iquote ../customext -iquote ../fdt -iquote ../softfloat -iquote ../spike_main -iquote ../spike_dasm -I/usr/include  -fPIC -I../fdt -c vssra_vx.cc -o vssra_vx.o -MF vssra_vx.d
g++ -MMD -MP  -DPREFIX=\"/usr/local\" -Wall -Wno-nonportable-include-path -g -O2 -fPIC -std=c++2a -g -O2   -iquote . -I.. -iquote ../fesvr -iquote ../riscv -iquote ../disasm -iquote ../customext -iquote ../fdt -iquote ../softfloat -iquote ../spike_main -iquote ../spike_dasm -I/usr/include  -fPIC -I../fdt -c vssrl_vi.cc -o vssrl_vi.o -MF vssrl_vi.d
g++ -MMD -MP  -DPREFIX=\"/usr/local\" -Wall -Wno-nonportable-include-path -g -O2 -fPIC -std=c++2a -g -O2   -iquote . -I.. -iquote ../fesvr -iquote ../riscv -iquote ../disasm -iquote ../customext -iquote ../fdt -iquote ../softfloat -iquote ../spike_main -iquote ../spike_dasm -I/usr/include  -fPIC -I../fdt -c vssrl_vv.cc -o vssrl_vv.o -MF vssrl_vv.d
g++ -MMD -MP  -DPREFIX=\"/usr/local\" -Wall -Wno-nonportable-include-path -g -O2 -fPIC -std=c++2a -g -O2   -iquote . -I.. -iquote ../fesvr -iquote ../riscv -iquote ../disasm -iquote ../customext -iquote ../fdt -iquote ../softfloat -iquote ../spike_main -iquote ../spike_dasm -I/usr/include  -fPIC -I../fdt -c vssrl_vx.cc -o vssrl_vx.o -MF vssrl_vx.d
g++ -MMD -MP  -DPREFIX=\"/usr/local\" -Wall -Wno-nonportable-include-path -g -O2 -fPIC -std=c++2a -g -O2   -iquote . -I.. -iquote ../fesvr -iquote ../riscv -iquote ../disasm -iquote ../customext -iquote ../fdt -iquote ../softfloat -iquote ../spike_main -iquote ../spike_dasm -I/usr/include  -fPIC -I../fdt -c vssub_vv.cc -o vssub_vv.o -MF vssub_vv.d
g++ -MMD -MP  -DPREFIX=\"/usr/local\" -Wall -Wno-nonportable-include-path -g -O2 -fPIC -std=c++2a -g -O2   -iquote . -I.. -iquote ../fesvr -iquote ../riscv -iquote ../disasm -iquote ../customext -iquote ../fdt -iquote ../softfloat -iquote ../spike_main -iquote ../spike_dasm -I/usr/include  -fPIC -I../fdt -c vssub_vx.cc -o vssub_vx.o -MF vssub_vx.d
g++ -MMD -MP  -DPREFIX=\"/usr/local\" -Wall -Wno-nonportable-include-path -g -O2 -fPIC -std=c++2a -g -O2   -iquote . -I.. -iquote ../fesvr -iquote ../riscv -iquote ../disasm -iquote ../customext -iquote ../fdt -iquote ../softfloat -iquote ../spike_main -iquote ../spike_dasm -I/usr/include  -fPIC -I../fdt -c vssubu_vv.cc -o vssubu_vv.o -MF vssubu_vv.d
g++ -MMD -MP  -DPREFIX=\"/usr/local\" -Wall -Wno-nonportable-include-path -g -O2 -fPIC -std=c++2a -g -O2   -iquote . -I.. -iquote ../fesvr -iquote ../riscv -iquote ../disasm -iquote ../customext -iquote ../fdt -iquote ../softfloat -iquote ../spike_main -iquote ../spike_dasm -I/usr/include  -fPIC -I../fdt -c vssubu_vx.cc -o vssubu_vx.o -MF vssubu_vx.d
g++ -MMD -MP  -DPREFIX=\"/usr/local\" -Wall -Wno-nonportable-include-path -g -O2 -fPIC -std=c++2a -g -O2   -iquote . -I.. -iquote ../fesvr -iquote ../riscv -iquote ../disasm -iquote ../customext -iquote ../fdt -iquote ../softfloat -iquote ../spike_main -iquote ../spike_dasm -I/usr/include  -fPIC -I../fdt -c vsub_vv.cc -o vsub_vv.o -MF vsub_vv.d
g++ -MMD -MP  -DPREFIX=\"/usr/local\" -Wall -Wno-nonportable-include-path -g -O2 -fPIC -std=c++2a -g -O2   -iquote . -I.. -iquote ../fesvr -iquote ../riscv -iquote ../disasm -iquote ../customext -iquote ../fdt -iquote ../softfloat -iquote ../spike_main -iquote ../spike_dasm -I/usr/include  -fPIC -I../fdt -c vsub_vx.cc -o vsub_vx.o -MF vsub_vx.d
g++ -MMD -MP  -DPREFIX=\"/usr/local\" -Wall -Wno-nonportable-include-path -g -O2 -fPIC -std=c++2a -g -O2   -iquote . -I.. -iquote ../fesvr -iquote ../riscv -iquote ../disasm -iquote ../customext -iquote ../fdt -iquote ../softfloat -iquote ../spike_main -iquote ../spike_dasm -I/usr/include  -fPIC -I../fdt -c vwadd_vv.cc -o vwadd_vv.o -MF vwadd_vv.d
g++ -MMD -MP  -DPREFIX=\"/usr/local\" -Wall -Wno-nonportable-include-path -g -O2 -fPIC -std=c++2a -g -O2   -iquote . -I.. -iquote ../fesvr -iquote ../riscv -iquote ../disasm -iquote ../customext -iquote ../fdt -iquote ../softfloat -iquote ../spike_main -iquote ../spike_dasm -I/usr/include  -fPIC -I../fdt -c vwadd_vx.cc -o vwadd_vx.o -MF vwadd_vx.d
g++ -MMD -MP  -DPREFIX=\"/usr/local\" -Wall -Wno-nonportable-include-path -g -O2 -fPIC -std=c++2a -g -O2   -iquote . -I.. -iquote ../fesvr -iquote ../riscv -iquote ../disasm -iquote ../customext -iquote ../fdt -iquote ../softfloat -iquote ../spike_main -iquote ../spike_dasm -I/usr/include  -fPIC -I../fdt -c vwadd_wv.cc -o vwadd_wv.o -MF vwadd_wv.d
g++ -MMD -MP  -DPREFIX=\"/usr/local\" -Wall -Wno-nonportable-include-path -g -O2 -fPIC -std=c++2a -g -O2   -iquote . -I.. -iquote ../fesvr -iquote ../riscv -iquote ../disasm -iquote ../customext -iquote ../fdt -iquote ../softfloat -iquote ../spike_main -iquote ../spike_dasm -I/usr/include  -fPIC -I../fdt -c vwadd_wx.cc -o vwadd_wx.o -MF vwadd_wx.d
g++ -MMD -MP  -DPREFIX=\"/usr/local\" -Wall -Wno-nonportable-include-path -g -O2 -fPIC -std=c++2a -g -O2   -iquote . -I.. -iquote ../fesvr -iquote ../riscv -iquote ../disasm -iquote ../customext -iquote ../fdt -iquote ../softfloat -iquote ../spike_main -iquote ../spike_dasm -I/usr/include  -fPIC -I../fdt -c vwaddu_vv.cc -o vwaddu_vv.o -MF vwaddu_vv.d
g++ -MMD -MP  -DPREFIX=\"/usr/local\" -Wall -Wno-nonportable-include-path -g -O2 -fPIC -std=c++2a -g -O2   -iquote . -I.. -iquote ../fesvr -iquote ../riscv -iquote ../disasm -iquote ../customext -iquote ../fdt -iquote ../softfloat -iquote ../spike_main -iquote ../spike_dasm -I/usr/include  -fPIC -I../fdt -c vwaddu_vx.cc -o vwaddu_vx.o -MF vwaddu_vx.d
g++ -MMD -MP  -DPREFIX=\"/usr/local\" -Wall -Wno-nonportable-include-path -g -O2 -fPIC -std=c++2a -g -O2   -iquote . -I.. -iquote ../fesvr -iquote ../riscv -iquote ../disasm -iquote ../customext -iquote ../fdt -iquote ../softfloat -iquote ../spike_main -iquote ../spike_dasm -I/usr/include  -fPIC -I../fdt -c vwaddu_wv.cc -o vwaddu_wv.o -MF vwaddu_wv.d
g++ -MMD -MP  -DPREFIX=\"/usr/local\" -Wall -Wno-nonportable-include-path -g -O2 -fPIC -std=c++2a -g -O2   -iquote . -I.. -iquote ../fesvr -iquote ../riscv -iquote ../disasm -iquote ../customext -iquote ../fdt -iquote ../softfloat -iquote ../spike_main -iquote ../spike_dasm -I/usr/include  -fPIC -I../fdt -c vwaddu_wx.cc -o vwaddu_wx.o -MF vwaddu_wx.d
g++ -MMD -MP  -DPREFIX=\"/usr/local\" -Wall -Wno-nonportable-include-path -g -O2 -fPIC -std=c++2a -g -O2   -iquote . -I.. -iquote ../fesvr -iquote ../riscv -iquote ../disasm -iquote ../customext -iquote ../fdt -iquote ../softfloat -iquote ../spike_main -iquote ../spike_dasm -I/usr/include  -fPIC -I../fdt -c vwmacc_vv.cc -o vwmacc_vv.o -MF vwmacc_vv.d
g++ -MMD -MP  -DPREFIX=\"/usr/local\" -Wall -Wno-nonportable-include-path -g -O2 -fPIC -std=c++2a -g -O2   -iquote . -I.. -iquote ../fesvr -iquote ../riscv -iquote ../disasm -iquote ../customext -iquote ../fdt -iquote ../softfloat -iquote ../spike_main -iquote ../spike_dasm -I/usr/include  -fPIC -I../fdt -c vwmacc_vx.cc -o vwmacc_vx.o -MF vwmacc_vx.d
g++ -MMD -MP  -DPREFIX=\"/usr/local\" -Wall -Wno-nonportable-include-path -g -O2 -fPIC -std=c++2a -g -O2   -iquote . -I.. -iquote ../fesvr -iquote ../riscv -iquote ../disasm -iquote ../customext -iquote ../fdt -iquote ../softfloat -iquote ../spike_main -iquote ../spike_dasm -I/usr/include  -fPIC -I../fdt -c vwmaccsu_vv.cc -o vwmaccsu_vv.o -MF vwmaccsu_vv.d
g++ -MMD -MP  -DPREFIX=\"/usr/local\" -Wall -Wno-nonportable-include-path -g -O2 -fPIC -std=c++2a -g -O2   -iquote . -I.. -iquote ../fesvr -iquote ../riscv -iquote ../disasm -iquote ../customext -iquote ../fdt -iquote ../softfloat -iquote ../spike_main -iquote ../spike_dasm -I/usr/include  -fPIC -I../fdt -c vwmaccsu_vx.cc -o vwmaccsu_vx.o -MF vwmaccsu_vx.d
g++ -MMD -MP  -DPREFIX=\"/usr/local\" -Wall -Wno-nonportable-include-path -g -O2 -fPIC -std=c++2a -g -O2   -iquote . -I.. -iquote ../fesvr -iquote ../riscv -iquote ../disasm -iquote ../customext -iquote ../fdt -iquote ../softfloat -iquote ../spike_main -iquote ../spike_dasm -I/usr/include  -fPIC -I../fdt -c vwmaccu_vv.cc -o vwmaccu_vv.o -MF vwmaccu_vv.d
g++ -MMD -MP  -DPREFIX=\"/usr/local\" -Wall -Wno-nonportable-include-path -g -O2 -fPIC -std=c++2a -g -O2   -iquote . -I.. -iquote ../fesvr -iquote ../riscv -iquote ../disasm -iquote ../customext -iquote ../fdt -iquote ../softfloat -iquote ../spike_main -iquote ../spike_dasm -I/usr/include  -fPIC -I../fdt -c vwmaccu_vx.cc -o vwmaccu_vx.o -MF vwmaccu_vx.d
g++ -MMD -MP  -DPREFIX=\"/usr/local\" -Wall -Wno-nonportable-include-path -g -O2 -fPIC -std=c++2a -g -O2   -iquote . -I.. -iquote ../fesvr -iquote ../riscv -iquote ../disasm -iquote ../customext -iquote ../fdt -iquote ../softfloat -iquote ../spike_main -iquote ../spike_dasm -I/usr/include  -fPIC -I../fdt -c vwmaccus_vx.cc -o vwmaccus_vx.o -MF vwmaccus_vx.d
g++ -MMD -MP  -DPREFIX=\"/usr/local\" -Wall -Wno-nonportable-include-path -g -O2 -fPIC -std=c++2a -g -O2   -iquote . -I.. -iquote ../fesvr -iquote ../riscv -iquote ../disasm -iquote ../customext -iquote ../fdt -iquote ../softfloat -iquote ../spike_main -iquote ../spike_dasm -I/usr/include  -fPIC -I../fdt -c vwmul_vv.cc -o vwmul_vv.o -MF vwmul_vv.d
g++ -MMD -MP  -DPREFIX=\"/usr/local\" -Wall -Wno-nonportable-include-path -g -O2 -fPIC -std=c++2a -g -O2   -iquote . -I.. -iquote ../fesvr -iquote ../riscv -iquote ../disasm -iquote ../customext -iquote ../fdt -iquote ../softfloat -iquote ../spike_main -iquote ../spike_dasm -I/usr/include  -fPIC -I../fdt -c vwmul_vx.cc -o vwmul_vx.o -MF vwmul_vx.d
g++ -MMD -MP  -DPREFIX=\"/usr/local\" -Wall -Wno-nonportable-include-path -g -O2 -fPIC -std=c++2a -g -O2   -iquote . -I.. -iquote ../fesvr -iquote ../riscv -iquote ../disasm -iquote ../customext -iquote ../fdt -iquote ../softfloat -iquote ../spike_main -iquote ../spike_dasm -I/usr/include  -fPIC -I../fdt -c vwmulsu_vv.cc -o vwmulsu_vv.o -MF vwmulsu_vv.d
g++ -MMD -MP  -DPREFIX=\"/usr/local\" -Wall -Wno-nonportable-include-path -g -O2 -fPIC -std=c++2a -g -O2   -iquote . -I.. -iquote ../fesvr -iquote ../riscv -iquote ../disasm -iquote ../customext -iquote ../fdt -iquote ../softfloat -iquote ../spike_main -iquote ../spike_dasm -I/usr/include  -fPIC -I../fdt -c vwmulsu_vx.cc -o vwmulsu_vx.o -MF vwmulsu_vx.d
g++ -MMD -MP  -DPREFIX=\"/usr/local\" -Wall -Wno-nonportable-include-path -g -O2 -fPIC -std=c++2a -g -O2   -iquote . -I.. -iquote ../fesvr -iquote ../riscv -iquote ../disasm -iquote ../customext -iquote ../fdt -iquote ../softfloat -iquote ../spike_main -iquote ../spike_dasm -I/usr/include  -fPIC -I../fdt -c vwmulu_vv.cc -o vwmulu_vv.o -MF vwmulu_vv.d
g++ -MMD -MP  -DPREFIX=\"/usr/local\" -Wall -Wno-nonportable-include-path -g -O2 -fPIC -std=c++2a -g -O2   -iquote . -I.. -iquote ../fesvr -iquote ../riscv -iquote ../disasm -iquote ../customext -iquote ../fdt -iquote ../softfloat -iquote ../spike_main -iquote ../spike_dasm -I/usr/include  -fPIC -I../fdt -c vwmulu_vx.cc -o vwmulu_vx.o -MF vwmulu_vx.d
g++ -MMD -MP  -DPREFIX=\"/usr/local\" -Wall -Wno-nonportable-include-path -g -O2 -fPIC -std=c++2a -g -O2   -iquote . -I.. -iquote ../fesvr -iquote ../riscv -iquote ../disasm -iquote ../customext -iquote ../fdt -iquote ../softfloat -iquote ../spike_main -iquote ../spike_dasm -I/usr/include  -fPIC -I../fdt -c vwredsum_vs.cc -o vwredsum_vs.o -MF vwredsum_vs.d
g++ -MMD -MP  -DPREFIX=\"/usr/local\" -Wall -Wno-nonportable-include-path -g -O2 -fPIC -std=c++2a -g -O2   -iquote . -I.. -iquote ../fesvr -iquote ../riscv -iquote ../disasm -iquote ../customext -iquote ../fdt -iquote ../softfloat -iquote ../spike_main -iquote ../spike_dasm -I/usr/include  -fPIC -I../fdt -c vwredsumu_vs.cc -o vwredsumu_vs.o -MF vwredsumu_vs.d
g++ -MMD -MP  -DPREFIX=\"/usr/local\" -Wall -Wno-nonportable-include-path -g -O2 -fPIC -std=c++2a -g -O2   -iquote . -I.. -iquote ../fesvr -iquote ../riscv -iquote ../disasm -iquote ../customext -iquote ../fdt -iquote ../softfloat -iquote ../spike_main -iquote ../spike_dasm -I/usr/include  -fPIC -I../fdt -c vwsub_vv.cc -o vwsub_vv.o -MF vwsub_vv.d
g++ -MMD -MP  -DPREFIX=\"/usr/local\" -Wall -Wno-nonportable-include-path -g -O2 -fPIC -std=c++2a -g -O2   -iquote . -I.. -iquote ../fesvr -iquote ../riscv -iquote ../disasm -iquote ../customext -iquote ../fdt -iquote ../softfloat -iquote ../spike_main -iquote ../spike_dasm -I/usr/include  -fPIC -I../fdt -c vwsub_vx.cc -o vwsub_vx.o -MF vwsub_vx.d
g++ -MMD -MP  -DPREFIX=\"/usr/local\" -Wall -Wno-nonportable-include-path -g -O2 -fPIC -std=c++2a -g -O2   -iquote . -I.. -iquote ../fesvr -iquote ../riscv -iquote ../disasm -iquote ../customext -iquote ../fdt -iquote ../softfloat -iquote ../spike_main -iquote ../spike_dasm -I/usr/include  -fPIC -I../fdt -c vwsub_wv.cc -o vwsub_wv.o -MF vwsub_wv.d
g++ -MMD -MP  -DPREFIX=\"/usr/local\" -Wall -Wno-nonportable-include-path -g -O2 -fPIC -std=c++2a -g -O2   -iquote . -I.. -iquote ../fesvr -iquote ../riscv -iquote ../disasm -iquote ../customext -iquote ../fdt -iquote ../softfloat -iquote ../spike_main -iquote ../spike_dasm -I/usr/include  -fPIC -I../fdt -c vwsub_wx.cc -o vwsub_wx.o -MF vwsub_wx.d
g++ -MMD -MP  -DPREFIX=\"/usr/local\" -Wall -Wno-nonportable-include-path -g -O2 -fPIC -std=c++2a -g -O2   -iquote . -I.. -iquote ../fesvr -iquote ../riscv -iquote ../disasm -iquote ../customext -iquote ../fdt -iquote ../softfloat -iquote ../spike_main -iquote ../spike_dasm -I/usr/include  -fPIC -I../fdt -c vwsubu_vv.cc -o vwsubu_vv.o -MF vwsubu_vv.d
g++ -MMD -MP  -DPREFIX=\"/usr/local\" -Wall -Wno-nonportable-include-path -g -O2 -fPIC -std=c++2a -g -O2   -iquote . -I.. -iquote ../fesvr -iquote ../riscv -iquote ../disasm -iquote ../customext -iquote ../fdt -iquote ../softfloat -iquote ../spike_main -iquote ../spike_dasm -I/usr/include  -fPIC -I../fdt -c vwsubu_vx.cc -o vwsubu_vx.o -MF vwsubu_vx.d
g++ -MMD -MP  -DPREFIX=\"/usr/local\" -Wall -Wno-nonportable-include-path -g -O2 -fPIC -std=c++2a -g -O2   -iquote . -I.. -iquote ../fesvr -iquote ../riscv -iquote ../disasm -iquote ../customext -iquote ../fdt -iquote ../softfloat -iquote ../spike_main -iquote ../spike_dasm -I/usr/include  -fPIC -I../fdt -c vwsubu_wv.cc -o vwsubu_wv.o -MF vwsubu_wv.d
g++ -MMD -MP  -DPREFIX=\"/usr/local\" -Wall -Wno-nonportable-include-path -g -O2 -fPIC -std=c++2a -g -O2   -iquote . -I.. -iquote ../fesvr -iquote ../riscv -iquote ../disasm -iquote ../customext -iquote ../fdt -iquote ../softfloat -iquote ../spike_main -iquote ../spike_dasm -I/usr/include  -fPIC -I../fdt -c vwsubu_wx.cc -o vwsubu_wx.o -MF vwsubu_wx.d
g++ -MMD -MP  -DPREFIX=\"/usr/local\" -Wall -Wno-nonportable-include-path -g -O2 -fPIC -std=c++2a -g -O2   -iquote . -I.. -iquote ../fesvr -iquote ../riscv -iquote ../disasm -iquote ../customext -iquote ../fdt -iquote ../softfloat -iquote ../spike_main -iquote ../spike_dasm -I/usr/include  -fPIC -I../fdt -c vxor_vi.cc -o vxor_vi.o -MF vxor_vi.d
g++ -MMD -MP  -DPREFIX=\"/usr/local\" -Wall -Wno-nonportable-include-path -g -O2 -fPIC -std=c++2a -g -O2   -iquote . -I.. -iquote ../fesvr -iquote ../riscv -iquote ../disasm -iquote ../customext -iquote ../fdt -iquote ../softfloat -iquote ../spike_main -iquote ../spike_dasm -I/usr/include  -fPIC -I../fdt -c vxor_vv.cc -o vxor_vv.o -MF vxor_vv.d
g++ -MMD -MP  -DPREFIX=\"/usr/local\" -Wall -Wno-nonportable-include-path -g -O2 -fPIC -std=c++2a -g -O2   -iquote . -I.. -iquote ../fesvr -iquote ../riscv -iquote ../disasm -iquote ../customext -iquote ../fdt -iquote ../softfloat -iquote ../spike_main -iquote ../spike_dasm -I/usr/include  -fPIC -I../fdt -c vxor_vx.cc -o vxor_vx.o -MF vxor_vx.d
g++ -MMD -MP  -DPREFIX=\"/usr/local\" -Wall -Wno-nonportable-include-path -g -O2 -fPIC -std=c++2a -g -O2   -iquote . -I.. -iquote ../fesvr -iquote ../riscv -iquote ../disasm -iquote ../customext -iquote ../fdt -iquote ../softfloat -iquote ../spike_main -iquote ../spike_dasm -I/usr/include  -fPIC -I../fdt -c vzext_vf2.cc -o vzext_vf2.o -MF vzext_vf2.d
g++ -MMD -MP  -DPREFIX=\"/usr/local\" -Wall -Wno-nonportable-include-path -g -O2 -fPIC -std=c++2a -g -O2   -iquote . -I.. -iquote ../fesvr -iquote ../riscv -iquote ../disasm -iquote ../customext -iquote ../fdt -iquote ../softfloat -iquote ../spike_main -iquote ../spike_dasm -I/usr/include  -fPIC -I../fdt -c vzext_vf4.cc -o vzext_vf4.o -MF vzext_vf4.d
g++ -MMD -MP  -DPREFIX=\"/usr/local\" -Wall -Wno-nonportable-include-path -g -O2 -fPIC -std=c++2a -g -O2   -iquote . -I.. -iquote ../fesvr -iquote ../riscv -iquote ../disasm -iquote ../customext -iquote ../fdt -iquote ../softfloat -iquote ../spike_main -iquote ../spike_dasm -I/usr/include  -fPIC -I../fdt -c vzext_vf8.cc -o vzext_vf8.o -MF vzext_vf8.d
g++ -MMD -MP  -DPREFIX=\"/usr/local\" -Wall -Wno-nonportable-include-path -g -O2 -fPIC -std=c++2a -g -O2   -iquote . -I.. -iquote ../fesvr -iquote ../riscv -iquote ../disasm -iquote ../customext -iquote ../fdt -iquote ../softfloat -iquote ../spike_main -iquote ../spike_dasm -I/usr/include  -fPIC -I../fdt -c vsetivli.cc -o vsetivli.o -MF vsetivli.d
g++ -MMD -MP  -DPREFIX=\"/usr/local\" -Wall -Wno-nonportable-include-path -g -O2 -fPIC -std=c++2a -g -O2   -iquote . -I.. -iquote ../fesvr -iquote ../riscv -iquote ../disasm -iquote ../customext -iquote ../fdt -iquote ../softfloat -iquote ../spike_main -iquote ../spike_dasm -I/usr/include  -fPIC -I../fdt -c vsetvli.cc -o vsetvli.o -MF vsetvli.d
g++ -MMD -MP  -DPREFIX=\"/usr/local\" -Wall -Wno-nonportable-include-path -g -O2 -fPIC -std=c++2a -g -O2   -iquote . -I.. -iquote ../fesvr -iquote ../riscv -iquote ../disasm -iquote ../customext -iquote ../fdt -iquote ../softfloat -iquote ../spike_main -iquote ../spike_dasm -I/usr/include  -fPIC -I../fdt -c vsetvl.cc -o vsetvl.o -MF vsetvl.d
g++ -MMD -MP  -DPREFIX=\"/usr/local\" -Wall -Wno-nonportable-include-path -g -O2 -fPIC -std=c++2a -g -O2   -iquote . -I.. -iquote ../fesvr -iquote ../riscv -iquote ../disasm -iquote ../customext -iquote ../fdt -iquote ../softfloat -iquote ../spike_main -iquote ../spike_dasm -I/usr/include  -fPIC -I../fdt -c vlm_v.cc -o vlm_v.o -MF vlm_v.d
g++ -MMD -MP  -DPREFIX=\"/usr/local\" -Wall -Wno-nonportable-include-path -g -O2 -fPIC -std=c++2a -g -O2   -iquote . -I.. -iquote ../fesvr -iquote ../riscv -iquote ../disasm -iquote ../customext -iquote ../fdt -iquote ../softfloat -iquote ../spike_main -iquote ../spike_dasm -I/usr/include  -fPIC -I../fdt -c vle8_v.cc -o vle8_v.o -MF vle8_v.d
g++ -MMD -MP  -DPREFIX=\"/usr/local\" -Wall -Wno-nonportable-include-path -g -O2 -fPIC -std=c++2a -g -O2   -iquote . -I.. -iquote ../fesvr -iquote ../riscv -iquote ../disasm -iquote ../customext -iquote ../fdt -iquote ../softfloat -iquote ../spike_main -iquote ../spike_dasm -I/usr/include  -fPIC -I../fdt -c vle16_v.cc -o vle16_v.o -MF vle16_v.d
g++ -MMD -MP  -DPREFIX=\"/usr/local\" -Wall -Wno-nonportable-include-path -g -O2 -fPIC -std=c++2a -g -O2   -iquote . -I.. -iquote ../fesvr -iquote ../riscv -iquote ../disasm -iquote ../customext -iquote ../fdt -iquote ../softfloat -iquote ../spike_main -iquote ../spike_dasm -I/usr/include  -fPIC -I../fdt -c vle32_v.cc -o vle32_v.o -MF vle32_v.d
g++ -MMD -MP  -DPREFIX=\"/usr/local\" -Wall -Wno-nonportable-include-path -g -O2 -fPIC -std=c++2a -g -O2   -iquote . -I.. -iquote ../fesvr -iquote ../riscv -iquote ../disasm -iquote ../customext -iquote ../fdt -iquote ../softfloat -iquote ../spike_main -iquote ../spike_dasm -I/usr/include  -fPIC -I../fdt -c vle64_v.cc -o vle64_v.o -MF vle64_v.d
g++ -MMD -MP  -DPREFIX=\"/usr/local\" -Wall -Wno-nonportable-include-path -g -O2 -fPIC -std=c++2a -g -O2   -iquote . -I.. -iquote ../fesvr -iquote ../riscv -iquote ../disasm -iquote ../customext -iquote ../fdt -iquote ../softfloat -iquote ../spike_main -iquote ../spike_dasm -I/usr/include  -fPIC -I../fdt -c vloxei8_v.cc -o vloxei8_v.o -MF vloxei8_v.d
g++ -MMD -MP  -DPREFIX=\"/usr/local\" -Wall -Wno-nonportable-include-path -g -O2 -fPIC -std=c++2a -g -O2   -iquote . -I.. -iquote ../fesvr -iquote ../riscv -iquote ../disasm -iquote ../customext -iquote ../fdt -iquote ../softfloat -iquote ../spike_main -iquote ../spike_dasm -I/usr/include  -fPIC -I../fdt -c vloxei16_v.cc -o vloxei16_v.o -MF vloxei16_v.d
g++ -MMD -MP  -DPREFIX=\"/usr/local\" -Wall -Wno-nonportable-include-path -g -O2 -fPIC -std=c++2a -g -O2   -iquote . -I.. -iquote ../fesvr -iquote ../riscv -iquote ../disasm -iquote ../customext -iquote ../fdt -iquote ../softfloat -iquote ../spike_main -iquote ../spike_dasm -I/usr/include  -fPIC -I../fdt -c vloxei32_v.cc -o vloxei32_v.o -MF vloxei32_v.d
g++ -MMD -MP  -DPREFIX=\"/usr/local\" -Wall -Wno-nonportable-include-path -g -O2 -fPIC -std=c++2a -g -O2   -iquote . -I.. -iquote ../fesvr -iquote ../riscv -iquote ../disasm -iquote ../customext -iquote ../fdt -iquote ../softfloat -iquote ../spike_main -iquote ../spike_dasm -I/usr/include  -fPIC -I../fdt -c vloxei64_v.cc -o vloxei64_v.o -MF vloxei64_v.d
g++ -MMD -MP  -DPREFIX=\"/usr/local\" -Wall -Wno-nonportable-include-path -g -O2 -fPIC -std=c++2a -g -O2   -iquote . -I.. -iquote ../fesvr -iquote ../riscv -iquote ../disasm -iquote ../customext -iquote ../fdt -iquote ../softfloat -iquote ../spike_main -iquote ../spike_dasm -I/usr/include  -fPIC -I../fdt -c vlse8_v.cc -o vlse8_v.o -MF vlse8_v.d
g++ -MMD -MP  -DPREFIX=\"/usr/local\" -Wall -Wno-nonportable-include-path -g -O2 -fPIC -std=c++2a -g -O2   -iquote . -I.. -iquote ../fesvr -iquote ../riscv -iquote ../disasm -iquote ../customext -iquote ../fdt -iquote ../softfloat -iquote ../spike_main -iquote ../spike_dasm -I/usr/include  -fPIC -I../fdt -c vlse16_v.cc -o vlse16_v.o -MF vlse16_v.d
g++ -MMD -MP  -DPREFIX=\"/usr/local\" -Wall -Wno-nonportable-include-path -g -O2 -fPIC -std=c++2a -g -O2   -iquote . -I.. -iquote ../fesvr -iquote ../riscv -iquote ../disasm -iquote ../customext -iquote ../fdt -iquote ../softfloat -iquote ../spike_main -iquote ../spike_dasm -I/usr/include  -fPIC -I../fdt -c vlse32_v.cc -o vlse32_v.o -MF vlse32_v.d
g++ -MMD -MP  -DPREFIX=\"/usr/local\" -Wall -Wno-nonportable-include-path -g -O2 -fPIC -std=c++2a -g -O2   -iquote . -I.. -iquote ../fesvr -iquote ../riscv -iquote ../disasm -iquote ../customext -iquote ../fdt -iquote ../softfloat -iquote ../spike_main -iquote ../spike_dasm -I/usr/include  -fPIC -I../fdt -c vlse64_v.cc -o vlse64_v.o -MF vlse64_v.d
g++ -MMD -MP  -DPREFIX=\"/usr/local\" -Wall -Wno-nonportable-include-path -g -O2 -fPIC -std=c++2a -g -O2   -iquote . -I.. -iquote ../fesvr -iquote ../riscv -iquote ../disasm -iquote ../customext -iquote ../fdt -iquote ../softfloat -iquote ../spike_main -iquote ../spike_dasm -I/usr/include  -fPIC -I../fdt -c vluxei8_v.cc -o vluxei8_v.o -MF vluxei8_v.d
g++ -MMD -MP  -DPREFIX=\"/usr/local\" -Wall -Wno-nonportable-include-path -g -O2 -fPIC -std=c++2a -g -O2   -iquote . -I.. -iquote ../fesvr -iquote ../riscv -iquote ../disasm -iquote ../customext -iquote ../fdt -iquote ../softfloat -iquote ../spike_main -iquote ../spike_dasm -I/usr/include  -fPIC -I../fdt -c vluxei16_v.cc -o vluxei16_v.o -MF vluxei16_v.d
g++ -MMD -MP  -DPREFIX=\"/usr/local\" -Wall -Wno-nonportable-include-path -g -O2 -fPIC -std=c++2a -g -O2   -iquote . -I.. -iquote ../fesvr -iquote ../riscv -iquote ../disasm -iquote ../customext -iquote ../fdt -iquote ../softfloat -iquote ../spike_main -iquote ../spike_dasm -I/usr/include  -fPIC -I../fdt -c vluxei32_v.cc -o vluxei32_v.o -MF vluxei32_v.d
g++ -MMD -MP  -DPREFIX=\"/usr/local\" -Wall -Wno-nonportable-include-path -g -O2 -fPIC -std=c++2a -g -O2   -iquote . -I.. -iquote ../fesvr -iquote ../riscv -iquote ../disasm -iquote ../customext -iquote ../fdt -iquote ../softfloat -iquote ../spike_main -iquote ../spike_dasm -I/usr/include  -fPIC -I../fdt -c vluxei64_v.cc -o vluxei64_v.o -MF vluxei64_v.d
g++ -MMD -MP  -DPREFIX=\"/usr/local\" -Wall -Wno-nonportable-include-path -g -O2 -fPIC -std=c++2a -g -O2   -iquote . -I.. -iquote ../fesvr -iquote ../riscv -iquote ../disasm -iquote ../customext -iquote ../fdt -iquote ../softfloat -iquote ../spike_main -iquote ../spike_dasm -I/usr/include  -fPIC -I../fdt -c vle8ff_v.cc -o vle8ff_v.o -MF vle8ff_v.d
g++ -MMD -MP  -DPREFIX=\"/usr/local\" -Wall -Wno-nonportable-include-path -g -O2 -fPIC -std=c++2a -g -O2   -iquote . -I.. -iquote ../fesvr -iquote ../riscv -iquote ../disasm -iquote ../customext -iquote ../fdt -iquote ../softfloat -iquote ../spike_main -iquote ../spike_dasm -I/usr/include  -fPIC -I../fdt -c vle16ff_v.cc -o vle16ff_v.o -MF vle16ff_v.d
g++ -MMD -MP  -DPREFIX=\"/usr/local\" -Wall -Wno-nonportable-include-path -g -O2 -fPIC -std=c++2a -g -O2   -iquote . -I.. -iquote ../fesvr -iquote ../riscv -iquote ../disasm -iquote ../customext -iquote ../fdt -iquote ../softfloat -iquote ../spike_main -iquote ../spike_dasm -I/usr/include  -fPIC -I../fdt -c vle32ff_v.cc -o vle32ff_v.o -MF vle32ff_v.d
g++ -MMD -MP  -DPREFIX=\"/usr/local\" -Wall -Wno-nonportable-include-path -g -O2 -fPIC -std=c++2a -g -O2   -iquote . -I.. -iquote ../fesvr -iquote ../riscv -iquote ../disasm -iquote ../customext -iquote ../fdt -iquote ../softfloat -iquote ../spike_main -iquote ../spike_dasm -I/usr/include  -fPIC -I../fdt -c vle64ff_v.cc -o vle64ff_v.o -MF vle64ff_v.d
g++ -MMD -MP  -DPREFIX=\"/usr/local\" -Wall -Wno-nonportable-include-path -g -O2 -fPIC -std=c++2a -g -O2   -iquote . -I.. -iquote ../fesvr -iquote ../riscv -iquote ../disasm -iquote ../customext -iquote ../fdt -iquote ../softfloat -iquote ../spike_main -iquote ../spike_dasm -I/usr/include  -fPIC -I../fdt -c vl1re8_v.cc -o vl1re8_v.o -MF vl1re8_v.d
g++ -MMD -MP  -DPREFIX=\"/usr/local\" -Wall -Wno-nonportable-include-path -g -O2 -fPIC -std=c++2a -g -O2   -iquote . -I.. -iquote ../fesvr -iquote ../riscv -iquote ../disasm -iquote ../customext -iquote ../fdt -iquote ../softfloat -iquote ../spike_main -iquote ../spike_dasm -I/usr/include  -fPIC -I../fdt -c vl2re8_v.cc -o vl2re8_v.o -MF vl2re8_v.d
g++ -MMD -MP  -DPREFIX=\"/usr/local\" -Wall -Wno-nonportable-include-path -g -O2 -fPIC -std=c++2a -g -O2   -iquote . -I.. -iquote ../fesvr -iquote ../riscv -iquote ../disasm -iquote ../customext -iquote ../fdt -iquote ../softfloat -iquote ../spike_main -iquote ../spike_dasm -I/usr/include  -fPIC -I../fdt -c vl4re8_v.cc -o vl4re8_v.o -MF vl4re8_v.d
g++ -MMD -MP  -DPREFIX=\"/usr/local\" -Wall -Wno-nonportable-include-path -g -O2 -fPIC -std=c++2a -g -O2   -iquote . -I.. -iquote ../fesvr -iquote ../riscv -iquote ../disasm -iquote ../customext -iquote ../fdt -iquote ../softfloat -iquote ../spike_main -iquote ../spike_dasm -I/usr/include  -fPIC -I../fdt -c vl8re8_v.cc -o vl8re8_v.o -MF vl8re8_v.d
g++ -MMD -MP  -DPREFIX=\"/usr/local\" -Wall -Wno-nonportable-include-path -g -O2 -fPIC -std=c++2a -g -O2   -iquote . -I.. -iquote ../fesvr -iquote ../riscv -iquote ../disasm -iquote ../customext -iquote ../fdt -iquote ../softfloat -iquote ../spike_main -iquote ../spike_dasm -I/usr/include  -fPIC -I../fdt -c vl1re16_v.cc -o vl1re16_v.o -MF vl1re16_v.d
g++ -MMD -MP  -DPREFIX=\"/usr/local\" -Wall -Wno-nonportable-include-path -g -O2 -fPIC -std=c++2a -g -O2   -iquote . -I.. -iquote ../fesvr -iquote ../riscv -iquote ../disasm -iquote ../customext -iquote ../fdt -iquote ../softfloat -iquote ../spike_main -iquote ../spike_dasm -I/usr/include  -fPIC -I../fdt -c vl2re16_v.cc -o vl2re16_v.o -MF vl2re16_v.d
g++ -MMD -MP  -DPREFIX=\"/usr/local\" -Wall -Wno-nonportable-include-path -g -O2 -fPIC -std=c++2a -g -O2   -iquote . -I.. -iquote ../fesvr -iquote ../riscv -iquote ../disasm -iquote ../customext -iquote ../fdt -iquote ../softfloat -iquote ../spike_main -iquote ../spike_dasm -I/usr/include  -fPIC -I../fdt -c vl4re16_v.cc -o vl4re16_v.o -MF vl4re16_v.d
g++ -MMD -MP  -DPREFIX=\"/usr/local\" -Wall -Wno-nonportable-include-path -g -O2 -fPIC -std=c++2a -g -O2   -iquote . -I.. -iquote ../fesvr -iquote ../riscv -iquote ../disasm -iquote ../customext -iquote ../fdt -iquote ../softfloat -iquote ../spike_main -iquote ../spike_dasm -I/usr/include  -fPIC -I../fdt -c vl8re16_v.cc -o vl8re16_v.o -MF vl8re16_v.d
g++ -MMD -MP  -DPREFIX=\"/usr/local\" -Wall -Wno-nonportable-include-path -g -O2 -fPIC -std=c++2a -g -O2   -iquote . -I.. -iquote ../fesvr -iquote ../riscv -iquote ../disasm -iquote ../customext -iquote ../fdt -iquote ../softfloat -iquote ../spike_main -iquote ../spike_dasm -I/usr/include  -fPIC -I../fdt -c vl1re32_v.cc -o vl1re32_v.o -MF vl1re32_v.d
g++ -MMD -MP  -DPREFIX=\"/usr/local\" -Wall -Wno-nonportable-include-path -g -O2 -fPIC -std=c++2a -g -O2   -iquote . -I.. -iquote ../fesvr -iquote ../riscv -iquote ../disasm -iquote ../customext -iquote ../fdt -iquote ../softfloat -iquote ../spike_main -iquote ../spike_dasm -I/usr/include  -fPIC -I../fdt -c vl2re32_v.cc -o vl2re32_v.o -MF vl2re32_v.d
g++ -MMD -MP  -DPREFIX=\"/usr/local\" -Wall -Wno-nonportable-include-path -g -O2 -fPIC -std=c++2a -g -O2   -iquote . -I.. -iquote ../fesvr -iquote ../riscv -iquote ../disasm -iquote ../customext -iquote ../fdt -iquote ../softfloat -iquote ../spike_main -iquote ../spike_dasm -I/usr/include  -fPIC -I../fdt -c vl4re32_v.cc -o vl4re32_v.o -MF vl4re32_v.d
g++ -MMD -MP  -DPREFIX=\"/usr/local\" -Wall -Wno-nonportable-include-path -g -O2 -fPIC -std=c++2a -g -O2   -iquote . -I.. -iquote ../fesvr -iquote ../riscv -iquote ../disasm -iquote ../customext -iquote ../fdt -iquote ../softfloat -iquote ../spike_main -iquote ../spike_dasm -I/usr/include  -fPIC -I../fdt -c vl8re32_v.cc -o vl8re32_v.o -MF vl8re32_v.d
g++ -MMD -MP  -DPREFIX=\"/usr/local\" -Wall -Wno-nonportable-include-path -g -O2 -fPIC -std=c++2a -g -O2   -iquote . -I.. -iquote ../fesvr -iquote ../riscv -iquote ../disasm -iquote ../customext -iquote ../fdt -iquote ../softfloat -iquote ../spike_main -iquote ../spike_dasm -I/usr/include  -fPIC -I../fdt -c vl1re64_v.cc -o vl1re64_v.o -MF vl1re64_v.d
g++ -MMD -MP  -DPREFIX=\"/usr/local\" -Wall -Wno-nonportable-include-path -g -O2 -fPIC -std=c++2a -g -O2   -iquote . -I.. -iquote ../fesvr -iquote ../riscv -iquote ../disasm -iquote ../customext -iquote ../fdt -iquote ../softfloat -iquote ../spike_main -iquote ../spike_dasm -I/usr/include  -fPIC -I../fdt -c vl2re64_v.cc -o vl2re64_v.o -MF vl2re64_v.d
g++ -MMD -MP  -DPREFIX=\"/usr/local\" -Wall -Wno-nonportable-include-path -g -O2 -fPIC -std=c++2a -g -O2   -iquote . -I.. -iquote ../fesvr -iquote ../riscv -iquote ../disasm -iquote ../customext -iquote ../fdt -iquote ../softfloat -iquote ../spike_main -iquote ../spike_dasm -I/usr/include  -fPIC -I../fdt -c vl4re64_v.cc -o vl4re64_v.o -MF vl4re64_v.d
g++ -MMD -MP  -DPREFIX=\"/usr/local\" -Wall -Wno-nonportable-include-path -g -O2 -fPIC -std=c++2a -g -O2   -iquote . -I.. -iquote ../fesvr -iquote ../riscv -iquote ../disasm -iquote ../customext -iquote ../fdt -iquote ../softfloat -iquote ../spike_main -iquote ../spike_dasm -I/usr/include  -fPIC -I../fdt -c vl8re64_v.cc -o vl8re64_v.o -MF vl8re64_v.d
g++ -MMD -MP  -DPREFIX=\"/usr/local\" -Wall -Wno-nonportable-include-path -g -O2 -fPIC -std=c++2a -g -O2   -iquote . -I.. -iquote ../fesvr -iquote ../riscv -iquote ../disasm -iquote ../customext -iquote ../fdt -iquote ../softfloat -iquote ../spike_main -iquote ../spike_dasm -I/usr/include  -fPIC -I../fdt -c vsm_v.cc -o vsm_v.o -MF vsm_v.d
g++ -MMD -MP  -DPREFIX=\"/usr/local\" -Wall -Wno-nonportable-include-path -g -O2 -fPIC -std=c++2a -g -O2   -iquote . -I.. -iquote ../fesvr -iquote ../riscv -iquote ../disasm -iquote ../customext -iquote ../fdt -iquote ../softfloat -iquote ../spike_main -iquote ../spike_dasm -I/usr/include  -fPIC -I../fdt -c vse8_v.cc -o vse8_v.o -MF vse8_v.d
g++ -MMD -MP  -DPREFIX=\"/usr/local\" -Wall -Wno-nonportable-include-path -g -O2 -fPIC -std=c++2a -g -O2   -iquote . -I.. -iquote ../fesvr -iquote ../riscv -iquote ../disasm -iquote ../customext -iquote ../fdt -iquote ../softfloat -iquote ../spike_main -iquote ../spike_dasm -I/usr/include  -fPIC -I../fdt -c vse16_v.cc -o vse16_v.o -MF vse16_v.d
g++ -MMD -MP  -DPREFIX=\"/usr/local\" -Wall -Wno-nonportable-include-path -g -O2 -fPIC -std=c++2a -g -O2   -iquote . -I.. -iquote ../fesvr -iquote ../riscv -iquote ../disasm -iquote ../customext -iquote ../fdt -iquote ../softfloat -iquote ../spike_main -iquote ../spike_dasm -I/usr/include  -fPIC -I../fdt -c vse32_v.cc -o vse32_v.o -MF vse32_v.d
g++ -MMD -MP  -DPREFIX=\"/usr/local\" -Wall -Wno-nonportable-include-path -g -O2 -fPIC -std=c++2a -g -O2   -iquote . -I.. -iquote ../fesvr -iquote ../riscv -iquote ../disasm -iquote ../customext -iquote ../fdt -iquote ../softfloat -iquote ../spike_main -iquote ../spike_dasm -I/usr/include  -fPIC -I../fdt -c vse64_v.cc -o vse64_v.o -MF vse64_v.d
g++ -MMD -MP  -DPREFIX=\"/usr/local\" -Wall -Wno-nonportable-include-path -g -O2 -fPIC -std=c++2a -g -O2   -iquote . -I.. -iquote ../fesvr -iquote ../riscv -iquote ../disasm -iquote ../customext -iquote ../fdt -iquote ../softfloat -iquote ../spike_main -iquote ../spike_dasm -I/usr/include  -fPIC -I../fdt -c vsse8_v.cc -o vsse8_v.o -MF vsse8_v.d
g++ -MMD -MP  -DPREFIX=\"/usr/local\" -Wall -Wno-nonportable-include-path -g -O2 -fPIC -std=c++2a -g -O2   -iquote . -I.. -iquote ../fesvr -iquote ../riscv -iquote ../disasm -iquote ../customext -iquote ../fdt -iquote ../softfloat -iquote ../spike_main -iquote ../spike_dasm -I/usr/include  -fPIC -I../fdt -c vsoxei8_v.cc -o vsoxei8_v.o -MF vsoxei8_v.d
g++ -MMD -MP  -DPREFIX=\"/usr/local\" -Wall -Wno-nonportable-include-path -g -O2 -fPIC -std=c++2a -g -O2   -iquote . -I.. -iquote ../fesvr -iquote ../riscv -iquote ../disasm -iquote ../customext -iquote ../fdt -iquote ../softfloat -iquote ../spike_main -iquote ../spike_dasm -I/usr/include  -fPIC -I../fdt -c vsoxei16_v.cc -o vsoxei16_v.o -MF vsoxei16_v.d
g++ -MMD -MP  -DPREFIX=\"/usr/local\" -Wall -Wno-nonportable-include-path -g -O2 -fPIC -std=c++2a -g -O2   -iquote . -I.. -iquote ../fesvr -iquote ../riscv -iquote ../disasm -iquote ../customext -iquote ../fdt -iquote ../softfloat -iquote ../spike_main -iquote ../spike_dasm -I/usr/include  -fPIC -I../fdt -c vsoxei32_v.cc -o vsoxei32_v.o -MF vsoxei32_v.d
g++ -MMD -MP  -DPREFIX=\"/usr/local\" -Wall -Wno-nonportable-include-path -g -O2 -fPIC -std=c++2a -g -O2   -iquote . -I.. -iquote ../fesvr -iquote ../riscv -iquote ../disasm -iquote ../customext -iquote ../fdt -iquote ../softfloat -iquote ../spike_main -iquote ../spike_dasm -I/usr/include  -fPIC -I../fdt -c vsoxei64_v.cc -o vsoxei64_v.o -MF vsoxei64_v.d
g++ -MMD -MP  -DPREFIX=\"/usr/local\" -Wall -Wno-nonportable-include-path -g -O2 -fPIC -std=c++2a -g -O2   -iquote . -I.. -iquote ../fesvr -iquote ../riscv -iquote ../disasm -iquote ../customext -iquote ../fdt -iquote ../softfloat -iquote ../spike_main -iquote ../spike_dasm -I/usr/include  -fPIC -I../fdt -c vsse16_v.cc -o vsse16_v.o -MF vsse16_v.d
g++ -MMD -MP  -DPREFIX=\"/usr/local\" -Wall -Wno-nonportable-include-path -g -O2 -fPIC -std=c++2a -g -O2   -iquote . -I.. -iquote ../fesvr -iquote ../riscv -iquote ../disasm -iquote ../customext -iquote ../fdt -iquote ../softfloat -iquote ../spike_main -iquote ../spike_dasm -I/usr/include  -fPIC -I../fdt -c vsse32_v.cc -o vsse32_v.o -MF vsse32_v.d
g++ -MMD -MP  -DPREFIX=\"/usr/local\" -Wall -Wno-nonportable-include-path -g -O2 -fPIC -std=c++2a -g -O2   -iquote . -I.. -iquote ../fesvr -iquote ../riscv -iquote ../disasm -iquote ../customext -iquote ../fdt -iquote ../softfloat -iquote ../spike_main -iquote ../spike_dasm -I/usr/include  -fPIC -I../fdt -c vsse64_v.cc -o vsse64_v.o -MF vsse64_v.d
g++ -MMD -MP  -DPREFIX=\"/usr/local\" -Wall -Wno-nonportable-include-path -g -O2 -fPIC -std=c++2a -g -O2   -iquote . -I.. -iquote ../fesvr -iquote ../riscv -iquote ../disasm -iquote ../customext -iquote ../fdt -iquote ../softfloat -iquote ../spike_main -iquote ../spike_dasm -I/usr/include  -fPIC -I../fdt -c vsuxei8_v.cc -o vsuxei8_v.o -MF vsuxei8_v.d
g++ -MMD -MP  -DPREFIX=\"/usr/local\" -Wall -Wno-nonportable-include-path -g -O2 -fPIC -std=c++2a -g -O2   -iquote . -I.. -iquote ../fesvr -iquote ../riscv -iquote ../disasm -iquote ../customext -iquote ../fdt -iquote ../softfloat -iquote ../spike_main -iquote ../spike_dasm -I/usr/include  -fPIC -I../fdt -c vsuxei16_v.cc -o vsuxei16_v.o -MF vsuxei16_v.d
g++ -MMD -MP  -DPREFIX=\"/usr/local\" -Wall -Wno-nonportable-include-path -g -O2 -fPIC -std=c++2a -g -O2   -iquote . -I.. -iquote ../fesvr -iquote ../riscv -iquote ../disasm -iquote ../customext -iquote ../fdt -iquote ../softfloat -iquote ../spike_main -iquote ../spike_dasm -I/usr/include  -fPIC -I../fdt -c vsuxei32_v.cc -o vsuxei32_v.o -MF vsuxei32_v.d
g++ -MMD -MP  -DPREFIX=\"/usr/local\" -Wall -Wno-nonportable-include-path -g -O2 -fPIC -std=c++2a -g -O2   -iquote . -I.. -iquote ../fesvr -iquote ../riscv -iquote ../disasm -iquote ../customext -iquote ../fdt -iquote ../softfloat -iquote ../spike_main -iquote ../spike_dasm -I/usr/include  -fPIC -I../fdt -c vsuxei64_v.cc -o vsuxei64_v.o -MF vsuxei64_v.d
g++ -MMD -MP  -DPREFIX=\"/usr/local\" -Wall -Wno-nonportable-include-path -g -O2 -fPIC -std=c++2a -g -O2   -iquote . -I.. -iquote ../fesvr -iquote ../riscv -iquote ../disasm -iquote ../customext -iquote ../fdt -iquote ../softfloat -iquote ../spike_main -iquote ../spike_dasm -I/usr/include  -fPIC -I../fdt -c vs1r_v.cc -o vs1r_v.o -MF vs1r_v.d
g++ -MMD -MP  -DPREFIX=\"/usr/local\" -Wall -Wno-nonportable-include-path -g -O2 -fPIC -std=c++2a -g -O2   -iquote . -I.. -iquote ../fesvr -iquote ../riscv -iquote ../disasm -iquote ../customext -iquote ../fdt -iquote ../softfloat -iquote ../spike_main -iquote ../spike_dasm -I/usr/include  -fPIC -I../fdt -c vs2r_v.cc -o vs2r_v.o -MF vs2r_v.d
g++ -MMD -MP  -DPREFIX=\"/usr/local\" -Wall -Wno-nonportable-include-path -g -O2 -fPIC -std=c++2a -g -O2   -iquote . -I.. -iquote ../fesvr -iquote ../riscv -iquote ../disasm -iquote ../customext -iquote ../fdt -iquote ../softfloat -iquote ../spike_main -iquote ../spike_dasm -I/usr/include  -fPIC -I../fdt -c vs4r_v.cc -o vs4r_v.o -MF vs4r_v.d
g++ -MMD -MP  -DPREFIX=\"/usr/local\" -Wall -Wno-nonportable-include-path -g -O2 -fPIC -std=c++2a -g -O2   -iquote . -I.. -iquote ../fesvr -iquote ../riscv -iquote ../disasm -iquote ../customext -iquote ../fdt -iquote ../softfloat -iquote ../spike_main -iquote ../spike_dasm -I/usr/include  -fPIC -I../fdt -c vs8r_v.cc -o vs8r_v.o -MF vs8r_v.d
g++ -MMD -MP  -DPREFIX=\"/usr/local\" -Wall -Wno-nonportable-include-path -g -O2 -fPIC -std=c++2a -g -O2   -iquote . -I.. -iquote ../fesvr -iquote ../riscv -iquote ../disasm -iquote ../customext -iquote ../fdt -iquote ../softfloat -iquote ../spike_main -iquote ../spike_dasm -I/usr/include  -fPIC -I../fdt -c vdot4a_vv.cc -o vdot4a_vv.o -MF vdot4a_vv.d
g++ -MMD -MP  -DPREFIX=\"/usr/local\" -Wall -Wno-nonportable-include-path -g -O2 -fPIC -std=c++2a -g -O2   -iquote . -I.. -iquote ../fesvr -iquote ../riscv -iquote ../disasm -iquote ../customext -iquote ../fdt -iquote ../softfloat -iquote ../spike_main -iquote ../spike_dasm -I/usr/include  -fPIC -I../fdt -c vdot4a_vx.cc -o vdot4a_vx.o -MF vdot4a_vx.d
g++ -MMD -MP  -DPREFIX=\"/usr/local\" -Wall -Wno-nonportable-include-path -g -O2 -fPIC -std=c++2a -g -O2   -iquote . -I.. -iquote ../fesvr -iquote ../riscv -iquote ../disasm -iquote ../customext -iquote ../fdt -iquote ../softfloat -iquote ../spike_main -iquote ../spike_dasm -I/usr/include  -fPIC -I../fdt -c vdot4au_vv.cc -o vdot4au_vv.o -MF vdot4au_vv.d
g++ -MMD -MP  -DPREFIX=\"/usr/local\" -Wall -Wno-nonportable-include-path -g -O2 -fPIC -std=c++2a -g -O2   -iquote . -I.. -iquote ../fesvr -iquote ../riscv -iquote ../disasm -iquote ../customext -iquote ../fdt -iquote ../softfloat -iquote ../spike_main -iquote ../spike_dasm -I/usr/include  -fPIC -I../fdt -c vdot4au_vx.cc -o vdot4au_vx.o -MF vdot4au_vx.d
g++ -MMD -MP  -DPREFIX=\"/usr/local\" -Wall -Wno-nonportable-include-path -g -O2 -fPIC -std=c++2a -g -O2   -iquote . -I.. -iquote ../fesvr -iquote ../riscv -iquote ../disasm -iquote ../customext -iquote ../fdt -iquote ../softfloat -iquote ../spike_main -iquote ../spike_dasm -I/usr/include  -fPIC -I../fdt -c vdot4asu_vv.cc -o vdot4asu_vv.o -MF vdot4asu_vv.d
g++ -MMD -MP  -DPREFIX=\"/usr/local\" -Wall -Wno-nonportable-include-path -g -O2 -fPIC -std=c++2a -g -O2   -iquote . -I.. -iquote ../fesvr -iquote ../riscv -iquote ../disasm -iquote ../customext -iquote ../fdt -iquote ../softfloat -iquote ../spike_main -iquote ../spike_dasm -I/usr/include  -fPIC -I../fdt -c vdot4asu_vx.cc -o vdot4asu_vx.o -MF vdot4asu_vx.d
g++ -MMD -MP  -DPREFIX=\"/usr/local\" -Wall -Wno-nonportable-include-path -g -O2 -fPIC -std=c++2a -g -O2   -iquote . -I.. -iquote ../fesvr -iquote ../riscv -iquote ../disasm -iquote ../customext -iquote ../fdt -iquote ../softfloat -iquote ../spike_main -iquote ../spike_dasm -I/usr/include  -fPIC -I../fdt -c vdot4aus_vx.cc -o vdot4aus_vx.o -MF vdot4aus_vx.d
g++ -MMD -MP  -DPREFIX=\"/usr/local\" -Wall -Wno-nonportable-include-path -g -O2 -fPIC -std=c++2a -g -O2   -iquote . -I.. -iquote ../fesvr -iquote ../riscv -iquote ../disasm -iquote ../customext -iquote ../fdt -iquote ../softfloat -iquote ../spike_main -iquote ../spike_dasm -I/usr/include  -fPIC -I../fdt -c vfext_vf2.cc -o vfext_vf2.o -MF vfext_vf2.d
g++ -MMD -MP  -DPREFIX=\"/usr/local\" -Wall -Wno-nonportable-include-path -g -O2 -fPIC -std=c++2a -g -O2   -iquote . -I.. -iquote ../fesvr -iquote ../riscv -iquote ../disasm -iquote ../customext -iquote ../fdt -iquote ../softfloat -iquote ../spike_main -iquote ../spike_dasm -I/usr/include  -fPIC -I../fdt -c vfncvt_f_f_q.cc -o vfncvt_f_f_q.o -MF vfncvt_f_f_q.d
g++ -MMD -MP  -DPREFIX=\"/usr/local\" -Wall -Wno-nonportable-include-path -g -O2 -fPIC -std=c++2a -g -O2   -iquote . -I.. -iquote ../fesvr -iquote ../riscv -iquote ../disasm -iquote ../customext -iquote ../fdt -iquote ../softfloat -iquote ../spike_main -iquote ../spike_dasm -I/usr/include  -fPIC -I../fdt -c vfncvt_sat_f_f_q.cc -o vfncvt_sat_f_f_q.o -MF vfncvt_sat_f_f_q.d
g++ -MMD -MP  -DPREFIX=\"/usr/local\" -Wall -Wno-nonportable-include-path -g -O2 -fPIC -std=c++2a -g -O2   -iquote . -I.. -iquote ../fesvr -iquote ../riscv -iquote ../disasm -iquote ../customext -iquote ../fdt -iquote ../softfloat -iquote ../spike_main -iquote ../spike_dasm -I/usr/include  -fPIC -I../fdt -c vfncvtbf16_sat_f_f_w.cc -o vfncvtbf16_sat_f_f_w.o -MF vfncvtbf16_sat_f_f_w.d
g++ -MMD -MP  -DPREFIX=\"/usr/local\" -Wall -Wno-nonportable-include-path -g -O2 -fPIC -std=c++2a -g -O2   -iquote . -I.. -iquote ../fesvr -iquote ../riscv -iquote ../disasm -iquote ../customext -iquote ../fdt -iquote ../softfloat -iquote ../spike_main -iquote ../spike_dasm -I/usr/include  -fPIC -I../fdt -c fcvt_bf16_s.cc -o fcvt_bf16_s.o -MF fcvt_bf16_s.d
g++ -MMD -MP  -DPREFIX=\"/usr/local\" -Wall -Wno-nonportable-include-path -g -O2 -fPIC -std=c++2a -g -O2   -iquote . -I.. -iquote ../fesvr -iquote ../riscv -iquote ../disasm -iquote ../customext -iquote ../fdt -iquote ../softfloat -iquote ../spike_main -iquote ../spike_dasm -I/usr/include  -fPIC -I../fdt -c fcvt_s_bf16.cc -o fcvt_s_bf16.o -MF fcvt_s_bf16.d
g++ -MMD -MP  -DPREFIX=\"/usr/local\" -Wall -Wno-nonportable-include-path -g -O2 -fPIC -std=c++2a -g -O2   -iquote . -I.. -iquote ../fesvr -iquote ../riscv -iquote ../disasm -iquote ../customext -iquote ../fdt -iquote ../softfloat -iquote ../spike_main -iquote ../spike_dasm -I/usr/include  -fPIC -I../fdt -c vfncvtbf16_f_f_w.cc -o vfncvtbf16_f_f_w.o -MF vfncvtbf16_f_f_w.d
g++ -MMD -MP  -DPREFIX=\"/usr/local\" -Wall -Wno-nonportable-include-path -g -O2 -fPIC -std=c++2a -g -O2   -iquote . -I.. -iquote ../fesvr -iquote ../riscv -iquote ../disasm -iquote ../customext -iquote ../fdt -iquote ../softfloat -iquote ../spike_main -iquote ../spike_dasm -I/usr/include  -fPIC -I../fdt -c vfwcvtbf16_f_f_v.cc -o vfwcvtbf16_f_f_v.o -MF vfwcvtbf16_f_f_v.d
g++ -MMD -MP  -DPREFIX=\"/usr/local\" -Wall -Wno-nonportable-include-path -g -O2 -fPIC -std=c++2a -g -O2   -iquote . -I.. -iquote ../fesvr -iquote ../riscv -iquote ../disasm -iquote ../customext -iquote ../fdt -iquote ../softfloat -iquote ../spike_main -iquote ../spike_dasm -I/usr/include  -fPIC -I../fdt -c vfwmaccbf16_vv.cc -o vfwmaccbf16_vv.o -MF vfwmaccbf16_vv.d
g++ -MMD -MP  -DPREFIX=\"/usr/local\" -Wall -Wno-nonportable-include-path -g -O2 -fPIC -std=c++2a -g -O2   -iquote . -I.. -iquote ../fesvr -iquote ../riscv -iquote ../disasm -iquote ../customext -iquote ../fdt -iquote ../softfloat -iquote ../spike_main -iquote ../spike_dasm -I/usr/include  -fPIC -I../fdt -c vfwmaccbf16_vf.cc -o vfwmaccbf16_vf.o -MF vfwmaccbf16_vf.d
g++ -MMD -MP  -DPREFIX=\"/usr/local\" -Wall -Wno-nonportable-include-path -g -O2 -fPIC -std=c++2a -g -O2   -iquote . -I.. -iquote ../fesvr -iquote ../riscv -iquote ../disasm -iquote ../customext -iquote ../fdt -iquote ../softfloat -iquote ../spike_main -iquote ../spike_dasm -I/usr/include  -fPIC -I../fdt -c cbo_clean.cc -o cbo_clean.o -MF cbo_clean.d
g++ -MMD -MP  -DPREFIX=\"/usr/local\" -Wall -Wno-nonportable-include-path -g -O2 -fPIC -std=c++2a -g -O2   -iquote . -I.. -iquote ../fesvr -iquote ../riscv -iquote ../disasm -iquote ../customext -iquote ../fdt -iquote ../softfloat -iquote ../spike_main -iquote ../spike_dasm -I/usr/include  -fPIC -I../fdt -c cbo_flush.cc -o cbo_flush.o -MF cbo_flush.d
g++ -MMD -MP  -DPREFIX=\"/usr/local\" -Wall -Wno-nonportable-include-path -g -O2 -fPIC -std=c++2a -g -O2   -iquote . -I.. -iquote ../fesvr -iquote ../riscv -iquote ../disasm -iquote ../customext -iquote ../fdt -iquote ../softfloat -iquote ../spike_main -iquote ../spike_dasm -I/usr/include  -fPIC -I../fdt -c cbo_inval.cc -o cbo_inval.o -MF cbo_inval.d
g++ -MMD -MP  -DPREFIX=\"/usr/local\" -Wall -Wno-nonportable-include-path -g -O2 -fPIC -std=c++2a -g -O2   -iquote . -I.. -iquote ../fesvr -iquote ../riscv -iquote ../disasm -iquote ../customext -iquote ../fdt -iquote ../softfloat -iquote ../spike_main -iquote ../spike_dasm -I/usr/include  -fPIC -I../fdt -c cbo_zero.cc -o cbo_zero.o -MF cbo_zero.d
g++ -MMD -MP  -DPREFIX=\"/usr/local\" -Wall -Wno-nonportable-include-path -g -O2 -fPIC -std=c++2a -g -O2   -iquote . -I.. -iquote ../fesvr -iquote ../riscv -iquote ../disasm -iquote ../customext -iquote ../fdt -iquote ../softfloat -iquote ../spike_main -iquote ../spike_dasm -I/usr/include  -fPIC -I../fdt -c fli_d.cc -o fli_d.o -MF fli_d.d
g++ -MMD -MP  -DPREFIX=\"/usr/local\" -Wall -Wno-nonportable-include-path -g -O2 -fPIC -std=c++2a -g -O2   -iquote . -I.. -iquote ../fesvr -iquote ../riscv -iquote ../disasm -iquote ../customext -iquote ../fdt -iquote ../softfloat -iquote ../spike_main -iquote ../spike_dasm -I/usr/include  -fPIC -I../fdt -c fmaxm_d.cc -o fmaxm_d.o -MF fmaxm_d.d
g++ -MMD -MP  -DPREFIX=\"/usr/local\" -Wall -Wno-nonportable-include-path -g -O2 -fPIC -std=c++2a -g -O2   -iquote . -I.. -iquote ../fesvr -iquote ../riscv -iquote ../disasm -iquote ../customext -iquote ../fdt -iquote ../softfloat -iquote ../spike_main -iquote ../spike_dasm -I/usr/include  -fPIC -I../fdt -c fminm_d.cc -o fminm_d.o -MF fminm_d.d
g++ -MMD -MP  -DPREFIX=\"/usr/local\" -Wall -Wno-nonportable-include-path -g -O2 -fPIC -std=c++2a -g -O2   -iquote . -I.. -iquote ../fesvr -iquote ../riscv -iquote ../disasm -iquote ../customext -iquote ../fdt -iquote ../softfloat -iquote ../spike_main -iquote ../spike_dasm -I/usr/include  -fPIC -I../fdt -c fround_d.cc -o fround_d.o -MF fround_d.d
g++ -MMD -MP  -DPREFIX=\"/usr/local\" -Wall -Wno-nonportable-include-path -g -O2 -fPIC -std=c++2a -g -O2   -iquote . -I.. -iquote ../fesvr -iquote ../riscv -iquote ../disasm -iquote ../customext -iquote ../fdt -iquote ../softfloat -iquote ../spike_main -iquote ../spike_dasm -I/usr/include  -fPIC -I../fdt -c froundnx_d.cc -o froundnx_d.o -MF froundnx_d.d
g++ -MMD -MP  -DPREFIX=\"/usr/local\" -Wall -Wno-nonportable-include-path -g -O2 -fPIC -std=c++2a -g -O2   -iquote . -I.. -iquote ../fesvr -iquote ../riscv -iquote ../disasm -iquote ../customext -iquote ../fdt -iquote ../softfloat -iquote ../spike_main -iquote ../spike_dasm -I/usr/include  -fPIC -I../fdt -c fmvh_x_d.cc -o fmvh_x_d.o -MF fmvh_x_d.d
g++ -MMD -MP  -DPREFIX=\"/usr/local\" -Wall -Wno-nonportable-include-path -g -O2 -fPIC -std=c++2a -g -O2   -iquote . -I.. -iquote ../fesvr -iquote ../riscv -iquote ../disasm -iquote ../customext -iquote ../fdt -iquote ../softfloat -iquote ../spike_main -iquote ../spike_dasm -I/usr/include  -fPIC -I../fdt -c fmvp_d_x.cc -o fmvp_d_x.o -MF fmvp_d_x.d
g++ -MMD -MP  -DPREFIX=\"/usr/local\" -Wall -Wno-nonportable-include-path -g -O2 -fPIC -std=c++2a -g -O2   -iquote . -I.. -iquote ../fesvr -iquote ../riscv -iquote ../disasm -iquote ../customext -iquote ../fdt -iquote ../softfloat -iquote ../spike_main -iquote ../spike_dasm -I/usr/include  -fPIC -I../fdt -c fcvtmod_w_d.cc -o fcvtmod_w_d.o -MF fcvtmod_w_d.d
g++ -MMD -MP  -DPREFIX=\"/usr/local\" -Wall -Wno-nonportable-include-path -g -O2 -fPIC -std=c++2a -g -O2   -iquote . -I.. -iquote ../fesvr -iquote ../riscv -iquote ../disasm -iquote ../customext -iquote ../fdt -iquote ../softfloat -iquote ../spike_main -iquote ../spike_dasm -I/usr/include  -fPIC -I../fdt -c fleq_d.cc -o fleq_d.o -MF fleq_d.d
g++ -MMD -MP  -DPREFIX=\"/usr/local\" -Wall -Wno-nonportable-include-path -g -O2 -fPIC -std=c++2a -g -O2   -iquote . -I.. -iquote ../fesvr -iquote ../riscv -iquote ../disasm -iquote ../customext -iquote ../fdt -iquote ../softfloat -iquote ../spike_main -iquote ../spike_dasm -I/usr/include  -fPIC -I../fdt -c fltq_d.cc -o fltq_d.o -MF fltq_d.d
g++ -MMD -MP  -DPREFIX=\"/usr/local\" -Wall -Wno-nonportable-include-path -g -O2 -fPIC -std=c++2a -g -O2   -iquote . -I.. -iquote ../fesvr -iquote ../riscv -iquote ../disasm -iquote ../customext -iquote ../fdt -iquote ../softfloat -iquote ../spike_main -iquote ../spike_dasm -I/usr/include  -fPIC -I../fdt -c fli_s.cc -o fli_s.o -MF fli_s.d
g++ -MMD -MP  -DPREFIX=\"/usr/local\" -Wall -Wno-nonportable-include-path -g -O2 -fPIC -std=c++2a -g -O2   -iquote . -I.. -iquote ../fesvr -iquote ../riscv -iquote ../disasm -iquote ../customext -iquote ../fdt -iquote ../softfloat -iquote ../spike_main -iquote ../spike_dasm -I/usr/include  -fPIC -I../fdt -c fmaxm_s.cc -o fmaxm_s.o -MF fmaxm_s.d
g++ -MMD -MP  -DPREFIX=\"/usr/local\" -Wall -Wno-nonportable-include-path -g -O2 -fPIC -std=c++2a -g -O2   -iquote . -I.. -iquote ../fesvr -iquote ../riscv -iquote ../disasm -iquote ../customext -iquote ../fdt -iquote ../softfloat -iquote ../spike_main -iquote ../spike_dasm -I/usr/include  -fPIC -I../fdt -c fminm_s.cc -o fminm_s.o -MF fminm_s.d
g++ -MMD -MP  -DPREFIX=\"/usr/local\" -Wall -Wno-nonportable-include-path -g -O2 -fPIC -std=c++2a -g -O2   -iquote . -I.. -iquote ../fesvr -iquote ../riscv -iquote ../disasm -iquote ../customext -iquote ../fdt -iquote ../softfloat -iquote ../spike_main -iquote ../spike_dasm -I/usr/include  -fPIC -I../fdt -c fround_s.cc -o fround_s.o -MF fround_s.d
g++ -MMD -MP  -DPREFIX=\"/usr/local\" -Wall -Wno-nonportable-include-path -g -O2 -fPIC -std=c++2a -g -O2   -iquote . -I.. -iquote ../fesvr -iquote ../riscv -iquote ../disasm -iquote ../customext -iquote ../fdt -iquote ../softfloat -iquote ../spike_main -iquote ../spike_dasm -I/usr/include  -fPIC -I../fdt -c froundnx_s.cc -o froundnx_s.o -MF froundnx_s.d
g++ -MMD -MP  -DPREFIX=\"/usr/local\" -Wall -Wno-nonportable-include-path -g -O2 -fPIC -std=c++2a -g -O2   -iquote . -I.. -iquote ../fesvr -iquote ../riscv -iquote ../disasm -iquote ../customext -iquote ../fdt -iquote ../softfloat -iquote ../spike_main -iquote ../spike_dasm -I/usr/include  -fPIC -I../fdt -c fleq_s.cc -o fleq_s.o -MF fleq_s.d
g++ -MMD -MP  -DPREFIX=\"/usr/local\" -Wall -Wno-nonportable-include-path -g -O2 -fPIC -std=c++2a -g -O2   -iquote . -I.. -iquote ../fesvr -iquote ../riscv -iquote ../disasm -iquote ../customext -iquote ../fdt -iquote ../softfloat -iquote ../spike_main -iquote ../spike_dasm -I/usr/include  -fPIC -I../fdt -c fltq_s.cc -o fltq_s.o -MF fltq_s.d
g++ -MMD -MP  -DPREFIX=\"/usr/local\" -Wall -Wno-nonportable-include-path -g -O2 -fPIC -std=c++2a -g -O2   -iquote . -I.. -iquote ../fesvr -iquote ../riscv -iquote ../disasm -iquote ../customext -iquote ../fdt -iquote ../softfloat -iquote ../spike_main -iquote ../spike_dasm -I/usr/include  -fPIC -I../fdt -c pli_b.cc -o pli_b.o -MF pli_b.d
g++ -MMD -MP  -DPREFIX=\"/usr/local\" -Wall -Wno-nonportable-include-path -g -O2 -fPIC -std=c++2a -g -O2   -iquote . -I.. -iquote ../fesvr -iquote ../riscv -iquote ../disasm -iquote ../customext -iquote ../fdt -iquote ../softfloat -iquote ../spike_main -iquote ../spike_dasm -I/usr/include  -fPIC -I../fdt -c pli_h.cc -o pli_h.o -MF pli_h.d
g++ -MMD -MP  -DPREFIX=\"/usr/local\" -Wall -Wno-nonportable-include-path -g -O2 -fPIC -std=c++2a -g -O2   -iquote . -I.. -iquote ../fesvr -iquote ../riscv -iquote ../disasm -iquote ../customext -iquote ../fdt -iquote ../softfloat -iquote ../spike_main -iquote ../spike_dasm -I/usr/include  -fPIC -I../fdt -c plui_h.cc -o plui_h.o -MF plui_h.d
g++ -MMD -MP  -DPREFIX=\"/usr/local\" -Wall -Wno-nonportable-include-path -g -O2 -fPIC -std=c++2a -g -O2   -iquote . -I.. -iquote ../fesvr -iquote ../riscv -iquote ../disasm -iquote ../customext -iquote ../fdt -iquote ../softfloat -iquote ../spike_main -iquote ../spike_dasm -I/usr/include  -fPIC -I../fdt -c padd_bs.cc -o padd_bs.o -MF padd_bs.d
g++ -MMD -MP  -DPREFIX=\"/usr/local\" -Wall -Wno-nonportable-include-path -g -O2 -fPIC -std=c++2a -g -O2   -iquote . -I.. -iquote ../fesvr -iquote ../riscv -iquote ../disasm -iquote ../customext -iquote ../fdt -iquote ../softfloat -iquote ../spike_main -iquote ../spike_dasm -I/usr/include  -fPIC -I../fdt -c padd_hs.cc -o padd_hs.o -MF padd_hs.d
g++ -MMD -MP  -DPREFIX=\"/usr/local\" -Wall -Wno-nonportable-include-path -g -O2 -fPIC -std=c++2a -g -O2   -iquote . -I.. -iquote ../fesvr -iquote ../riscv -iquote ../disasm -iquote ../customext -iquote ../fdt -iquote ../softfloat -iquote ../spike_main -iquote ../spike_dasm -I/usr/include  -fPIC -I../fdt -c padd_b.cc -o padd_b.o -MF padd_b.d
g++ -MMD -MP  -DPREFIX=\"/usr/local\" -Wall -Wno-nonportable-include-path -g -O2 -fPIC -std=c++2a -g -O2   -iquote . -I.. -iquote ../fesvr -iquote ../riscv -iquote ../disasm -iquote ../customext -iquote ../fdt -iquote ../softfloat -iquote ../spike_main -iquote ../spike_dasm -I/usr/include  -fPIC -I../fdt -c padd_h.cc -o padd_h.o -MF padd_h.d
g++ -MMD -MP  -DPREFIX=\"/usr/local\" -Wall -Wno-nonportable-include-path -g -O2 -fPIC -std=c++2a -g -O2   -iquote . -I.. -iquote ../fesvr -iquote ../riscv -iquote ../disasm -iquote ../customext -iquote ../fdt -iquote ../softfloat -iquote ../spike_main -iquote ../spike_dasm -I/usr/include  -fPIC -I../fdt -c psub_b.cc -o psub_b.o -MF psub_b.d
g++ -MMD -MP  -DPREFIX=\"/usr/local\" -Wall -Wno-nonportable-include-path -g -O2 -fPIC -std=c++2a -g -O2   -iquote . -I.. -iquote ../fesvr -iquote ../riscv -iquote ../disasm -iquote ../customext -iquote ../fdt -iquote ../softfloat -iquote ../spike_main -iquote ../spike_dasm -I/usr/include  -fPIC -I../fdt -c psub_h.cc -o psub_h.o -MF psub_h.d
g++ -MMD -MP  -DPREFIX=\"/usr/local\" -Wall -Wno-nonportable-include-path -g -O2 -fPIC -std=c++2a -g -O2   -iquote . -I.. -iquote ../fesvr -iquote ../riscv -iquote ../disasm -iquote ../customext -iquote ../fdt -iquote ../softfloat -iquote ../spike_main -iquote ../spike_dasm -I/usr/include  -fPIC -I../fdt -c psadd_b.cc -o psadd_b.o -MF psadd_b.d
g++ -MMD -MP  -DPREFIX=\"/usr/local\" -Wall -Wno-nonportable-include-path -g -O2 -fPIC -std=c++2a -g -O2   -iquote . -I.. -iquote ../fesvr -iquote ../riscv -iquote ../disasm -iquote ../customext -iquote ../fdt -iquote ../softfloat -iquote ../spike_main -iquote ../spike_dasm -I/usr/include  -fPIC -I../fdt -c psadd_h.cc -o psadd_h.o -MF psadd_h.d
g++ -MMD -MP  -DPREFIX=\"/usr/local\" -Wall -Wno-nonportable-include-path -g -O2 -fPIC -std=c++2a -g -O2   -iquote . -I.. -iquote ../fesvr -iquote ../riscv -iquote ../disasm -iquote ../customext -iquote ../fdt -iquote ../softfloat -iquote ../spike_main -iquote ../spike_dasm -I/usr/include  -fPIC -I../fdt -c sadd.cc -o sadd.o -MF sadd.d
g++ -MMD -MP  -DPREFIX=\"/usr/local\" -Wall -Wno-nonportable-include-path -g -O2 -fPIC -std=c++2a -g -O2   -iquote . -I.. -iquote ../fesvr -iquote ../riscv -iquote ../disasm -iquote ../customext -iquote ../fdt -iquote ../softfloat -iquote ../spike_main -iquote ../spike_dasm -I/usr/include  -fPIC -I../fdt -c psaddu_b.cc -o psaddu_b.o -MF psaddu_b.d
g++ -MMD -MP  -DPREFIX=\"/usr/local\" -Wall -Wno-nonportable-include-path -g -O2 -fPIC -std=c++2a -g -O2   -iquote . -I.. -iquote ../fesvr -iquote ../riscv -iquote ../disasm -iquote ../customext -iquote ../fdt -iquote ../softfloat -iquote ../spike_main -iquote ../spike_dasm -I/usr/include  -fPIC -I../fdt -c psaddu_h.cc -o psaddu_h.o -MF psaddu_h.d
g++ -MMD -MP  -DPREFIX=\"/usr/local\" -Wall -Wno-nonportable-include-path -g -O2 -fPIC -std=c++2a -g -O2   -iquote . -I.. -iquote ../fesvr -iquote ../riscv -iquote ../disasm -iquote ../customext -iquote ../fdt -iquote ../softfloat -iquote ../spike_main -iquote ../spike_dasm -I/usr/include  -fPIC -I../fdt -c saddu.cc -o saddu.o -MF saddu.d
g++ -MMD -MP  -DPREFIX=\"/usr/local\" -Wall -Wno-nonportable-include-path -g -O2 -fPIC -std=c++2a -g -O2   -iquote . -I.. -iquote ../fesvr -iquote ../riscv -iquote ../disasm -iquote ../customext -iquote ../fdt -iquote ../softfloat -iquote ../spike_main -iquote ../spike_dasm -I/usr/include  -fPIC -I../fdt -c pssub_b.cc -o pssub_b.o -MF pssub_b.d
g++ -MMD -MP  -DPREFIX=\"/usr/local\" -Wall -Wno-nonportable-include-path -g -O2 -fPIC -std=c++2a -g -O2   -iquote . -I.. -iquote ../fesvr -iquote ../riscv -iquote ../disasm -iquote ../customext -iquote ../fdt -iquote ../softfloat -iquote ../spike_main -iquote ../spike_dasm -I/usr/include  -fPIC -I../fdt -c pssub_h.cc -o pssub_h.o -MF pssub_h.d
g++ -MMD -MP  -DPREFIX=\"/usr/local\" -Wall -Wno-nonportable-include-path -g -O2 -fPIC -std=c++2a -g -O2   -iquote . -I.. -iquote ../fesvr -iquote ../riscv -iquote ../disasm -iquote ../customext -iquote ../fdt -iquote ../softfloat -iquote ../spike_main -iquote ../spike_dasm -I/usr/include  -fPIC -I../fdt -c ssub.cc -o ssub.o -MF ssub.d
g++ -MMD -MP  -DPREFIX=\"/usr/local\" -Wall -Wno-nonportable-include-path -g -O2 -fPIC -std=c++2a -g -O2   -iquote . -I.. -iquote ../fesvr -iquote ../riscv -iquote ../disasm -iquote ../customext -iquote ../fdt -iquote ../softfloat -iquote ../spike_main -iquote ../spike_dasm -I/usr/include  -fPIC -I../fdt -c pssubu_b.cc -o pssubu_b.o -MF pssubu_b.d
g++ -MMD -MP  -DPREFIX=\"/usr/local\" -Wall -Wno-nonportable-include-path -g -O2 -fPIC -std=c++2a -g -O2   -iquote . -I.. -iquote ../fesvr -iquote ../riscv -iquote ../disasm -iquote ../customext -iquote ../fdt -iquote ../softfloat -iquote ../spike_main -iquote ../spike_dasm -I/usr/include  -fPIC -I../fdt -c pssubu_h.cc -o pssubu_h.o -MF pssubu_h.d
g++ -MMD -MP  -DPREFIX=\"/usr/local\" -Wall -Wno-nonportable-include-path -g -O2 -fPIC -std=c++2a -g -O2   -iquote . -I.. -iquote ../fesvr -iquote ../riscv -iquote ../disasm -iquote ../customext -iquote ../fdt -iquote ../softfloat -iquote ../spike_main -iquote ../spike_dasm -I/usr/include  -fPIC -I../fdt -c ssubu.cc -o ssubu.o -MF ssubu.d
g++ -MMD -MP  -DPREFIX=\"/usr/local\" -Wall -Wno-nonportable-include-path -g -O2 -fPIC -std=c++2a -g -O2   -iquote . -I.. -iquote ../fesvr -iquote ../riscv -iquote ../disasm -iquote ../customext -iquote ../fdt -iquote ../softfloat -iquote ../spike_main -iquote ../spike_dasm -I/usr/include  -fPIC -I../fdt -c paadd_b.cc -o paadd_b.o -MF paadd_b.d
g++ -MMD -MP  -DPREFIX=\"/usr/local\" -Wall -Wno-nonportable-include-path -g -O2 -fPIC -std=c++2a -g -O2   -iquote . -I.. -iquote ../fesvr -iquote ../riscv -iquote ../disasm -iquote ../customext -iquote ../fdt -iquote ../softfloat -iquote ../spike_main -iquote ../spike_dasm -I/usr/include  -fPIC -I../fdt -c paadd_h.cc -o paadd_h.o -MF paadd_h.d
g++ -MMD -MP  -DPREFIX=\"/usr/local\" -Wall -Wno-nonportable-include-path -g -O2 -fPIC -std=c++2a -g -O2   -iquote . -I.. -iquote ../fesvr -iquote ../riscv -iquote ../disasm -iquote ../customext -iquote ../fdt -iquote ../softfloat -iquote ../spike_main -iquote ../spike_dasm -I/usr/include  -fPIC -I../fdt -c aadd.cc -o aadd.o -MF aadd.d
g++ -MMD -MP  -DPREFIX=\"/usr/local\" -Wall -Wno-nonportable-include-path -g -O2 -fPIC -std=c++2a -g -O2   -iquote . -I.. -iquote ../fesvr -iquote ../riscv -iquote ../disasm -iquote ../customext -iquote ../fdt -iquote ../softfloat -iquote ../spike_main -iquote ../spike_dasm -I/usr/include  -fPIC -I../fdt -c paaddu_b.cc -o paaddu_b.o -MF paaddu_b.d
g++ -MMD -MP  -DPREFIX=\"/usr/local\" -Wall -Wno-nonportable-include-path -g -O2 -fPIC -std=c++2a -g -O2   -iquote . -I.. -iquote ../fesvr -iquote ../riscv -iquote ../disasm -iquote ../customext -iquote ../fdt -iquote ../softfloat -iquote ../spike_main -iquote ../spike_dasm -I/usr/include  -fPIC -I../fdt -c paaddu_h.cc -o paaddu_h.o -MF paaddu_h.d
g++ -MMD -MP  -DPREFIX=\"/usr/local\" -Wall -Wno-nonportable-include-path -g -O2 -fPIC -std=c++2a -g -O2   -iquote . -I.. -iquote ../fesvr -iquote ../riscv -iquote ../disasm -iquote ../customext -iquote ../fdt -iquote ../softfloat -iquote ../spike_main -iquote ../spike_dasm -I/usr/include  -fPIC -I../fdt -c aaddu.cc -o aaddu.o -MF aaddu.d
g++ -MMD -MP  -DPREFIX=\"/usr/local\" -Wall -Wno-nonportable-include-path -g -O2 -fPIC -std=c++2a -g -O2   -iquote . -I.. -iquote ../fesvr -iquote ../riscv -iquote ../disasm -iquote ../customext -iquote ../fdt -iquote ../softfloat -iquote ../spike_main -iquote ../spike_dasm -I/usr/include  -fPIC -I../fdt -c pasub_b.cc -o pasub_b.o -MF pasub_b.d
g++ -MMD -MP  -DPREFIX=\"/usr/local\" -Wall -Wno-nonportable-include-path -g -O2 -fPIC -std=c++2a -g -O2   -iquote . -I.. -iquote ../fesvr -iquote ../riscv -iquote ../disasm -iquote ../customext -iquote ../fdt -iquote ../softfloat -iquote ../spike_main -iquote ../spike_dasm -I/usr/include  -fPIC -I../fdt -c pasub_h.cc -o pasub_h.o -MF pasub_h.d
g++ -MMD -MP  -DPREFIX=\"/usr/local\" -Wall -Wno-nonportable-include-path -g -O2 -fPIC -std=c++2a -g -O2   -iquote . -I.. -iquote ../fesvr -iquote ../riscv -iquote ../disasm -iquote ../customext -iquote ../fdt -iquote ../softfloat -iquote ../spike_main -iquote ../spike_dasm -I/usr/include  -fPIC -I../fdt -c asub.cc -o asub.o -MF asub.d
g++ -MMD -MP  -DPREFIX=\"/usr/local\" -Wall -Wno-nonportable-include-path -g -O2 -fPIC -std=c++2a -g -O2   -iquote . -I.. -iquote ../fesvr -iquote ../riscv -iquote ../disasm -iquote ../customext -iquote ../fdt -iquote ../softfloat -iquote ../spike_main -iquote ../spike_dasm -I/usr/include  -fPIC -I../fdt -c pasubu_b.cc -o pasubu_b.o -MF pasubu_b.d
g++ -MMD -MP  -DPREFIX=\"/usr/local\" -Wall -Wno-nonportable-include-path -g -O2 -fPIC -std=c++2a -g -O2   -iquote . -I.. -iquote ../fesvr -iquote ../riscv -iquote ../disasm -iquote ../customext -iquote ../fdt -iquote ../softfloat -iquote ../spike_main -iquote ../spike_dasm -I/usr/include  -fPIC -I../fdt -c pasubu_h.cc -o pasubu_h.o -MF pasubu_h.d
g++ -MMD -MP  -DPREFIX=\"/usr/local\" -Wall -Wno-nonportable-include-path -g -O2 -fPIC -std=c++2a -g -O2   -iquote . -I.. -iquote ../fesvr -iquote ../riscv -iquote ../disasm -iquote ../customext -iquote ../fdt -iquote ../softfloat -iquote ../spike_main -iquote ../spike_dasm -I/usr/include  -fPIC -I../fdt -c asubu.cc -o asubu.o -MF asubu.d
g++ -MMD -MP  -DPREFIX=\"/usr/local\" -Wall -Wno-nonportable-include-path -g -O2 -fPIC -std=c++2a -g -O2   -iquote . -I.. -iquote ../fesvr -iquote ../riscv -iquote ../disasm -iquote ../customext -iquote ../fdt -iquote ../softfloat -iquote ../spike_main -iquote ../spike_dasm -I/usr/include  -fPIC -I../fdt -c psh1add_h.cc -o psh1add_h.o -MF psh1add_h.d
g++ -MMD -MP  -DPREFIX=\"/usr/local\" -Wall -Wno-nonportable-include-path -g -O2 -fPIC -std=c++2a -g -O2   -iquote . -I.. -iquote ../fesvr -iquote ../riscv -iquote ../disasm -iquote ../customext -iquote ../fdt -iquote ../softfloat -iquote ../spike_main -iquote ../spike_dasm -I/usr/include  -fPIC -I../fdt -c pssh1sadd_h.cc -o pssh1sadd_h.o -MF pssh1sadd_h.d
g++ -MMD -MP  -DPREFIX=\"/usr/local\" -Wall -Wno-nonportable-include-path -g -O2 -fPIC -std=c++2a -g -O2   -iquote . -I.. -iquote ../fesvr -iquote ../riscv -iquote ../disasm -iquote ../customext -iquote ../fdt -iquote ../softfloat -iquote ../spike_main -iquote ../spike_dasm -I/usr/include  -fPIC -I../fdt -c ssh1sadd.cc -o ssh1sadd.o -MF ssh1sadd.d
g++ -MMD -MP  -DPREFIX=\"/usr/local\" -Wall -Wno-nonportable-include-path -g -O2 -fPIC -std=c++2a -g -O2   -iquote . -I.. -iquote ../fesvr -iquote ../riscv -iquote ../disasm -iquote ../customext -iquote ../fdt -iquote ../softfloat -iquote ../spike_main -iquote ../spike_dasm -I/usr/include  -fPIC -I../fdt -c pas_hx.cc -o pas_hx.o -MF pas_hx.d
g++ -MMD -MP  -DPREFIX=\"/usr/local\" -Wall -Wno-nonportable-include-path -g -O2 -fPIC -std=c++2a -g -O2   -iquote . -I.. -iquote ../fesvr -iquote ../riscv -iquote ../disasm -iquote ../customext -iquote ../fdt -iquote ../softfloat -iquote ../spike_main -iquote ../spike_dasm -I/usr/include  -fPIC -I../fdt -c psa_hx.cc -o psa_hx.o -MF psa_hx.d
g++ -MMD -MP  -DPREFIX=\"/usr/local\" -Wall -Wno-nonportable-include-path -g -O2 -fPIC -std=c++2a -g -O2   -iquote . -I.. -iquote ../fesvr -iquote ../riscv -iquote ../disasm -iquote ../customext -iquote ../fdt -iquote ../softfloat -iquote ../spike_main -iquote ../spike_dasm -I/usr/include  -fPIC -I../fdt -c psas_hx.cc -o psas_hx.o -MF psas_hx.d
g++ -MMD -MP  -DPREFIX=\"/usr/local\" -Wall -Wno-nonportable-include-path -g -O2 -fPIC -std=c++2a -g -O2   -iquote . -I.. -iquote ../fesvr -iquote ../riscv -iquote ../disasm -iquote ../customext -iquote ../fdt -iquote ../softfloat -iquote ../spike_main -iquote ../spike_dasm -I/usr/include  -fPIC -I../fdt -c pssa_hx.cc -o pssa_hx.o -MF pssa_hx.d
g++ -MMD -MP  -DPREFIX=\"/usr/local\" -Wall -Wno-nonportable-include-path -g -O2 -fPIC -std=c++2a -g -O2   -iquote . -I.. -iquote ../fesvr -iquote ../riscv -iquote ../disasm -iquote ../customext -iquote ../fdt -iquote ../softfloat -iquote ../spike_main -iquote ../spike_dasm -I/usr/include  -fPIC -I../fdt -c paas_hx.cc -o paas_hx.o -MF paas_hx.d
g++ -MMD -MP  -DPREFIX=\"/usr/local\" -Wall -Wno-nonportable-include-path -g -O2 -fPIC -std=c++2a -g -O2   -iquote . -I.. -iquote ../fesvr -iquote ../riscv -iquote ../disasm -iquote ../customext -iquote ../fdt -iquote ../softfloat -iquote ../spike_main -iquote ../spike_dasm -I/usr/include  -fPIC -I../fdt -c pasa_hx.cc -o pasa_hx.o -MF pasa_hx.d
g++ -MMD -MP  -DPREFIX=\"/usr/local\" -Wall -Wno-nonportable-include-path -g -O2 -fPIC -std=c++2a -g -O2   -iquote . -I.. -iquote ../fesvr -iquote ../riscv -iquote ../disasm -iquote ../customext -iquote ../fdt -iquote ../softfloat -iquote ../spike_main -iquote ../spike_dasm -I/usr/include  -fPIC -I../fdt -c pabd_b.cc -o pabd_b.o -MF pabd_b.d
g++ -MMD -MP  -DPREFIX=\"/usr/local\" -Wall -Wno-nonportable-include-path -g -O2 -fPIC -std=c++2a -g -O2   -iquote . -I.. -iquote ../fesvr -iquote ../riscv -iquote ../disasm -iquote ../customext -iquote ../fdt -iquote ../softfloat -iquote ../spike_main -iquote ../spike_dasm -I/usr/include  -fPIC -I../fdt -c pabd_h.cc -o pabd_h.o -MF pabd_h.d
g++ -MMD -MP  -DPREFIX=\"/usr/local\" -Wall -Wno-nonportable-include-path -g -O2 -fPIC -std=c++2a -g -O2   -iquote . -I.. -iquote ../fesvr -iquote ../riscv -iquote ../disasm -iquote ../customext -iquote ../fdt -iquote ../softfloat -iquote ../spike_main -iquote ../spike_dasm -I/usr/include  -fPIC -I../fdt -c pabdu_b.cc -o pabdu_b.o -MF pabdu_b.d
g++ -MMD -MP  -DPREFIX=\"/usr/local\" -Wall -Wno-nonportable-include-path -g -O2 -fPIC -std=c++2a -g -O2   -iquote . -I.. -iquote ../fesvr -iquote ../riscv -iquote ../disasm -iquote ../customext -iquote ../fdt -iquote ../softfloat -iquote ../spike_main -iquote ../spike_dasm -I/usr/include  -fPIC -I../fdt -c pabdu_h.cc -o pabdu_h.o -MF pabdu_h.d
g++ -MMD -MP  -DPREFIX=\"/usr/local\" -Wall -Wno-nonportable-include-path -g -O2 -fPIC -std=c++2a -g -O2   -iquote . -I.. -iquote ../fesvr -iquote ../riscv -iquote ../disasm -iquote ../customext -iquote ../fdt -iquote ../softfloat -iquote ../spike_main -iquote ../spike_dasm -I/usr/include  -fPIC -I../fdt -c psabs_b.cc -o psabs_b.o -MF psabs_b.d
g++ -MMD -MP  -DPREFIX=\"/usr/local\" -Wall -Wno-nonportable-include-path -g -O2 -fPIC -std=c++2a -g -O2   -iquote . -I.. -iquote ../fesvr -iquote ../riscv -iquote ../disasm -iquote ../customext -iquote ../fdt -iquote ../softfloat -iquote ../spike_main -iquote ../spike_dasm -I/usr/include  -fPIC -I../fdt -c psabs_h.cc -o psabs_h.o -MF psabs_h.d
g++ -MMD -MP  -DPREFIX=\"/usr/local\" -Wall -Wno-nonportable-include-path -g -O2 -fPIC -std=c++2a -g -O2   -iquote . -I.. -iquote ../fesvr -iquote ../riscv -iquote ../disasm -iquote ../customext -iquote ../fdt -iquote ../softfloat -iquote ../spike_main -iquote ../spike_dasm -I/usr/include  -fPIC -I../fdt -c predsum_bs.cc -o predsum_bs.o -MF predsum_bs.d
g++ -MMD -MP  -DPREFIX=\"/usr/local\" -Wall -Wno-nonportable-include-path -g -O2 -fPIC -std=c++2a -g -O2   -iquote . -I.. -iquote ../fesvr -iquote ../riscv -iquote ../disasm -iquote ../customext -iquote ../fdt -iquote ../softfloat -iquote ../spike_main -iquote ../spike_dasm -I/usr/include  -fPIC -I../fdt -c predsum_hs.cc -o predsum_hs.o -MF predsum_hs.d
g++ -MMD -MP  -DPREFIX=\"/usr/local\" -Wall -Wno-nonportable-include-path -g -O2 -fPIC -std=c++2a -g -O2   -iquote . -I.. -iquote ../fesvr -iquote ../riscv -iquote ../disasm -iquote ../customext -iquote ../fdt -iquote ../softfloat -iquote ../spike_main -iquote ../spike_dasm -I/usr/include  -fPIC -I../fdt -c predsumu_bs.cc -o predsumu_bs.o -MF predsumu_bs.d
g++ -MMD -MP  -DPREFIX=\"/usr/local\" -Wall -Wno-nonportable-include-path -g -O2 -fPIC -std=c++2a -g -O2   -iquote . -I.. -iquote ../fesvr -iquote ../riscv -iquote ../disasm -iquote ../customext -iquote ../fdt -iquote ../softfloat -iquote ../spike_main -iquote ../spike_dasm -I/usr/include  -fPIC -I../fdt -c predsumu_hs.cc -o predsumu_hs.o -MF predsumu_hs.d
g++ -MMD -MP  -DPREFIX=\"/usr/local\" -Wall -Wno-nonportable-include-path -g -O2 -fPIC -std=c++2a -g -O2   -iquote . -I.. -iquote ../fesvr -iquote ../riscv -iquote ../disasm -iquote ../customext -iquote ../fdt -iquote ../softfloat -iquote ../spike_main -iquote ../spike_dasm -I/usr/include  -fPIC -I../fdt -c pabdsumu_b.cc -o pabdsumu_b.o -MF pabdsumu_b.d
g++ -MMD -MP  -DPREFIX=\"/usr/local\" -Wall -Wno-nonportable-include-path -g -O2 -fPIC -std=c++2a -g -O2   -iquote . -I.. -iquote ../fesvr -iquote ../riscv -iquote ../disasm -iquote ../customext -iquote ../fdt -iquote ../softfloat -iquote ../spike_main -iquote ../spike_dasm -I/usr/include  -fPIC -I../fdt -c pabdsumau_b.cc -o pabdsumau_b.o -MF pabdsumau_b.d
g++ -MMD -MP  -DPREFIX=\"/usr/local\" -Wall -Wno-nonportable-include-path -g -O2 -fPIC -std=c++2a -g -O2   -iquote . -I.. -iquote ../fesvr -iquote ../riscv -iquote ../disasm -iquote ../customext -iquote ../fdt -iquote ../softfloat -iquote ../spike_main -iquote ../spike_dasm -I/usr/include  -fPIC -I../fdt -c psext_h_b.cc -o psext_h_b.o -MF psext_h_b.d
g++ -MMD -MP  -DPREFIX=\"/usr/local\" -Wall -Wno-nonportable-include-path -g -O2 -fPIC -std=c++2a -g -O2   -iquote . -I.. -iquote ../fesvr -iquote ../riscv -iquote ../disasm -iquote ../customext -iquote ../fdt -iquote ../softfloat -iquote ../spike_main -iquote ../spike_dasm -I/usr/include  -fPIC -I../fdt -c psati_h.cc -o psati_h.o -MF psati_h.d
g++ -MMD -MP  -DPREFIX=\"/usr/local\" -Wall -Wno-nonportable-include-path -g -O2 -fPIC -std=c++2a -g -O2   -iquote . -I.. -iquote ../fesvr -iquote ../riscv -iquote ../disasm -iquote ../customext -iquote ../fdt -iquote ../softfloat -iquote ../spike_main -iquote ../spike_dasm -I/usr/include  -fPIC -I../fdt -c sati.cc -o sati.o -MF sati.d
g++ -MMD -MP  -DPREFIX=\"/usr/local\" -Wall -Wno-nonportable-include-path -g -O2 -fPIC -std=c++2a -g -O2   -iquote . -I.. -iquote ../fesvr -iquote ../riscv -iquote ../disasm -iquote ../customext -iquote ../fdt -iquote ../softfloat -iquote ../spike_main -iquote ../spike_dasm -I/usr/include  -fPIC -I../fdt -c sati_rv32.cc -o sati_rv32.o -MF sati_rv32.d
g++ -MMD -MP  -DPREFIX=\"/usr/local\" -Wall -Wno-nonportable-include-path -g -O2 -fPIC -std=c++2a -g -O2   -iquote . -I.. -iquote ../fesvr -iquote ../riscv -iquote ../disasm -iquote ../customext -iquote ../fdt -iquote ../softfloat -iquote ../spike_main -iquote ../spike_dasm -I/usr/include  -fPIC -I../fdt -c pusati_h.cc -o pusati_h.o -MF pusati_h.d
g++ -MMD -MP  -DPREFIX=\"/usr/local\" -Wall -Wno-nonportable-include-path -g -O2 -fPIC -std=c++2a -g -O2   -iquote . -I.. -iquote ../fesvr -iquote ../riscv -iquote ../disasm -iquote ../customext -iquote ../fdt -iquote ../softfloat -iquote ../spike_main -iquote ../spike_dasm -I/usr/include  -fPIC -I../fdt -c usati.cc -o usati.o -MF usati.d
g++ -MMD -MP  -DPREFIX=\"/usr/local\" -Wall -Wno-nonportable-include-path -g -O2 -fPIC -std=c++2a -g -O2   -iquote . -I.. -iquote ../fesvr -iquote ../riscv -iquote ../disasm -iquote ../customext -iquote ../fdt -iquote ../softfloat -iquote ../spike_main -iquote ../spike_dasm -I/usr/include  -fPIC -I../fdt -c usati_rv32.cc -o usati_rv32.o -MF usati_rv32.d
g++ -MMD -MP  -DPREFIX=\"/usr/local\" -Wall -Wno-nonportable-include-path -g -O2 -fPIC -std=c++2a -g -O2   -iquote . -I.. -iquote ../fesvr -iquote ../riscv -iquote ../disasm -iquote ../customext -iquote ../fdt -iquote ../softfloat -iquote ../spike_main -iquote ../spike_dasm -I/usr/include  -fPIC -I../fdt -c pslli_b.cc -o pslli_b.o -MF pslli_b.d
g++ -MMD -MP  -DPREFIX=\"/usr/local\" -Wall -Wno-nonportable-include-path -g -O2 -fPIC -std=c++2a -g -O2   -iquote . -I.. -iquote ../fesvr -iquote ../riscv -iquote ../disasm -iquote ../customext -iquote ../fdt -iquote ../softfloat -iquote ../spike_main -iquote ../spike_dasm -I/usr/include  -fPIC -I../fdt -c pslli_h.cc -o pslli_h.o -MF pslli_h.d
g++ -MMD -MP  -DPREFIX=\"/usr/local\" -Wall -Wno-nonportable-include-path -g -O2 -fPIC -std=c++2a -g -O2   -iquote . -I.. -iquote ../fesvr -iquote ../riscv -iquote ../disasm -iquote ../customext -iquote ../fdt -iquote ../softfloat -iquote ../spike_main -iquote ../spike_dasm -I/usr/include  -fPIC -I../fdt -c psll_bs.cc -o psll_bs.o -MF psll_bs.d
g++ -MMD -MP  -DPREFIX=\"/usr/local\" -Wall -Wno-nonportable-include-path -g -O2 -fPIC -std=c++2a -g -O2   -iquote . -I.. -iquote ../fesvr -iquote ../riscv -iquote ../disasm -iquote ../customext -iquote ../fdt -iquote ../softfloat -iquote ../spike_main -iquote ../spike_dasm -I/usr/include  -fPIC -I../fdt -c psll_hs.cc -o psll_hs.o -MF psll_hs.d
g++ -MMD -MP  -DPREFIX=\"/usr/local\" -Wall -Wno-nonportable-include-path -g -O2 -fPIC -std=c++2a -g -O2   -iquote . -I.. -iquote ../fesvr -iquote ../riscv -iquote ../disasm -iquote ../customext -iquote ../fdt -iquote ../softfloat -iquote ../spike_main -iquote ../spike_dasm -I/usr/include  -fPIC -I../fdt -c psrli_b.cc -o psrli_b.o -MF psrli_b.d
g++ -MMD -MP  -DPREFIX=\"/usr/local\" -Wall -Wno-nonportable-include-path -g -O2 -fPIC -std=c++2a -g -O2   -iquote . -I.. -iquote ../fesvr -iquote ../riscv -iquote ../disasm -iquote ../customext -iquote ../fdt -iquote ../softfloat -iquote ../spike_main -iquote ../spike_dasm -I/usr/include  -fPIC -I../fdt -c psrli_h.cc -o psrli_h.o -MF psrli_h.d
g++ -MMD -MP  -DPREFIX=\"/usr/local\" -Wall -Wno-nonportable-include-path -g -O2 -fPIC -std=c++2a -g -O2   -iquote . -I.. -iquote ../fesvr -iquote ../riscv -iquote ../disasm -iquote ../customext -iquote ../fdt -iquote ../softfloat -iquote ../spike_main -iquote ../spike_dasm -I/usr/include  -fPIC -I../fdt -c psrl_bs.cc -o psrl_bs.o -MF psrl_bs.d
g++ -MMD -MP  -DPREFIX=\"/usr/local\" -Wall -Wno-nonportable-include-path -g -O2 -fPIC -std=c++2a -g -O2   -iquote . -I.. -iquote ../fesvr -iquote ../riscv -iquote ../disasm -iquote ../customext -iquote ../fdt -iquote ../softfloat -iquote ../spike_main -iquote ../spike_dasm -I/usr/include  -fPIC -I../fdt -c psrl_hs.cc -o psrl_hs.o -MF psrl_hs.d
g++ -MMD -MP  -DPREFIX=\"/usr/local\" -Wall -Wno-nonportable-include-path -g -O2 -fPIC -std=c++2a -g -O2   -iquote . -I.. -iquote ../fesvr -iquote ../riscv -iquote ../disasm -iquote ../customext -iquote ../fdt -iquote ../softfloat -iquote ../spike_main -iquote ../spike_dasm -I/usr/include  -fPIC -I../fdt -c psrai_b.cc -o psrai_b.o -MF psrai_b.d
g++ -MMD -MP  -DPREFIX=\"/usr/local\" -Wall -Wno-nonportable-include-path -g -O2 -fPIC -std=c++2a -g -O2   -iquote . -I.. -iquote ../fesvr -iquote ../riscv -iquote ../disasm -iquote ../customext -iquote ../fdt -iquote ../softfloat -iquote ../spike_main -iquote ../spike_dasm -I/usr/include  -fPIC -I../fdt -c psrai_h.cc -o psrai_h.o -MF psrai_h.d
g++ -MMD -MP  -DPREFIX=\"/usr/local\" -Wall -Wno-nonportable-include-path -g -O2 -fPIC -std=c++2a -g -O2   -iquote . -I.. -iquote ../fesvr -iquote ../riscv -iquote ../disasm -iquote ../customext -iquote ../fdt -iquote ../softfloat -iquote ../spike_main -iquote ../spike_dasm -I/usr/include  -fPIC -I../fdt -c psra_bs.cc -o psra_bs.o -MF psra_bs.d
g++ -MMD -MP  -DPREFIX=\"/usr/local\" -Wall -Wno-nonportable-include-path -g -O2 -fPIC -std=c++2a -g -O2   -iquote . -I.. -iquote ../fesvr -iquote ../riscv -iquote ../disasm -iquote ../customext -iquote ../fdt -iquote ../softfloat -iquote ../spike_main -iquote ../spike_dasm -I/usr/include  -fPIC -I../fdt -c psra_hs.cc -o psra_hs.o -MF psra_hs.d
g++ -MMD -MP  -DPREFIX=\"/usr/local\" -Wall -Wno-nonportable-include-path -g -O2 -fPIC -std=c++2a -g -O2   -iquote . -I.. -iquote ../fesvr -iquote ../riscv -iquote ../disasm -iquote ../customext -iquote ../fdt -iquote ../softfloat -iquote ../spike_main -iquote ../spike_dasm -I/usr/include  -fPIC -I../fdt -c psslai_h.cc -o psslai_h.o -MF psslai_h.d
g++ -MMD -MP  -DPREFIX=\"/usr/local\" -Wall -Wno-nonportable-include-path -g -O2 -fPIC -std=c++2a -g -O2   -iquote . -I.. -iquote ../fesvr -iquote ../riscv -iquote ../disasm -iquote ../customext -iquote ../fdt -iquote ../softfloat -iquote ../spike_main -iquote ../spike_dasm -I/usr/include  -fPIC -I../fdt -c psrari_h.cc -o psrari_h.o -MF psrari_h.d
g++ -MMD -MP  -DPREFIX=\"/usr/local\" -Wall -Wno-nonportable-include-path -g -O2 -fPIC -std=c++2a -g -O2   -iquote . -I.. -iquote ../fesvr -iquote ../riscv -iquote ../disasm -iquote ../customext -iquote ../fdt -iquote ../softfloat -iquote ../spike_main -iquote ../spike_dasm -I/usr/include  -fPIC -I../fdt -c pssha_hs.cc -o pssha_hs.o -MF pssha_hs.d
g++ -MMD -MP  -DPREFIX=\"/usr/local\" -Wall -Wno-nonportable-include-path -g -O2 -fPIC -std=c++2a -g -O2   -iquote . -I.. -iquote ../fesvr -iquote ../riscv -iquote ../disasm -iquote ../customext -iquote ../fdt -iquote ../softfloat -iquote ../spike_main -iquote ../spike_dasm -I/usr/include  -fPIC -I../fdt -c psshar_hs.cc -o psshar_hs.o -MF psshar_hs.d
g++ -MMD -MP  -DPREFIX=\"/usr/local\" -Wall -Wno-nonportable-include-path -g -O2 -fPIC -std=c++2a -g -O2   -iquote . -I.. -iquote ../fesvr -iquote ../riscv -iquote ../disasm -iquote ../customext -iquote ../fdt -iquote ../softfloat -iquote ../spike_main -iquote ../spike_dasm -I/usr/include  -fPIC -I../fdt -c sslai.cc -o sslai.o -MF sslai.d
g++ -MMD -MP  -DPREFIX=\"/usr/local\" -Wall -Wno-nonportable-include-path -g -O2 -fPIC -std=c++2a -g -O2   -iquote . -I.. -iquote ../fesvr -iquote ../riscv -iquote ../disasm -iquote ../customext -iquote ../fdt -iquote ../softfloat -iquote ../spike_main -iquote ../spike_dasm -I/usr/include  -fPIC -I../fdt -c srari.cc -o srari.o -MF srari.d
g++ -MMD -MP  -DPREFIX=\"/usr/local\" -Wall -Wno-nonportable-include-path -g -O2 -fPIC -std=c++2a -g -O2   -iquote . -I.. -iquote ../fesvr -iquote ../riscv -iquote ../disasm -iquote ../customext -iquote ../fdt -iquote ../softfloat -iquote ../spike_main -iquote ../spike_dasm -I/usr/include  -fPIC -I../fdt -c srari_rv32.cc -o srari_rv32.o -MF srari_rv32.d
g++ -MMD -MP  -DPREFIX=\"/usr/local\" -Wall -Wno-nonportable-include-path -g -O2 -fPIC -std=c++2a -g -O2   -iquote . -I.. -iquote ../fesvr -iquote ../riscv -iquote ../disasm -iquote ../customext -iquote ../fdt -iquote ../softfloat -iquote ../spike_main -iquote ../spike_dasm -I/usr/include  -fPIC -I../fdt -c ssha.cc -o ssha.o -MF ssha.d
g++ -MMD -MP  -DPREFIX=\"/usr/local\" -Wall -Wno-nonportable-include-path -g -O2 -fPIC -std=c++2a -g -O2   -iquote . -I.. -iquote ../fesvr -iquote ../riscv -iquote ../disasm -iquote ../customext -iquote ../fdt -iquote ../softfloat -iquote ../spike_main -iquote ../spike_dasm -I/usr/include  -fPIC -I../fdt -c sshar.cc -o sshar.o -MF sshar.d
g++ -MMD -MP  -DPREFIX=\"/usr/local\" -Wall -Wno-nonportable-include-path -g -O2 -fPIC -std=c++2a -g -O2   -iquote . -I.. -iquote ../fesvr -iquote ../riscv -iquote ../disasm -iquote ../customext -iquote ../fdt -iquote ../softfloat -iquote ../spike_main -iquote ../spike_dasm -I/usr/include  -fPIC -I../fdt -c pmin_b.cc -o pmin_b.o -MF pmin_b.d
g++ -MMD -MP  -DPREFIX=\"/usr/local\" -Wall -Wno-nonportable-include-path -g -O2 -fPIC -std=c++2a -g -O2   -iquote . -I.. -iquote ../fesvr -iquote ../riscv -iquote ../disasm -iquote ../customext -iquote ../fdt -iquote ../softfloat -iquote ../spike_main -iquote ../spike_dasm -I/usr/include  -fPIC -I../fdt -c pmin_h.cc -o pmin_h.o -MF pmin_h.d
g++ -MMD -MP  -DPREFIX=\"/usr/local\" -Wall -Wno-nonportable-include-path -g -O2 -fPIC -std=c++2a -g -O2   -iquote . -I.. -iquote ../fesvr -iquote ../riscv -iquote ../disasm -iquote ../customext -iquote ../fdt -iquote ../softfloat -iquote ../spike_main -iquote ../spike_dasm -I/usr/include  -fPIC -I../fdt -c pminu_b.cc -o pminu_b.o -MF pminu_b.d
g++ -MMD -MP  -DPREFIX=\"/usr/local\" -Wall -Wno-nonportable-include-path -g -O2 -fPIC -std=c++2a -g -O2   -iquote . -I.. -iquote ../fesvr -iquote ../riscv -iquote ../disasm -iquote ../customext -iquote ../fdt -iquote ../softfloat -iquote ../spike_main -iquote ../spike_dasm -I/usr/include  -fPIC -I../fdt -c pminu_h.cc -o pminu_h.o -MF pminu_h.d
g++ -MMD -MP  -DPREFIX=\"/usr/local\" -Wall -Wno-nonportable-include-path -g -O2 -fPIC -std=c++2a -g -O2   -iquote . -I.. -iquote ../fesvr -iquote ../riscv -iquote ../disasm -iquote ../customext -iquote ../fdt -iquote ../softfloat -iquote ../spike_main -iquote ../spike_dasm -I/usr/include  -fPIC -I../fdt -c pmax_b.cc -o pmax_b.o -MF pmax_b.d
g++ -MMD -MP  -DPREFIX=\"/usr/local\" -Wall -Wno-nonportable-include-path -g -O2 -fPIC -std=c++2a -g -O2   -iquote . -I.. -iquote ../fesvr -iquote ../riscv -iquote ../disasm -iquote ../customext -iquote ../fdt -iquote ../softfloat -iquote ../spike_main -iquote ../spike_dasm -I/usr/include  -fPIC -I../fdt -c pmax_h.cc -o pmax_h.o -MF pmax_h.d
g++ -MMD -MP  -DPREFIX=\"/usr/local\" -Wall -Wno-nonportable-include-path -g -O2 -fPIC -std=c++2a -g -O2   -iquote . -I.. -iquote ../fesvr -iquote ../riscv -iquote ../disasm -iquote ../customext -iquote ../fdt -iquote ../softfloat -iquote ../spike_main -iquote ../spike_dasm -I/usr/include  -fPIC -I../fdt -c pmaxu_b.cc -o pmaxu_b.o -MF pmaxu_b.d
g++ -MMD -MP  -DPREFIX=\"/usr/local\" -Wall -Wno-nonportable-include-path -g -O2 -fPIC -std=c++2a -g -O2   -iquote . -I.. -iquote ../fesvr -iquote ../riscv -iquote ../disasm -iquote ../customext -iquote ../fdt -iquote ../softfloat -iquote ../spike_main -iquote ../spike_dasm -I/usr/include  -fPIC -I../fdt -c pmaxu_h.cc -o pmaxu_h.o -MF pmaxu_h.d
g++ -MMD -MP  -DPREFIX=\"/usr/local\" -Wall -Wno-nonportable-include-path -g -O2 -fPIC -std=c++2a -g -O2   -iquote . -I.. -iquote ../fesvr -iquote ../riscv -iquote ../disasm -iquote ../customext -iquote ../fdt -iquote ../softfloat -iquote ../spike_main -iquote ../spike_dasm -I/usr/include  -fPIC -I../fdt -c pmseq_b.cc -o pmseq_b.o -MF pmseq_b.d
g++ -MMD -MP  -DPREFIX=\"/usr/local\" -Wall -Wno-nonportable-include-path -g -O2 -fPIC -std=c++2a -g -O2   -iquote . -I.. -iquote ../fesvr -iquote ../riscv -iquote ../disasm -iquote ../customext -iquote ../fdt -iquote ../softfloat -iquote ../spike_main -iquote ../spike_dasm -I/usr/include  -fPIC -I../fdt -c pmseq_h.cc -o pmseq_h.o -MF pmseq_h.d
g++ -MMD -MP  -DPREFIX=\"/usr/local\" -Wall -Wno-nonportable-include-path -g -O2 -fPIC -std=c++2a -g -O2   -iquote . -I.. -iquote ../fesvr -iquote ../riscv -iquote ../disasm -iquote ../customext -iquote ../fdt -iquote ../softfloat -iquote ../spike_main -iquote ../spike_dasm -I/usr/include  -fPIC -I../fdt -c mseq.cc -o mseq.o -MF mseq.d
g++ -MMD -MP  -DPREFIX=\"/usr/local\" -Wall -Wno-nonportable-include-path -g -O2 -fPIC -std=c++2a -g -O2   -iquote . -I.. -iquote ../fesvr -iquote ../riscv -iquote ../disasm -iquote ../customext -iquote ../fdt -iquote ../softfloat -iquote ../spike_main -iquote ../spike_dasm -I/usr/include  -fPIC -I../fdt -c pmslt_b.cc -o pmslt_b.o -MF pmslt_b.d
g++ -MMD -MP  -DPREFIX=\"/usr/local\" -Wall -Wno-nonportable-include-path -g -O2 -fPIC -std=c++2a -g -O2   -iquote . -I.. -iquote ../fesvr -iquote ../riscv -iquote ../disasm -iquote ../customext -iquote ../fdt -iquote ../softfloat -iquote ../spike_main -iquote ../spike_dasm -I/usr/include  -fPIC -I../fdt -c pmslt_h.cc -o pmslt_h.o -MF pmslt_h.d
g++ -MMD -MP  -DPREFIX=\"/usr/local\" -Wall -Wno-nonportable-include-path -g -O2 -fPIC -std=c++2a -g -O2   -iquote . -I.. -iquote ../fesvr -iquote ../riscv -iquote ../disasm -iquote ../customext -iquote ../fdt -iquote ../softfloat -iquote ../spike_main -iquote ../spike_dasm -I/usr/include  -fPIC -I../fdt -c mslt.cc -o mslt.o -MF mslt.d
g++ -MMD -MP  -DPREFIX=\"/usr/local\" -Wall -Wno-nonportable-include-path -g -O2 -fPIC -std=c++2a -g -O2   -iquote . -I.. -iquote ../fesvr -iquote ../riscv -iquote ../disasm -iquote ../customext -iquote ../fdt -iquote ../softfloat -iquote ../spike_main -iquote ../spike_dasm -I/usr/include  -fPIC -I../fdt -c pmsltu_b.cc -o pmsltu_b.o -MF pmsltu_b.d
g++ -MMD -MP  -DPREFIX=\"/usr/local\" -Wall -Wno-nonportable-include-path -g -O2 -fPIC -std=c++2a -g -O2   -iquote . -I.. -iquote ../fesvr -iquote ../riscv -iquote ../disasm -iquote ../customext -iquote ../fdt -iquote ../softfloat -iquote ../spike_main -iquote ../spike_dasm -I/usr/include  -fPIC -I../fdt -c pmsltu_h.cc -o pmsltu_h.o -MF pmsltu_h.d
g++ -MMD -MP  -DPREFIX=\"/usr/local\" -Wall -Wno-nonportable-include-path -g -O2 -fPIC -std=c++2a -g -O2   -iquote . -I.. -iquote ../fesvr -iquote ../riscv -iquote ../disasm -iquote ../customext -iquote ../fdt -iquote ../softfloat -iquote ../spike_main -iquote ../spike_dasm -I/usr/include  -fPIC -I../fdt -c msltu.cc -o msltu.o -MF msltu.d
g++ -MMD -MP  -DPREFIX=\"/usr/local\" -Wall -Wno-nonportable-include-path -g -O2 -fPIC -std=c++2a -g -O2   -iquote . -I.. -iquote ../fesvr -iquote ../riscv -iquote ../disasm -iquote ../customext -iquote ../fdt -iquote ../softfloat -iquote ../spike_main -iquote ../spike_dasm -I/usr/include  -fPIC -I../fdt -c ppaire_b.cc -o ppaire_b.o -MF ppaire_b.d
g++ -MMD -MP  -DPREFIX=\"/usr/local\" -Wall -Wno-nonportable-include-path -g -O2 -fPIC -std=c++2a -g -O2   -iquote . -I.. -iquote ../fesvr -iquote ../riscv -iquote ../disasm -iquote ../customext -iquote ../fdt -iquote ../softfloat -iquote ../spike_main -iquote ../spike_dasm -I/usr/include  -fPIC -I../fdt -c ppaireo_b.cc -o ppaireo_b.o -MF ppaireo_b.d
g++ -MMD -MP  -DPREFIX=\"/usr/local\" -Wall -Wno-nonportable-include-path -g -O2 -fPIC -std=c++2a -g -O2   -iquote . -I.. -iquote ../fesvr -iquote ../riscv -iquote ../disasm -iquote ../customext -iquote ../fdt -iquote ../softfloat -iquote ../spike_main -iquote ../spike_dasm -I/usr/include  -fPIC -I../fdt -c ppaireo_h.cc -o ppaireo_h.o -MF ppaireo_h.d
g++ -MMD -MP  -DPREFIX=\"/usr/local\" -Wall -Wno-nonportable-include-path -g -O2 -fPIC -std=c++2a -g -O2   -iquote . -I.. -iquote ../fesvr -iquote ../riscv -iquote ../disasm -iquote ../customext -iquote ../fdt -iquote ../softfloat -iquote ../spike_main -iquote ../spike_dasm -I/usr/include  -fPIC -I../fdt -c ppairoe_b.cc -o ppairoe_b.o -MF ppairoe_b.d
g++ -MMD -MP  -DPREFIX=\"/usr/local\" -Wall -Wno-nonportable-include-path -g -O2 -fPIC -std=c++2a -g -O2   -iquote . -I.. -iquote ../fesvr -iquote ../riscv -iquote ../disasm -iquote ../customext -iquote ../fdt -iquote ../softfloat -iquote ../spike_main -iquote ../spike_dasm -I/usr/include  -fPIC -I../fdt -c ppairoe_h.cc -o ppairoe_h.o -MF ppairoe_h.d
g++ -MMD -MP  -DPREFIX=\"/usr/local\" -Wall -Wno-nonportable-include-path -g -O2 -fPIC -std=c++2a -g -O2   -iquote . -I.. -iquote ../fesvr -iquote ../riscv -iquote ../disasm -iquote ../customext -iquote ../fdt -iquote ../softfloat -iquote ../spike_main -iquote ../spike_dasm -I/usr/include  -fPIC -I../fdt -c ppairo_b.cc -o ppairo_b.o -MF ppairo_b.d
g++ -MMD -MP  -DPREFIX=\"/usr/local\" -Wall -Wno-nonportable-include-path -g -O2 -fPIC -std=c++2a -g -O2   -iquote . -I.. -iquote ../fesvr -iquote ../riscv -iquote ../disasm -iquote ../customext -iquote ../fdt -iquote ../softfloat -iquote ../spike_main -iquote ../spike_dasm -I/usr/include  -fPIC -I../fdt -c ppairo_h.cc -o ppairo_h.o -MF ppairo_h.d
g++ -MMD -MP  -DPREFIX=\"/usr/local\" -Wall -Wno-nonportable-include-path -g -O2 -fPIC -std=c++2a -g -O2   -iquote . -I.. -iquote ../fesvr -iquote ../riscv -iquote ../disasm -iquote ../customext -iquote ../fdt -iquote ../softfloat -iquote ../spike_main -iquote ../spike_dasm -I/usr/include  -fPIC -I../fdt -c abs.cc -o abs.o -MF abs.d
g++ -MMD -MP  -DPREFIX=\"/usr/local\" -Wall -Wno-nonportable-include-path -g -O2 -fPIC -std=c++2a -g -O2   -iquote . -I.. -iquote ../fesvr -iquote ../riscv -iquote ../disasm -iquote ../customext -iquote ../fdt -iquote ../softfloat -iquote ../spike_main -iquote ../spike_dasm -I/usr/include  -fPIC -I../fdt -c cls.cc -o cls.o -MF cls.d
g++ -MMD -MP  -DPREFIX=\"/usr/local\" -Wall -Wno-nonportable-include-path -g -O2 -fPIC -std=c++2a -g -O2   -iquote . -I.. -iquote ../fesvr -iquote ../riscv -iquote ../disasm -iquote ../customext -iquote ../fdt -iquote ../softfloat -iquote ../spike_main -iquote ../spike_dasm -I/usr/include  -fPIC -I../fdt -c slx.cc -o slx.o -MF slx.d
g++ -MMD -MP  -DPREFIX=\"/usr/local\" -Wall -Wno-nonportable-include-path -g -O2 -fPIC -std=c++2a -g -O2   -iquote . -I.. -iquote ../fesvr -iquote ../riscv -iquote ../disasm -iquote ../customext -iquote ../fdt -iquote ../softfloat -iquote ../spike_main -iquote ../spike_dasm -I/usr/include  -fPIC -I../fdt -c srx.cc -o srx.o -MF srx.d
g++ -MMD -MP  -DPREFIX=\"/usr/local\" -Wall -Wno-nonportable-include-path -g -O2 -fPIC -std=c++2a -g -O2   -iquote . -I.. -iquote ../fesvr -iquote ../riscv -iquote ../disasm -iquote ../customext -iquote ../fdt -iquote ../softfloat -iquote ../spike_main -iquote ../spike_dasm -I/usr/include  -fPIC -I../fdt -c mvm.cc -o mvm.o -MF mvm.d
g++ -MMD -MP  -DPREFIX=\"/usr/local\" -Wall -Wno-nonportable-include-path -g -O2 -fPIC -std=c++2a -g -O2   -iquote . -I.. -iquote ../fesvr -iquote ../riscv -iquote ../disasm -iquote ../customext -iquote ../fdt -iquote ../softfloat -iquote ../spike_main -iquote ../spike_dasm -I/usr/include  -fPIC -I../fdt -c mvmn.cc -o mvmn.o -MF mvmn.d
g++ -MMD -MP  -DPREFIX=\"/usr/local\" -Wall -Wno-nonportable-include-path -g -O2 -fPIC -std=c++2a -g -O2   -iquote . -I.. -iquote ../fesvr -iquote ../riscv -iquote ../disasm -iquote ../customext -iquote ../fdt -iquote ../softfloat -iquote ../spike_main -iquote ../spike_dasm -I/usr/include  -fPIC -I../fdt -c merge.cc -o merge.o -MF merge.d
g++ -MMD -MP  -DPREFIX=\"/usr/local\" -Wall -Wno-nonportable-include-path -g -O2 -fPIC -std=c++2a -g -O2   -iquote . -I.. -iquote ../fesvr -iquote ../riscv -iquote ../disasm -iquote ../customext -iquote ../fdt -iquote ../softfloat -iquote ../spike_main -iquote ../spike_dasm -I/usr/include  -fPIC -I../fdt -c pmulh_h.cc -o pmulh_h.o -MF pmulh_h.d
g++ -MMD -MP  -DPREFIX=\"/usr/local\" -Wall -Wno-nonportable-include-path -g -O2 -fPIC -std=c++2a -g -O2   -iquote . -I.. -iquote ../fesvr -iquote ../riscv -iquote ../disasm -iquote ../customext -iquote ../fdt -iquote ../softfloat -iquote ../spike_main -iquote ../spike_dasm -I/usr/include  -fPIC -I../fdt -c pmulhr_h.cc -o pmulhr_h.o -MF pmulhr_h.d
g++ -MMD -MP  -DPREFIX=\"/usr/local\" -Wall -Wno-nonportable-include-path -g -O2 -fPIC -std=c++2a -g -O2   -iquote . -I.. -iquote ../fesvr -iquote ../riscv -iquote ../disasm -iquote ../customext -iquote ../fdt -iquote ../softfloat -iquote ../spike_main -iquote ../spike_dasm -I/usr/include  -fPIC -I../fdt -c pmulhsu_h.cc -o pmulhsu_h.o -MF pmulhsu_h.d
g++ -MMD -MP  -DPREFIX=\"/usr/local\" -Wall -Wno-nonportable-include-path -g -O2 -fPIC -std=c++2a -g -O2   -iquote . -I.. -iquote ../fesvr -iquote ../riscv -iquote ../disasm -iquote ../customext -iquote ../fdt -iquote ../softfloat -iquote ../spike_main -iquote ../spike_dasm -I/usr/include  -fPIC -I../fdt -c pmulhrsu_h.cc -o pmulhrsu_h.o -MF pmulhrsu_h.d
g++ -MMD -MP  -DPREFIX=\"/usr/local\" -Wall -Wno-nonportable-include-path -g -O2 -fPIC -std=c++2a -g -O2   -iquote . -I.. -iquote ../fesvr -iquote ../riscv -iquote ../disasm -iquote ../customext -iquote ../fdt -iquote ../softfloat -iquote ../spike_main -iquote ../spike_dasm -I/usr/include  -fPIC -I../fdt -c pmulhu_h.cc -o pmulhu_h.o -MF pmulhu_h.d
g++ -MMD -MP  -DPREFIX=\"/usr/local\" -Wall -Wno-nonportable-include-path -g -O2 -fPIC -std=c++2a -g -O2   -iquote . -I.. -iquote ../fesvr -iquote ../riscv -iquote ../disasm -iquote ../customext -iquote ../fdt -iquote ../softfloat -iquote ../spike_main -iquote ../spike_dasm -I/usr/include  -fPIC -I../fdt -c pmulhru_h.cc -o pmulhru_h.o -MF pmulhru_h.d
g++ -MMD -MP  -DPREFIX=\"/usr/local\" -Wall -Wno-nonportable-include-path -g -O2 -fPIC -std=c++2a -g -O2   -iquote . -I.. -iquote ../fesvr -iquote ../riscv -iquote ../disasm -iquote ../customext -iquote ../fdt -iquote ../softfloat -iquote ../spike_main -iquote ../spike_dasm -I/usr/include  -fPIC -I../fdt -c pmulq_h.cc -o pmulq_h.o -MF pmulq_h.d
g++ -MMD -MP  -DPREFIX=\"/usr/local\" -Wall -Wno-nonportable-include-path -g -O2 -fPIC -std=c++2a -g -O2   -iquote . -I.. -iquote ../fesvr -iquote ../riscv -iquote ../disasm -iquote ../customext -iquote ../fdt -iquote ../softfloat -iquote ../spike_main -iquote ../spike_dasm -I/usr/include  -fPIC -I../fdt -c pmulqr_h.cc -o pmulqr_h.o -MF pmulqr_h.d
g++ -MMD -MP  -DPREFIX=\"/usr/local\" -Wall -Wno-nonportable-include-path -g -O2 -fPIC -std=c++2a -g -O2   -iquote . -I.. -iquote ../fesvr -iquote ../riscv -iquote ../disasm -iquote ../customext -iquote ../fdt -iquote ../softfloat -iquote ../spike_main -iquote ../spike_dasm -I/usr/include  -fPIC -I../fdt -c mulhr.cc -o mulhr.o -MF mulhr.d
g++ -MMD -MP  -DPREFIX=\"/usr/local\" -Wall -Wno-nonportable-include-path -g -O2 -fPIC -std=c++2a -g -O2   -iquote . -I.. -iquote ../fesvr -iquote ../riscv -iquote ../disasm -iquote ../customext -iquote ../fdt -iquote ../softfloat -iquote ../spike_main -iquote ../spike_dasm -I/usr/include  -fPIC -I../fdt -c mulhrsu.cc -o mulhrsu.o -MF mulhrsu.d
g++ -MMD -MP  -DPREFIX=\"/usr/local\" -Wall -Wno-nonportable-include-path -g -O2 -fPIC -std=c++2a -g -O2   -iquote . -I.. -iquote ../fesvr -iquote ../riscv -iquote ../disasm -iquote ../customext -iquote ../fdt -iquote ../softfloat -iquote ../spike_main -iquote ../spike_dasm -I/usr/include  -fPIC -I../fdt -c mulhru.cc -o mulhru.o -MF mulhru.d
g++ -MMD -MP  -DPREFIX=\"/usr/local\" -Wall -Wno-nonportable-include-path -g -O2 -fPIC -std=c++2a -g -O2   -iquote . -I.. -iquote ../fesvr -iquote ../riscv -iquote ../disasm -iquote ../customext -iquote ../fdt -iquote ../softfloat -iquote ../spike_main -iquote ../spike_dasm -I/usr/include  -fPIC -I../fdt -c mulq.cc -o mulq.o -MF mulq.d
g++ -MMD -MP  -DPREFIX=\"/usr/local\" -Wall -Wno-nonportable-include-path -g -O2 -fPIC -std=c++2a -g -O2   -iquote . -I.. -iquote ../fesvr -iquote ../riscv -iquote ../disasm -iquote ../customext -iquote ../fdt -iquote ../softfloat -iquote ../spike_main -iquote ../spike_dasm -I/usr/include  -fPIC -I../fdt -c mulqr.cc -o mulqr.o -MF mulqr.d
g++ -MMD -MP  -DPREFIX=\"/usr/local\" -Wall -Wno-nonportable-include-path -g -O2 -fPIC -std=c++2a -g -O2   -iquote . -I.. -iquote ../fesvr -iquote ../riscv -iquote ../disasm -iquote ../customext -iquote ../fdt -iquote ../softfloat -iquote ../spike_main -iquote ../spike_dasm -I/usr/include  -fPIC -I../fdt -c pmul_h_b00.cc -o pmul_h_b00.o -MF pmul_h_b00.d
g++ -MMD -MP  -DPREFIX=\"/usr/local\" -Wall -Wno-nonportable-include-path -g -O2 -fPIC -std=c++2a -g -O2   -iquote . -I.. -iquote ../fesvr -iquote ../riscv -iquote ../disasm -iquote ../customext -iquote ../fdt -iquote ../softfloat -iquote ../spike_main -iquote ../spike_dasm -I/usr/include  -fPIC -I../fdt -c pmul_h_b01.cc -o pmul_h_b01.o -MF pmul_h_b01.d
g++ -MMD -MP  -DPREFIX=\"/usr/local\" -Wall -Wno-nonportable-include-path -g -O2 -fPIC -std=c++2a -g -O2   -iquote . -I.. -iquote ../fesvr -iquote ../riscv -iquote ../disasm -iquote ../customext -iquote ../fdt -iquote ../softfloat -iquote ../spike_main -iquote ../spike_dasm -I/usr/include  -fPIC -I../fdt -c pmul_h_b11.cc -o pmul_h_b11.o -MF pmul_h_b11.d
g++ -MMD -MP  -DPREFIX=\"/usr/local\" -Wall -Wno-nonportable-include-path -g -O2 -fPIC -std=c++2a -g -O2   -iquote . -I.. -iquote ../fesvr -iquote ../riscv -iquote ../disasm -iquote ../customext -iquote ../fdt -iquote ../softfloat -iquote ../spike_main -iquote ../spike_dasm -I/usr/include  -fPIC -I../fdt -c pmulsu_h_b00.cc -o pmulsu_h_b00.o -MF pmulsu_h_b00.d
g++ -MMD -MP  -DPREFIX=\"/usr/local\" -Wall -Wno-nonportable-include-path -g -O2 -fPIC -std=c++2a -g -O2   -iquote . -I.. -iquote ../fesvr -iquote ../riscv -iquote ../disasm -iquote ../customext -iquote ../fdt -iquote ../softfloat -iquote ../spike_main -iquote ../spike_dasm -I/usr/include  -fPIC -I../fdt -c pmulsu_h_b11.cc -o pmulsu_h_b11.o -MF pmulsu_h_b11.d
g++ -MMD -MP  -DPREFIX=\"/usr/local\" -Wall -Wno-nonportable-include-path -g -O2 -fPIC -std=c++2a -g -O2   -iquote . -I.. -iquote ../fesvr -iquote ../riscv -iquote ../disasm -iquote ../customext -iquote ../fdt -iquote ../softfloat -iquote ../spike_main -iquote ../spike_dasm -I/usr/include  -fPIC -I../fdt -c pmulu_h_b00.cc -o pmulu_h_b00.o -MF pmulu_h_b00.d
g++ -MMD -MP  -DPREFIX=\"/usr/local\" -Wall -Wno-nonportable-include-path -g -O2 -fPIC -std=c++2a -g -O2   -iquote . -I.. -iquote ../fesvr -iquote ../riscv -iquote ../disasm -iquote ../customext -iquote ../fdt -iquote ../softfloat -iquote ../spike_main -iquote ../spike_dasm -I/usr/include  -fPIC -I../fdt -c pmulu_h_b01.cc -o pmulu_h_b01.o -MF pmulu_h_b01.d
g++ -MMD -MP  -DPREFIX=\"/usr/local\" -Wall -Wno-nonportable-include-path -g -O2 -fPIC -std=c++2a -g -O2   -iquote . -I.. -iquote ../fesvr -iquote ../riscv -iquote ../disasm -iquote ../customext -iquote ../fdt -iquote ../softfloat -iquote ../spike_main -iquote ../spike_dasm -I/usr/include  -fPIC -I../fdt -c pmulu_h_b11.cc -o pmulu_h_b11.o -MF pmulu_h_b11.d
g++ -MMD -MP  -DPREFIX=\"/usr/local\" -Wall -Wno-nonportable-include-path -g -O2 -fPIC -std=c++2a -g -O2   -iquote . -I.. -iquote ../fesvr -iquote ../riscv -iquote ../disasm -iquote ../customext -iquote ../fdt -iquote ../softfloat -iquote ../spike_main -iquote ../spike_dasm -I/usr/include  -fPIC -I../fdt -c mul_h00.cc -o mul_h00.o -MF mul_h00.d
g++ -MMD -MP  -DPREFIX=\"/usr/local\" -Wall -Wno-nonportable-include-path -g -O2 -fPIC -std=c++2a -g -O2   -iquote . -I.. -iquote ../fesvr -iquote ../riscv -iquote ../disasm -iquote ../customext -iquote ../fdt -iquote ../softfloat -iquote ../spike_main -iquote ../spike_dasm -I/usr/include  -fPIC -I../fdt -c mul_h01.cc -o mul_h01.o -MF mul_h01.d
g++ -MMD -MP  -DPREFIX=\"/usr/local\" -Wall -Wno-nonportable-include-path -g -O2 -fPIC -std=c++2a -g -O2   -iquote . -I.. -iquote ../fesvr -iquote ../riscv -iquote ../disasm -iquote ../customext -iquote ../fdt -iquote ../softfloat -iquote ../spike_main -iquote ../spike_dasm -I/usr/include  -fPIC -I../fdt -c mul_h11.cc -o mul_h11.o -MF mul_h11.d
g++ -MMD -MP  -DPREFIX=\"/usr/local\" -Wall -Wno-nonportable-include-path -g -O2 -fPIC -std=c++2a -g -O2   -iquote . -I.. -iquote ../fesvr -iquote ../riscv -iquote ../disasm -iquote ../customext -iquote ../fdt -iquote ../softfloat -iquote ../spike_main -iquote ../spike_dasm -I/usr/include  -fPIC -I../fdt -c mulsu_h00.cc -o mulsu_h00.o -MF mulsu_h00.d
g++ -MMD -MP  -DPREFIX=\"/usr/local\" -Wall -Wno-nonportable-include-path -g -O2 -fPIC -std=c++2a -g -O2   -iquote . -I.. -iquote ../fesvr -iquote ../riscv -iquote ../disasm -iquote ../customext -iquote ../fdt -iquote ../softfloat -iquote ../spike_main -iquote ../spike_dasm -I/usr/include  -fPIC -I../fdt -c mulsu_h11.cc -o mulsu_h11.o -MF mulsu_h11.d
g++ -MMD -MP  -DPREFIX=\"/usr/local\" -Wall -Wno-nonportable-include-path -g -O2 -fPIC -std=c++2a -g -O2   -iquote . -I.. -iquote ../fesvr -iquote ../riscv -iquote ../disasm -iquote ../customext -iquote ../fdt -iquote ../softfloat -iquote ../spike_main -iquote ../spike_dasm -I/usr/include  -fPIC -I../fdt -c mulu_h00.cc -o mulu_h00.o -MF mulu_h00.d
g++ -MMD -MP  -DPREFIX=\"/usr/local\" -Wall -Wno-nonportable-include-path -g -O2 -fPIC -std=c++2a -g -O2   -iquote . -I.. -iquote ../fesvr -iquote ../riscv -iquote ../disasm -iquote ../customext -iquote ../fdt -iquote ../softfloat -iquote ../spike_main -iquote ../spike_dasm -I/usr/include  -fPIC -I../fdt -c mulu_h01.cc -o mulu_h01.o -MF mulu_h01.d
g++ -MMD -MP  -DPREFIX=\"/usr/local\" -Wall -Wno-nonportable-include-path -g -O2 -fPIC -std=c++2a -g -O2   -iquote . -I.. -iquote ../fesvr -iquote ../riscv -iquote ../disasm -iquote ../customext -iquote ../fdt -iquote ../softfloat -iquote ../spike_main -iquote ../spike_dasm -I/usr/include  -fPIC -I../fdt -c mulu_h11.cc -o mulu_h11.o -MF mulu_h11.d
g++ -MMD -MP  -DPREFIX=\"/usr/local\" -Wall -Wno-nonportable-include-path -g -O2 -fPIC -std=c++2a -g -O2   -iquote . -I.. -iquote ../fesvr -iquote ../riscv -iquote ../disasm -iquote ../customext -iquote ../fdt -iquote ../softfloat -iquote ../spike_main -iquote ../spike_dasm -I/usr/include  -fPIC -I../fdt -c pmulh_h_b0.cc -o pmulh_h_b0.o -MF pmulh_h_b0.d
g++ -MMD -MP  -DPREFIX=\"/usr/local\" -Wall -Wno-nonportable-include-path -g -O2 -fPIC -std=c++2a -g -O2   -iquote . -I.. -iquote ../fesvr -iquote ../riscv -iquote ../disasm -iquote ../customext -iquote ../fdt -iquote ../softfloat -iquote ../spike_main -iquote ../spike_dasm -I/usr/include  -fPIC -I../fdt -c pmulh_h_b1.cc -o pmulh_h_b1.o -MF pmulh_h_b1.d
g++ -MMD -MP  -DPREFIX=\"/usr/local\" -Wall -Wno-nonportable-include-path -g -O2 -fPIC -std=c++2a -g -O2   -iquote . -I.. -iquote ../fesvr -iquote ../riscv -iquote ../disasm -iquote ../customext -iquote ../fdt -iquote ../softfloat -iquote ../spike_main -iquote ../spike_dasm -I/usr/include  -fPIC -I../fdt -c pmulhsu_h_b0.cc -o pmulhsu_h_b0.o -MF pmulhsu_h_b0.d
g++ -MMD -MP  -DPREFIX=\"/usr/local\" -Wall -Wno-nonportable-include-path -g -O2 -fPIC -std=c++2a -g -O2   -iquote . -I.. -iquote ../fesvr -iquote ../riscv -iquote ../disasm -iquote ../customext -iquote ../fdt -iquote ../softfloat -iquote ../spike_main -iquote ../spike_dasm -I/usr/include  -fPIC -I../fdt -c pmulhsu_h_b1.cc -o pmulhsu_h_b1.o -MF pmulhsu_h_b1.d
g++ -MMD -MP  -DPREFIX=\"/usr/local\" -Wall -Wno-nonportable-include-path -g -O2 -fPIC -std=c++2a -g -O2   -iquote . -I.. -iquote ../fesvr -iquote ../riscv -iquote ../disasm -iquote ../customext -iquote ../fdt -iquote ../softfloat -iquote ../spike_main -iquote ../spike_dasm -I/usr/include  -fPIC -I../fdt -c mulh_h0.cc -o mulh_h0.o -MF mulh_h0.d
g++ -MMD -MP  -DPREFIX=\"/usr/local\" -Wall -Wno-nonportable-include-path -g -O2 -fPIC -std=c++2a -g -O2   -iquote . -I.. -iquote ../fesvr -iquote ../riscv -iquote ../disasm -iquote ../customext -iquote ../fdt -iquote ../softfloat -iquote ../spike_main -iquote ../spike_dasm -I/usr/include  -fPIC -I../fdt -c mulh_h1.cc -o mulh_h1.o -MF mulh_h1.d
g++ -MMD -MP  -DPREFIX=\"/usr/local\" -Wall -Wno-nonportable-include-path -g -O2 -fPIC -std=c++2a -g -O2   -iquote . -I.. -iquote ../fesvr -iquote ../riscv -iquote ../disasm -iquote ../customext -iquote ../fdt -iquote ../softfloat -iquote ../spike_main -iquote ../spike_dasm -I/usr/include  -fPIC -I../fdt -c mulhsu_h0.cc -o mulhsu_h0.o -MF mulhsu_h0.d
g++ -MMD -MP  -DPREFIX=\"/usr/local\" -Wall -Wno-nonportable-include-path -g -O2 -fPIC -std=c++2a -g -O2   -iquote . -I.. -iquote ../fesvr -iquote ../riscv -iquote ../disasm -iquote ../customext -iquote ../fdt -iquote ../softfloat -iquote ../spike_main -iquote ../spike_dasm -I/usr/include  -fPIC -I../fdt -c mulhsu_h1.cc -o mulhsu_h1.o -MF mulhsu_h1.d
g++ -MMD -MP  -DPREFIX=\"/usr/local\" -Wall -Wno-nonportable-include-path -g -O2 -fPIC -std=c++2a -g -O2   -iquote . -I.. -iquote ../fesvr -iquote ../riscv -iquote ../disasm -iquote ../customext -iquote ../fdt -iquote ../softfloat -iquote ../spike_main -iquote ../spike_dasm -I/usr/include  -fPIC -I../fdt -c pmhacc_h.cc -o pmhacc_h.o -MF pmhacc_h.d
g++ -MMD -MP  -DPREFIX=\"/usr/local\" -Wall -Wno-nonportable-include-path -g -O2 -fPIC -std=c++2a -g -O2   -iquote . -I.. -iquote ../fesvr -iquote ../riscv -iquote ../disasm -iquote ../customext -iquote ../fdt -iquote ../softfloat -iquote ../spike_main -iquote ../spike_dasm -I/usr/include  -fPIC -I../fdt -c pmhracc_h.cc -o pmhracc_h.o -MF pmhracc_h.d
g++ -MMD -MP  -DPREFIX=\"/usr/local\" -Wall -Wno-nonportable-include-path -g -O2 -fPIC -std=c++2a -g -O2   -iquote . -I.. -iquote ../fesvr -iquote ../riscv -iquote ../disasm -iquote ../customext -iquote ../fdt -iquote ../softfloat -iquote ../spike_main -iquote ../spike_dasm -I/usr/include  -fPIC -I../fdt -c pmhaccsu_h.cc -o pmhaccsu_h.o -MF pmhaccsu_h.d
g++ -MMD -MP  -DPREFIX=\"/usr/local\" -Wall -Wno-nonportable-include-path -g -O2 -fPIC -std=c++2a -g -O2   -iquote . -I.. -iquote ../fesvr -iquote ../riscv -iquote ../disasm -iquote ../customext -iquote ../fdt -iquote ../softfloat -iquote ../spike_main -iquote ../spike_dasm -I/usr/include  -fPIC -I../fdt -c pmhraccsu_h.cc -o pmhraccsu_h.o -MF pmhraccsu_h.d
g++ -MMD -MP  -DPREFIX=\"/usr/local\" -Wall -Wno-nonportable-include-path -g -O2 -fPIC -std=c++2a -g -O2   -iquote . -I.. -iquote ../fesvr -iquote ../riscv -iquote ../disasm -iquote ../customext -iquote ../fdt -iquote ../softfloat -iquote ../spike_main -iquote ../spike_dasm -I/usr/include  -fPIC -I../fdt -c pmhaccu_h.cc -o pmhaccu_h.o -MF pmhaccu_h.d
g++ -MMD -MP  -DPREFIX=\"/usr/local\" -Wall -Wno-nonportable-include-path -g -O2 -fPIC -std=c++2a -g -O2   -iquote . -I.. -iquote ../fesvr -iquote ../riscv -iquote ../disasm -iquote ../customext -iquote ../fdt -iquote ../softfloat -iquote ../spike_main -iquote ../spike_dasm -I/usr/include  -fPIC -I../fdt -c pmhraccu_h.cc -o pmhraccu_h.o -MF pmhraccu_h.d
g++ -MMD -MP  -DPREFIX=\"/usr/local\" -Wall -Wno-nonportable-include-path -g -O2 -fPIC -std=c++2a -g -O2   -iquote . -I.. -iquote ../fesvr -iquote ../riscv -iquote ../disasm -iquote ../customext -iquote ../fdt -iquote ../softfloat -iquote ../spike_main -iquote ../spike_dasm -I/usr/include  -fPIC -I../fdt -c mhacc.cc -o mhacc.o -MF mhacc.d
g++ -MMD -MP  -DPREFIX=\"/usr/local\" -Wall -Wno-nonportable-include-path -g -O2 -fPIC -std=c++2a -g -O2   -iquote . -I.. -iquote ../fesvr -iquote ../riscv -iquote ../disasm -iquote ../customext -iquote ../fdt -iquote ../softfloat -iquote ../spike_main -iquote ../spike_dasm -I/usr/include  -fPIC -I../fdt -c mhracc.cc -o mhracc.o -MF mhracc.d
g++ -MMD -MP  -DPREFIX=\"/usr/local\" -Wall -Wno-nonportable-include-path -g -O2 -fPIC -std=c++2a -g -O2   -iquote . -I.. -iquote ../fesvr -iquote ../riscv -iquote ../disasm -iquote ../customext -iquote ../fdt -iquote ../softfloat -iquote ../spike_main -iquote ../spike_dasm -I/usr/include  -fPIC -I../fdt -c mhaccsu.cc -o mhaccsu.o -MF mhaccsu.d
g++ -MMD -MP  -DPREFIX=\"/usr/local\" -Wall -Wno-nonportable-include-path -g -O2 -fPIC -std=c++2a -g -O2   -iquote . -I.. -iquote ../fesvr -iquote ../riscv -iquote ../disasm -iquote ../customext -iquote ../fdt -iquote ../softfloat -iquote ../spike_main -iquote ../spike_dasm -I/usr/include  -fPIC -I../fdt -c mhraccsu.cc -o mhraccsu.o -MF mhraccsu.d
g++ -MMD -MP  -DPREFIX=\"/usr/local\" -Wall -Wno-nonportable-include-path -g -O2 -fPIC -std=c++2a -g -O2   -iquote . -I.. -iquote ../fesvr -iquote ../riscv -iquote ../disasm -iquote ../customext -iquote ../fdt -iquote ../softfloat -iquote ../spike_main -iquote ../spike_dasm -I/usr/include  -fPIC -I../fdt -c mhaccu.cc -o mhaccu.o -MF mhaccu.d
g++ -MMD -MP  -DPREFIX=\"/usr/local\" -Wall -Wno-nonportable-include-path -g -O2 -fPIC -std=c++2a -g -O2   -iquote . -I.. -iquote ../fesvr -iquote ../riscv -iquote ../disasm -iquote ../customext -iquote ../fdt -iquote ../softfloat -iquote ../spike_main -iquote ../spike_dasm -I/usr/include  -fPIC -I../fdt -c mhraccu.cc -o mhraccu.o -MF mhraccu.d
g++ -MMD -MP  -DPREFIX=\"/usr/local\" -Wall -Wno-nonportable-include-path -g -O2 -fPIC -std=c++2a -g -O2   -iquote . -I.. -iquote ../fesvr -iquote ../riscv -iquote ../disasm -iquote ../customext -iquote ../fdt -iquote ../softfloat -iquote ../spike_main -iquote ../spike_dasm -I/usr/include  -fPIC -I../fdt -c mqacc_h00.cc -o mqacc_h00.o -MF mqacc_h00.d
g++ -MMD -MP  -DPREFIX=\"/usr/local\" -Wall -Wno-nonportable-include-path -g -O2 -fPIC -std=c++2a -g -O2   -iquote . -I.. -iquote ../fesvr -iquote ../riscv -iquote ../disasm -iquote ../customext -iquote ../fdt -iquote ../softfloat -iquote ../spike_main -iquote ../spike_dasm -I/usr/include  -fPIC -I../fdt -c mqacc_h01.cc -o mqacc_h01.o -MF mqacc_h01.d
g++ -MMD -MP  -DPREFIX=\"/usr/local\" -Wall -Wno-nonportable-include-path -g -O2 -fPIC -std=c++2a -g -O2   -iquote . -I.. -iquote ../fesvr -iquote ../riscv -iquote ../disasm -iquote ../customext -iquote ../fdt -iquote ../softfloat -iquote ../spike_main -iquote ../spike_dasm -I/usr/include  -fPIC -I../fdt -c mqacc_h11.cc -o mqacc_h11.o -MF mqacc_h11.d
g++ -MMD -MP  -DPREFIX=\"/usr/local\" -Wall -Wno-nonportable-include-path -g -O2 -fPIC -std=c++2a -g -O2   -iquote . -I.. -iquote ../fesvr -iquote ../riscv -iquote ../disasm -iquote ../customext -iquote ../fdt -iquote ../softfloat -iquote ../spike_main -iquote ../spike_dasm -I/usr/include  -fPIC -I../fdt -c mqracc_h00.cc -o mqracc_h00.o -MF mqracc_h00.d
g++ -MMD -MP  -DPREFIX=\"/usr/local\" -Wall -Wno-nonportable-include-path -g -O2 -fPIC -std=c++2a -g -O2   -iquote . -I.. -iquote ../fesvr -iquote ../riscv -iquote ../disasm -iquote ../customext -iquote ../fdt -iquote ../softfloat -iquote ../spike_main -iquote ../spike_dasm -I/usr/include  -fPIC -I../fdt -c mqracc_h01.cc -o mqracc_h01.o -MF mqracc_h01.d
g++ -MMD -MP  -DPREFIX=\"/usr/local\" -Wall -Wno-nonportable-include-path -g -O2 -fPIC -std=c++2a -g -O2   -iquote . -I.. -iquote ../fesvr -iquote ../riscv -iquote ../disasm -iquote ../customext -iquote ../fdt -iquote ../softfloat -iquote ../spike_main -iquote ../spike_dasm -I/usr/include  -fPIC -I../fdt -c mqracc_h11.cc -o mqracc_h11.o -MF mqracc_h11.d
g++ -MMD -MP  -DPREFIX=\"/usr/local\" -Wall -Wno-nonportable-include-path -g -O2 -fPIC -std=c++2a -g -O2   -iquote . -I.. -iquote ../fesvr -iquote ../riscv -iquote ../disasm -iquote ../customext -iquote ../fdt -iquote ../softfloat -iquote ../spike_main -iquote ../spike_dasm -I/usr/include  -fPIC -I../fdt -c macc_h00.cc -o macc_h00.o -MF macc_h00.d
g++ -MMD -MP  -DPREFIX=\"/usr/local\" -Wall -Wno-nonportable-include-path -g -O2 -fPIC -std=c++2a -g -O2   -iquote . -I.. -iquote ../fesvr -iquote ../riscv -iquote ../disasm -iquote ../customext -iquote ../fdt -iquote ../softfloat -iquote ../spike_main -iquote ../spike_dasm -I/usr/include  -fPIC -I../fdt -c macc_h01.cc -o macc_h01.o -MF macc_h01.d
g++ -MMD -MP  -DPREFIX=\"/usr/local\" -Wall -Wno-nonportable-include-path -g -O2 -fPIC -std=c++2a -g -O2   -iquote . -I.. -iquote ../fesvr -iquote ../riscv -iquote ../disasm -iquote ../customext -iquote ../fdt -iquote ../softfloat -iquote ../spike_main -iquote ../spike_dasm -I/usr/include  -fPIC -I../fdt -c macc_h11.cc -o macc_h11.o -MF macc_h11.d
g++ -MMD -MP  -DPREFIX=\"/usr/local\" -Wall -Wno-nonportable-include-path -g -O2 -fPIC -std=c++2a -g -O2   -iquote . -I.. -iquote ../fesvr -iquote ../riscv -iquote ../disasm -iquote ../customext -iquote ../fdt -iquote ../softfloat -iquote ../spike_main -iquote ../spike_dasm -I/usr/include  -fPIC -I../fdt -c maccsu_h00.cc -o maccsu_h00.o -MF maccsu_h00.d
g++ -MMD -MP  -DPREFIX=\"/usr/local\" -Wall -Wno-nonportable-include-path -g -O2 -fPIC -std=c++2a -g -O2   -iquote . -I.. -iquote ../fesvr -iquote ../riscv -iquote ../disasm -iquote ../customext -iquote ../fdt -iquote ../softfloat -iquote ../spike_main -iquote ../spike_dasm -I/usr/include  -fPIC -I../fdt -c maccsu_h11.cc -o maccsu_h11.o -MF maccsu_h11.d
g++ -MMD -MP  -DPREFIX=\"/usr/local\" -Wall -Wno-nonportable-include-path -g -O2 -fPIC -std=c++2a -g -O2   -iquote . -I.. -iquote ../fesvr -iquote ../riscv -iquote ../disasm -iquote ../customext -iquote ../fdt -iquote ../softfloat -iquote ../spike_main -iquote ../spike_dasm -I/usr/include  -fPIC -I../fdt -c maccu_h00.cc -o maccu_h00.o -MF maccu_h00.d
g++ -MMD -MP  -DPREFIX=\"/usr/local\" -Wall -Wno-nonportable-include-path -g -O2 -fPIC -std=c++2a -g -O2   -iquote . -I.. -iquote ../fesvr -iquote ../riscv -iquote ../disasm -iquote ../customext -iquote ../fdt -iquote ../softfloat -iquote ../spike_main -iquote ../spike_dasm -I/usr/include  -fPIC -I../fdt -c maccu_h01.cc -o maccu_h01.o -MF maccu_h01.d
g++ -MMD -MP  -DPREFIX=\"/usr/local\" -Wall -Wno-nonportable-include-path -g -O2 -fPIC -std=c++2a -g -O2   -iquote . -I.. -iquote ../fesvr -iquote ../riscv -iquote ../disasm -iquote ../customext -iquote ../fdt -iquote ../softfloat -iquote ../spike_main -iquote ../spike_dasm -I/usr/include  -fPIC -I../fdt -c maccu_h11.cc -o maccu_h11.o -MF maccu_h11.d
g++ -MMD -MP  -DPREFIX=\"/usr/local\" -Wall -Wno-nonportable-include-path -g -O2 -fPIC -std=c++2a -g -O2   -iquote . -I.. -iquote ../fesvr -iquote ../riscv -iquote ../disasm -iquote ../customext -iquote ../fdt -iquote ../softfloat -iquote ../spike_main -iquote ../spike_dasm -I/usr/include  -fPIC -I../fdt -c pmhacc_h_b0.cc -o pmhacc_h_b0.o -MF pmhacc_h_b0.d
g++ -MMD -MP  -DPREFIX=\"/usr/local\" -Wall -Wno-nonportable-include-path -g -O2 -fPIC -std=c++2a -g -O2   -iquote . -I.. -iquote ../fesvr -iquote ../riscv -iquote ../disasm -iquote ../customext -iquote ../fdt -iquote ../softfloat -iquote ../spike_main -iquote ../spike_dasm -I/usr/include  -fPIC -I../fdt -c pmhacc_h_b1.cc -o pmhacc_h_b1.o -MF pmhacc_h_b1.d
g++ -MMD -MP  -DPREFIX=\"/usr/local\" -Wall -Wno-nonportable-include-path -g -O2 -fPIC -std=c++2a -g -O2   -iquote . -I.. -iquote ../fesvr -iquote ../riscv -iquote ../disasm -iquote ../customext -iquote ../fdt -iquote ../softfloat -iquote ../spike_main -iquote ../spike_dasm -I/usr/include  -fPIC -I../fdt -c pmhaccsu_h_b0.cc -o pmhaccsu_h_b0.o -MF pmhaccsu_h_b0.d
g++ -MMD -MP  -DPREFIX=\"/usr/local\" -Wall -Wno-nonportable-include-path -g -O2 -fPIC -std=c++2a -g -O2   -iquote . -I.. -iquote ../fesvr -iquote ../riscv -iquote ../disasm -iquote ../customext -iquote ../fdt -iquote ../softfloat -iquote ../spike_main -iquote ../spike_dasm -I/usr/include  -fPIC -I../fdt -c pmhaccsu_h_b1.cc -o pmhaccsu_h_b1.o -MF pmhaccsu_h_b1.d
g++ -MMD -MP  -DPREFIX=\"/usr/local\" -Wall -Wno-nonportable-include-path -g -O2 -fPIC -std=c++2a -g -O2   -iquote . -I.. -iquote ../fesvr -iquote ../riscv -iquote ../disasm -iquote ../customext -iquote ../fdt -iquote ../softfloat -iquote ../spike_main -iquote ../spike_dasm -I/usr/include  -fPIC -I../fdt -c mhacc_h0.cc -o mhacc_h0.o -MF mhacc_h0.d
g++ -MMD -MP  -DPREFIX=\"/usr/local\" -Wall -Wno-nonportable-include-path -g -O2 -fPIC -std=c++2a -g -O2   -iquote . -I.. -iquote ../fesvr -iquote ../riscv -iquote ../disasm -iquote ../customext -iquote ../fdt -iquote ../softfloat -iquote ../spike_main -iquote ../spike_dasm -I/usr/include  -fPIC -I../fdt -c mhacc_h1.cc -o mhacc_h1.o -MF mhacc_h1.d
g++ -MMD -MP  -DPREFIX=\"/usr/local\" -Wall -Wno-nonportable-include-path -g -O2 -fPIC -std=c++2a -g -O2   -iquote . -I.. -iquote ../fesvr -iquote ../riscv -iquote ../disasm -iquote ../customext -iquote ../fdt -iquote ../softfloat -iquote ../spike_main -iquote ../spike_dasm -I/usr/include  -fPIC -I../fdt -c mhaccsu_h0.cc -o mhaccsu_h0.o -MF mhaccsu_h0.d
g++ -MMD -MP  -DPREFIX=\"/usr/local\" -Wall -Wno-nonportable-include-path -g -O2 -fPIC -std=c++2a -g -O2   -iquote . -I.. -iquote ../fesvr -iquote ../riscv -iquote ../disasm -iquote ../customext -iquote ../fdt -iquote ../softfloat -iquote ../spike_main -iquote ../spike_dasm -I/usr/include  -fPIC -I../fdt -c mhaccsu_h1.cc -o mhaccsu_h1.o -MF mhaccsu_h1.d
g++ -MMD -MP  -DPREFIX=\"/usr/local\" -Wall -Wno-nonportable-include-path -g -O2 -fPIC -std=c++2a -g -O2   -iquote . -I.. -iquote ../fesvr -iquote ../riscv -iquote ../disasm -iquote ../customext -iquote ../fdt -iquote ../softfloat -iquote ../spike_main -iquote ../spike_dasm -I/usr/include  -fPIC -I../fdt -c pmq2add_h.cc -o pmq2add_h.o -MF pmq2add_h.d
g++ -MMD -MP  -DPREFIX=\"/usr/local\" -Wall -Wno-nonportable-include-path -g -O2 -fPIC -std=c++2a -g -O2   -iquote . -I.. -iquote ../fesvr -iquote ../riscv -iquote ../disasm -iquote ../customext -iquote ../fdt -iquote ../softfloat -iquote ../spike_main -iquote ../spike_dasm -I/usr/include  -fPIC -I../fdt -c pmq2adda_h.cc -o pmq2adda_h.o -MF pmq2adda_h.d
g++ -MMD -MP  -DPREFIX=\"/usr/local\" -Wall -Wno-nonportable-include-path -g -O2 -fPIC -std=c++2a -g -O2   -iquote . -I.. -iquote ../fesvr -iquote ../riscv -iquote ../disasm -iquote ../customext -iquote ../fdt -iquote ../softfloat -iquote ../spike_main -iquote ../spike_dasm -I/usr/include  -fPIC -I../fdt -c pmqr2add_h.cc -o pmqr2add_h.o -MF pmqr2add_h.d
g++ -MMD -MP  -DPREFIX=\"/usr/local\" -Wall -Wno-nonportable-include-path -g -O2 -fPIC -std=c++2a -g -O2   -iquote . -I.. -iquote ../fesvr -iquote ../riscv -iquote ../disasm -iquote ../customext -iquote ../fdt -iquote ../softfloat -iquote ../spike_main -iquote ../spike_dasm -I/usr/include  -fPIC -I../fdt -c pmqr2adda_h.cc -o pmqr2adda_h.o -MF pmqr2adda_h.d
g++ -MMD -MP  -DPREFIX=\"/usr/local\" -Wall -Wno-nonportable-include-path -g -O2 -fPIC -std=c++2a -g -O2   -iquote . -I.. -iquote ../fesvr -iquote ../riscv -iquote ../disasm -iquote ../customext -iquote ../fdt -iquote ../softfloat -iquote ../spike_main -iquote ../spike_dasm -I/usr/include  -fPIC -I../fdt -c pm2add_h.cc -o pm2add_h.o -MF pm2add_h.d
g++ -MMD -MP  -DPREFIX=\"/usr/local\" -Wall -Wno-nonportable-include-path -g -O2 -fPIC -std=c++2a -g -O2   -iquote . -I.. -iquote ../fesvr -iquote ../riscv -iquote ../disasm -iquote ../customext -iquote ../fdt -iquote ../softfloat -iquote ../spike_main -iquote ../spike_dasm -I/usr/include  -fPIC -I../fdt -c pm2adda_h.cc -o pm2adda_h.o -MF pm2adda_h.d
g++ -MMD -MP  -DPREFIX=\"/usr/local\" -Wall -Wno-nonportable-include-path -g -O2 -fPIC -std=c++2a -g -O2   -iquote . -I.. -iquote ../fesvr -iquote ../riscv -iquote ../disasm -iquote ../customext -iquote ../fdt -iquote ../softfloat -iquote ../spike_main -iquote ../spike_dasm -I/usr/include  -fPIC -I../fdt -c pm2addsu_h.cc -o pm2addsu_h.o -MF pm2addsu_h.d
g++ -MMD -MP  -DPREFIX=\"/usr/local\" -Wall -Wno-nonportable-include-path -g -O2 -fPIC -std=c++2a -g -O2   -iquote . -I.. -iquote ../fesvr -iquote ../riscv -iquote ../disasm -iquote ../customext -iquote ../fdt -iquote ../softfloat -iquote ../spike_main -iquote ../spike_dasm -I/usr/include  -fPIC -I../fdt -c pm2addasu_h.cc -o pm2addasu_h.o -MF pm2addasu_h.d
g++ -MMD -MP  -DPREFIX=\"/usr/local\" -Wall -Wno-nonportable-include-path -g -O2 -fPIC -std=c++2a -g -O2   -iquote . -I.. -iquote ../fesvr -iquote ../riscv -iquote ../disasm -iquote ../customext -iquote ../fdt -iquote ../softfloat -iquote ../spike_main -iquote ../spike_dasm -I/usr/include  -fPIC -I../fdt -c pm2addu_h.cc -o pm2addu_h.o -MF pm2addu_h.d
g++ -MMD -MP  -DPREFIX=\"/usr/local\" -Wall -Wno-nonportable-include-path -g -O2 -fPIC -std=c++2a -g -O2   -iquote . -I.. -iquote ../fesvr -iquote ../riscv -iquote ../disasm -iquote ../customext -iquote ../fdt -iquote ../softfloat -iquote ../spike_main -iquote ../spike_dasm -I/usr/include  -fPIC -I../fdt -c pm2addau_h.cc -o pm2addau_h.o -MF pm2addau_h.d
g++ -MMD -MP  -DPREFIX=\"/usr/local\" -Wall -Wno-nonportable-include-path -g -O2 -fPIC -std=c++2a -g -O2   -iquote . -I.. -iquote ../fesvr -iquote ../riscv -iquote ../disasm -iquote ../customext -iquote ../fdt -iquote ../softfloat -iquote ../spike_main -iquote ../spike_dasm -I/usr/include  -fPIC -I../fdt -c pm2add_hx.cc -o pm2add_hx.o -MF pm2add_hx.d
g++ -MMD -MP  -DPREFIX=\"/usr/local\" -Wall -Wno-nonportable-include-path -g -O2 -fPIC -std=c++2a -g -O2   -iquote . -I.. -iquote ../fesvr -iquote ../riscv -iquote ../disasm -iquote ../customext -iquote ../fdt -iquote ../softfloat -iquote ../spike_main -iquote ../spike_dasm -I/usr/include  -fPIC -I../fdt -c pm2adda_hx.cc -o pm2adda_hx.o -MF pm2adda_hx.d
g++ -MMD -MP  -DPREFIX=\"/usr/local\" -Wall -Wno-nonportable-include-path -g -O2 -fPIC -std=c++2a -g -O2   -iquote . -I.. -iquote ../fesvr -iquote ../riscv -iquote ../disasm -iquote ../customext -iquote ../fdt -iquote ../softfloat -iquote ../spike_main -iquote ../spike_dasm -I/usr/include  -fPIC -I../fdt -c pm2sadd_h.cc -o pm2sadd_h.o -MF pm2sadd_h.d
g++ -MMD -MP  -DPREFIX=\"/usr/local\" -Wall -Wno-nonportable-include-path -g -O2 -fPIC -std=c++2a -g -O2   -iquote . -I.. -iquote ../fesvr -iquote ../riscv -iquote ../disasm -iquote ../customext -iquote ../fdt -iquote ../softfloat -iquote ../spike_main -iquote ../spike_dasm -I/usr/include  -fPIC -I../fdt -c pm2sadd_hx.cc -o pm2sadd_hx.o -MF pm2sadd_hx.d
g++ -MMD -MP  -DPREFIX=\"/usr/local\" -Wall -Wno-nonportable-include-path -g -O2 -fPIC -std=c++2a -g -O2   -iquote . -I.. -iquote ../fesvr -iquote ../riscv -iquote ../disasm -iquote ../customext -iquote ../fdt -iquote ../softfloat -iquote ../spike_main -iquote ../spike_dasm -I/usr/include  -fPIC -I../fdt -c pm2sub_h.cc -o pm2sub_h.o -MF pm2sub_h.d
g++ -MMD -MP  -DPREFIX=\"/usr/local\" -Wall -Wno-nonportable-include-path -g -O2 -fPIC -std=c++2a -g -O2   -iquote . -I.. -iquote ../fesvr -iquote ../riscv -iquote ../disasm -iquote ../customext -iquote ../fdt -iquote ../softfloat -iquote ../spike_main -iquote ../spike_dasm -I/usr/include  -fPIC -I../fdt -c pm2suba_h.cc -o pm2suba_h.o -MF pm2suba_h.d
g++ -MMD -MP  -DPREFIX=\"/usr/local\" -Wall -Wno-nonportable-include-path -g -O2 -fPIC -std=c++2a -g -O2   -iquote . -I.. -iquote ../fesvr -iquote ../riscv -iquote ../disasm -iquote ../customext -iquote ../fdt -iquote ../softfloat -iquote ../spike_main -iquote ../spike_dasm -I/usr/include  -fPIC -I../fdt -c pm2sub_hx.cc -o pm2sub_hx.o -MF pm2sub_hx.d
g++ -MMD -MP  -DPREFIX=\"/usr/local\" -Wall -Wno-nonportable-include-path -g -O2 -fPIC -std=c++2a -g -O2   -iquote . -I.. -iquote ../fesvr -iquote ../riscv -iquote ../disasm -iquote ../customext -iquote ../fdt -iquote ../softfloat -iquote ../spike_main -iquote ../spike_dasm -I/usr/include  -fPIC -I../fdt -c pm2suba_hx.cc -o pm2suba_hx.o -MF pm2suba_hx.d
g++ -MMD -MP  -DPREFIX=\"/usr/local\" -Wall -Wno-nonportable-include-path -g -O2 -fPIC -std=c++2a -g -O2   -iquote . -I.. -iquote ../fesvr -iquote ../riscv -iquote ../disasm -iquote ../customext -iquote ../fdt -iquote ../softfloat -iquote ../spike_main -iquote ../spike_dasm -I/usr/include  -fPIC -I../fdt -c pm4add_b.cc -o pm4add_b.o -MF pm4add_b.d
g++ -MMD -MP  -DPREFIX=\"/usr/local\" -Wall -Wno-nonportable-include-path -g -O2 -fPIC -std=c++2a -g -O2   -iquote . -I.. -iquote ../fesvr -iquote ../riscv -iquote ../disasm -iquote ../customext -iquote ../fdt -iquote ../softfloat -iquote ../spike_main -iquote ../spike_dasm -I/usr/include  -fPIC -I../fdt -c pm4adda_b.cc -o pm4adda_b.o -MF pm4adda_b.d
g++ -MMD -MP  -DPREFIX=\"/usr/local\" -Wall -Wno-nonportable-include-path -g -O2 -fPIC -std=c++2a -g -O2   -iquote . -I.. -iquote ../fesvr -iquote ../riscv -iquote ../disasm -iquote ../customext -iquote ../fdt -iquote ../softfloat -iquote ../spike_main -iquote ../spike_dasm -I/usr/include  -fPIC -I../fdt -c pm4addsu_b.cc -o pm4addsu_b.o -MF pm4addsu_b.d
g++ -MMD -MP  -DPREFIX=\"/usr/local\" -Wall -Wno-nonportable-include-path -g -O2 -fPIC -std=c++2a -g -O2   -iquote . -I.. -iquote ../fesvr -iquote ../riscv -iquote ../disasm -iquote ../customext -iquote ../fdt -iquote ../softfloat -iquote ../spike_main -iquote ../spike_dasm -I/usr/include  -fPIC -I../fdt -c pm4addasu_b.cc -o pm4addasu_b.o -MF pm4addasu_b.d
g++ -MMD -MP  -DPREFIX=\"/usr/local\" -Wall -Wno-nonportable-include-path -g -O2 -fPIC -std=c++2a -g -O2   -iquote . -I.. -iquote ../fesvr -iquote ../riscv -iquote ../disasm -iquote ../customext -iquote ../fdt -iquote ../softfloat -iquote ../spike_main -iquote ../spike_dasm -I/usr/include  -fPIC -I../fdt -c pm4addu_b.cc -o pm4addu_b.o -MF pm4addu_b.d
g++ -MMD -MP  -DPREFIX=\"/usr/local\" -Wall -Wno-nonportable-include-path -g -O2 -fPIC -std=c++2a -g -O2   -iquote . -I.. -iquote ../fesvr -iquote ../riscv -iquote ../disasm -iquote ../customext -iquote ../fdt -iquote ../softfloat -iquote ../spike_main -iquote ../spike_dasm -I/usr/include  -fPIC -I../fdt -c pm4addau_b.cc -o pm4addau_b.o -MF pm4addau_b.d
g++ -MMD -MP  -DPREFIX=\"/usr/local\" -Wall -Wno-nonportable-include-path -g -O2 -fPIC -std=c++2a -g -O2   -iquote . -I.. -iquote ../fesvr -iquote ../riscv -iquote ../disasm -iquote ../customext -iquote ../fdt -iquote ../softfloat -iquote ../spike_main -iquote ../spike_dasm -I/usr/include  -fPIC -I../fdt -c pli_db.cc -o pli_db.o -MF pli_db.d
g++ -MMD -MP  -DPREFIX=\"/usr/local\" -Wall -Wno-nonportable-include-path -g -O2 -fPIC -std=c++2a -g -O2   -iquote . -I.. -iquote ../fesvr -iquote ../riscv -iquote ../disasm -iquote ../customext -iquote ../fdt -iquote ../softfloat -iquote ../spike_main -iquote ../spike_dasm -I/usr/include  -fPIC -I../fdt -c pli_dh.cc -o pli_dh.o -MF pli_dh.d
g++ -MMD -MP  -DPREFIX=\"/usr/local\" -Wall -Wno-nonportable-include-path -g -O2 -fPIC -std=c++2a -g -O2   -iquote . -I.. -iquote ../fesvr -iquote ../riscv -iquote ../disasm -iquote ../customext -iquote ../fdt -iquote ../softfloat -iquote ../spike_main -iquote ../spike_dasm -I/usr/include  -fPIC -I../fdt -c plui_dh.cc -o plui_dh.o -MF plui_dh.d
g++ -MMD -MP  -DPREFIX=\"/usr/local\" -Wall -Wno-nonportable-include-path -g -O2 -fPIC -std=c++2a -g -O2   -iquote . -I.. -iquote ../fesvr -iquote ../riscv -iquote ../disasm -iquote ../customext -iquote ../fdt -iquote ../softfloat -iquote ../spike_main -iquote ../spike_dasm -I/usr/include  -fPIC -I../fdt -c pwadd_b.cc -o pwadd_b.o -MF pwadd_b.d
g++ -MMD -MP  -DPREFIX=\"/usr/local\" -Wall -Wno-nonportable-include-path -g -O2 -fPIC -std=c++2a -g -O2   -iquote . -I.. -iquote ../fesvr -iquote ../riscv -iquote ../disasm -iquote ../customext -iquote ../fdt -iquote ../softfloat -iquote ../spike_main -iquote ../spike_dasm -I/usr/include  -fPIC -I../fdt -c pwadd_h.cc -o pwadd_h.o -MF pwadd_h.d
g++ -MMD -MP  -DPREFIX=\"/usr/local\" -Wall -Wno-nonportable-include-path -g -O2 -fPIC -std=c++2a -g -O2   -iquote . -I.. -iquote ../fesvr -iquote ../riscv -iquote ../disasm -iquote ../customext -iquote ../fdt -iquote ../softfloat -iquote ../spike_main -iquote ../spike_dasm -I/usr/include  -fPIC -I../fdt -c wadd.cc -o wadd.o -MF wadd.d
g++ -MMD -MP  -DPREFIX=\"/usr/local\" -Wall -Wno-nonportable-include-path -g -O2 -fPIC -std=c++2a -g -O2   -iquote . -I.. -iquote ../fesvr -iquote ../riscv -iquote ../disasm -iquote ../customext -iquote ../fdt -iquote ../softfloat -iquote ../spike_main -iquote ../spike_dasm -I/usr/include  -fPIC -I../fdt -c pwadda_b.cc -o pwadda_b.o -MF pwadda_b.d
g++ -MMD -MP  -DPREFIX=\"/usr/local\" -Wall -Wno-nonportable-include-path -g -O2 -fPIC -std=c++2a -g -O2   -iquote . -I.. -iquote ../fesvr -iquote ../riscv -iquote ../disasm -iquote ../customext -iquote ../fdt -iquote ../softfloat -iquote ../spike_main -iquote ../spike_dasm -I/usr/include  -fPIC -I../fdt -c pwadda_h.cc -o pwadda_h.o -MF pwadda_h.d
g++ -MMD -MP  -DPREFIX=\"/usr/local\" -Wall -Wno-nonportable-include-path -g -O2 -fPIC -std=c++2a -g -O2   -iquote . -I.. -iquote ../fesvr -iquote ../riscv -iquote ../disasm -iquote ../customext -iquote ../fdt -iquote ../softfloat -iquote ../spike_main -iquote ../spike_dasm -I/usr/include  -fPIC -I../fdt -c wadda.cc -o wadda.o -MF wadda.d
g++ -MMD -MP  -DPREFIX=\"/usr/local\" -Wall -Wno-nonportable-include-path -g -O2 -fPIC -std=c++2a -g -O2   -iquote . -I.. -iquote ../fesvr -iquote ../riscv -iquote ../disasm -iquote ../customext -iquote ../fdt -iquote ../softfloat -iquote ../spike_main -iquote ../spike_dasm -I/usr/include  -fPIC -I../fdt -c pwaddu_b.cc -o pwaddu_b.o -MF pwaddu_b.d
g++ -MMD -MP  -DPREFIX=\"/usr/local\" -Wall -Wno-nonportable-include-path -g -O2 -fPIC -std=c++2a -g -O2   -iquote . -I.. -iquote ../fesvr -iquote ../riscv -iquote ../disasm -iquote ../customext -iquote ../fdt -iquote ../softfloat -iquote ../spike_main -iquote ../spike_dasm -I/usr/include  -fPIC -I../fdt -c pwaddu_h.cc -o pwaddu_h.o -MF pwaddu_h.d
g++ -MMD -MP  -DPREFIX=\"/usr/local\" -Wall -Wno-nonportable-include-path -g -O2 -fPIC -std=c++2a -g -O2   -iquote . -I.. -iquote ../fesvr -iquote ../riscv -iquote ../disasm -iquote ../customext -iquote ../fdt -iquote ../softfloat -iquote ../spike_main -iquote ../spike_dasm -I/usr/include  -fPIC -I../fdt -c waddu.cc -o waddu.o -MF waddu.d
g++ -MMD -MP  -DPREFIX=\"/usr/local\" -Wall -Wno-nonportable-include-path -g -O2 -fPIC -std=c++2a -g -O2   -iquote . -I.. -iquote ../fesvr -iquote ../riscv -iquote ../disasm -iquote ../customext -iquote ../fdt -iquote ../softfloat -iquote ../spike_main -iquote ../spike_dasm -I/usr/include  -fPIC -I../fdt -c pwaddau_b.cc -o pwaddau_b.o -MF pwaddau_b.d
g++ -MMD -MP  -DPREFIX=\"/usr/local\" -Wall -Wno-nonportable-include-path -g -O2 -fPIC -std=c++2a -g -O2   -iquote . -I.. -iquote ../fesvr -iquote ../riscv -iquote ../disasm -iquote ../customext -iquote ../fdt -iquote ../softfloat -iquote ../spike_main -iquote ../spike_dasm -I/usr/include  -fPIC -I../fdt -c pwaddau_h.cc -o pwaddau_h.o -MF pwaddau_h.d
g++ -MMD -MP  -DPREFIX=\"/usr/local\" -Wall -Wno-nonportable-include-path -g -O2 -fPIC -std=c++2a -g -O2   -iquote . -I.. -iquote ../fesvr -iquote ../riscv -iquote ../disasm -iquote ../customext -iquote ../fdt -iquote ../softfloat -iquote ../spike_main -iquote ../spike_dasm -I/usr/include  -fPIC -I../fdt -c waddau.cc -o waddau.o -MF waddau.d
g++ -MMD -MP  -DPREFIX=\"/usr/local\" -Wall -Wno-nonportable-include-path -g -O2 -fPIC -std=c++2a -g -O2   -iquote . -I.. -iquote ../fesvr -iquote ../riscv -iquote ../disasm -iquote ../customext -iquote ../fdt -iquote ../softfloat -iquote ../spike_main -iquote ../spike_dasm -I/usr/include  -fPIC -I../fdt -c pwsub_b.cc -o pwsub_b.o -MF pwsub_b.d
g++ -MMD -MP  -DPREFIX=\"/usr/local\" -Wall -Wno-nonportable-include-path -g -O2 -fPIC -std=c++2a -g -O2   -iquote . -I.. -iquote ../fesvr -iquote ../riscv -iquote ../disasm -iquote ../customext -iquote ../fdt -iquote ../softfloat -iquote ../spike_main -iquote ../spike_dasm -I/usr/include  -fPIC -I../fdt -c pwsub_h.cc -o pwsub_h.o -MF pwsub_h.d
g++ -MMD -MP  -DPREFIX=\"/usr/local\" -Wall -Wno-nonportable-include-path -g -O2 -fPIC -std=c++2a -g -O2   -iquote . -I.. -iquote ../fesvr -iquote ../riscv -iquote ../disasm -iquote ../customext -iquote ../fdt -iquote ../softfloat -iquote ../spike_main -iquote ../spike_dasm -I/usr/include  -fPIC -I../fdt -c wsub.cc -o wsub.o -MF wsub.d
g++ -MMD -MP  -DPREFIX=\"/usr/local\" -Wall -Wno-nonportable-include-path -g -O2 -fPIC -std=c++2a -g -O2   -iquote . -I.. -iquote ../fesvr -iquote ../riscv -iquote ../disasm -iquote ../customext -iquote ../fdt -iquote ../softfloat -iquote ../spike_main -iquote ../spike_dasm -I/usr/include  -fPIC -I../fdt -c pwsuba_b.cc -o pwsuba_b.o -MF pwsuba_b.d
g++ -MMD -MP  -DPREFIX=\"/usr/local\" -Wall -Wno-nonportable-include-path -g -O2 -fPIC -std=c++2a -g -O2   -iquote . -I.. -iquote ../fesvr -iquote ../riscv -iquote ../disasm -iquote ../customext -iquote ../fdt -iquote ../softfloat -iquote ../spike_main -iquote ../spike_dasm -I/usr/include  -fPIC -I../fdt -c pwsuba_h.cc -o pwsuba_h.o -MF pwsuba_h.d
g++ -MMD -MP  -DPREFIX=\"/usr/local\" -Wall -Wno-nonportable-include-path -g -O2 -fPIC -std=c++2a -g -O2   -iquote . -I.. -iquote ../fesvr -iquote ../riscv -iquote ../disasm -iquote ../customext -iquote ../fdt -iquote ../softfloat -iquote ../spike_main -iquote ../spike_dasm -I/usr/include  -fPIC -I../fdt -c wsuba.cc -o wsuba.o -MF wsuba.d
g++ -MMD -MP  -DPREFIX=\"/usr/local\" -Wall -Wno-nonportable-include-path -g -O2 -fPIC -std=c++2a -g -O2   -iquote . -I.. -iquote ../fesvr -iquote ../riscv -iquote ../disasm -iquote ../customext -iquote ../fdt -iquote ../softfloat -iquote ../spike_main -iquote ../spike_dasm -I/usr/include  -fPIC -I../fdt -c pwsubu_b.cc -o pwsubu_b.o -MF pwsubu_b.d
g++ -MMD -MP  -DPREFIX=\"/usr/local\" -Wall -Wno-nonportable-include-path -g -O2 -fPIC -std=c++2a -g -O2   -iquote . -I.. -iquote ../fesvr -iquote ../riscv -iquote ../disasm -iquote ../customext -iquote ../fdt -iquote ../softfloat -iquote ../spike_main -iquote ../spike_dasm -I/usr/include  -fPIC -I../fdt -c pwsubu_h.cc -o pwsubu_h.o -MF pwsubu_h.d
g++ -MMD -MP  -DPREFIX=\"/usr/local\" -Wall -Wno-nonportable-include-path -g -O2 -fPIC -std=c++2a -g -O2   -iquote . -I.. -iquote ../fesvr -iquote ../riscv -iquote ../disasm -iquote ../customext -iquote ../fdt -iquote ../softfloat -iquote ../spike_main -iquote ../spike_dasm -I/usr/include  -fPIC -I../fdt -c wsubu.cc -o wsubu.o -MF wsubu.d
g++ -MMD -MP  -DPREFIX=\"/usr/local\" -Wall -Wno-nonportable-include-path -g -O2 -fPIC -std=c++2a -g -O2   -iquote . -I.. -iquote ../fesvr -iquote ../riscv -iquote ../disasm -iquote ../customext -iquote ../fdt -iquote ../softfloat -iquote ../spike_main -iquote ../spike_dasm -I/usr/include  -fPIC -I../fdt -c pwsubau_b.cc -o pwsubau_b.o -MF pwsubau_b.d
g++ -MMD -MP  -DPREFIX=\"/usr/local\" -Wall -Wno-nonportable-include-path -g -O2 -fPIC -std=c++2a -g -O2   -iquote . -I.. -iquote ../fesvr -iquote ../riscv -iquote ../disasm -iquote ../customext -iquote ../fdt -iquote ../softfloat -iquote ../spike_main -iquote ../spike_dasm -I/usr/include  -fPIC -I../fdt -c pwsubau_h.cc -o pwsubau_h.o -MF pwsubau_h.d
g++ -MMD -MP  -DPREFIX=\"/usr/local\" -Wall -Wno-nonportable-include-path -g -O2 -fPIC -std=c++2a -g -O2   -iquote . -I.. -iquote ../fesvr -iquote ../riscv -iquote ../disasm -iquote ../customext -iquote ../fdt -iquote ../softfloat -iquote ../spike_main -iquote ../spike_dasm -I/usr/include  -fPIC -I../fdt -c wsubau.cc -o wsubau.o -MF wsubau.d
g++ -MMD -MP  -DPREFIX=\"/usr/local\" -Wall -Wno-nonportable-include-path -g -O2 -fPIC -std=c++2a -g -O2   -iquote . -I.. -iquote ../fesvr -iquote ../riscv -iquote ../disasm -iquote ../customext -iquote ../fdt -iquote ../softfloat -iquote ../spike_main -iquote ../spike_dasm -I/usr/include  -fPIC -I../fdt -c padd_db.cc -o padd_db.o -MF padd_db.d
g++ -MMD -MP  -DPREFIX=\"/usr/local\" -Wall -Wno-nonportable-include-path -g -O2 -fPIC -std=c++2a -g -O2   -iquote . -I.. -iquote ../fesvr -iquote ../riscv -iquote ../disasm -iquote ../customext -iquote ../fdt -iquote ../softfloat -iquote ../spike_main -iquote ../spike_dasm -I/usr/include  -fPIC -I../fdt -c padd_dh.cc -o padd_dh.o -MF padd_dh.d
g++ -MMD -MP  -DPREFIX=\"/usr/local\" -Wall -Wno-nonportable-include-path -g -O2 -fPIC -std=c++2a -g -O2   -iquote . -I.. -iquote ../fesvr -iquote ../riscv -iquote ../disasm -iquote ../customext -iquote ../fdt -iquote ../softfloat -iquote ../spike_main -iquote ../spike_dasm -I/usr/include  -fPIC -I../fdt -c padd_dw.cc -o padd_dw.o -MF padd_dw.d
g++ -MMD -MP  -DPREFIX=\"/usr/local\" -Wall -Wno-nonportable-include-path -g -O2 -fPIC -std=c++2a -g -O2   -iquote . -I.. -iquote ../fesvr -iquote ../riscv -iquote ../disasm -iquote ../customext -iquote ../fdt -iquote ../softfloat -iquote ../spike_main -iquote ../spike_dasm -I/usr/include  -fPIC -I../fdt -c psub_db.cc -o psub_db.o -MF psub_db.d
g++ -MMD -MP  -DPREFIX=\"/usr/local\" -Wall -Wno-nonportable-include-path -g -O2 -fPIC -std=c++2a -g -O2   -iquote . -I.. -iquote ../fesvr -iquote ../riscv -iquote ../disasm -iquote ../customext -iquote ../fdt -iquote ../softfloat -iquote ../spike_main -iquote ../spike_dasm -I/usr/include  -fPIC -I../fdt -c psub_dh.cc -o psub_dh.o -MF psub_dh.d
g++ -MMD -MP  -DPREFIX=\"/usr/local\" -Wall -Wno-nonportable-include-path -g -O2 -fPIC -std=c++2a -g -O2   -iquote . -I.. -iquote ../fesvr -iquote ../riscv -iquote ../disasm -iquote ../customext -iquote ../fdt -iquote ../softfloat -iquote ../spike_main -iquote ../spike_dasm -I/usr/include  -fPIC -I../fdt -c psub_dw.cc -o psub_dw.o -MF psub_dw.d
g++ -MMD -MP  -DPREFIX=\"/usr/local\" -Wall -Wno-nonportable-include-path -g -O2 -fPIC -std=c++2a -g -O2   -iquote . -I.. -iquote ../fesvr -iquote ../riscv -iquote ../disasm -iquote ../customext -iquote ../fdt -iquote ../softfloat -iquote ../spike_main -iquote ../spike_dasm -I/usr/include  -fPIC -I../fdt -c psadd_db.cc -o psadd_db.o -MF psadd_db.d
g++ -MMD -MP  -DPREFIX=\"/usr/local\" -Wall -Wno-nonportable-include-path -g -O2 -fPIC -std=c++2a -g -O2   -iquote . -I.. -iquote ../fesvr -iquote ../riscv -iquote ../disasm -iquote ../customext -iquote ../fdt -iquote ../softfloat -iquote ../spike_main -iquote ../spike_dasm -I/usr/include  -fPIC -I../fdt -c psadd_dh.cc -o psadd_dh.o -MF psadd_dh.d
g++ -MMD -MP  -DPREFIX=\"/usr/local\" -Wall -Wno-nonportable-include-path -g -O2 -fPIC -std=c++2a -g -O2   -iquote . -I.. -iquote ../fesvr -iquote ../riscv -iquote ../disasm -iquote ../customext -iquote ../fdt -iquote ../softfloat -iquote ../spike_main -iquote ../spike_dasm -I/usr/include  -fPIC -I../fdt -c psadd_dw.cc -o psadd_dw.o -MF psadd_dw.d
g++ -MMD -MP  -DPREFIX=\"/usr/local\" -Wall -Wno-nonportable-include-path -g -O2 -fPIC -std=c++2a -g -O2   -iquote . -I.. -iquote ../fesvr -iquote ../riscv -iquote ../disasm -iquote ../customext -iquote ../fdt -iquote ../softfloat -iquote ../spike_main -iquote ../spike_dasm -I/usr/include  -fPIC -I../fdt -c psaddu_db.cc -o psaddu_db.o -MF psaddu_db.d
g++ -MMD -MP  -DPREFIX=\"/usr/local\" -Wall -Wno-nonportable-include-path -g -O2 -fPIC -std=c++2a -g -O2   -iquote . -I.. -iquote ../fesvr -iquote ../riscv -iquote ../disasm -iquote ../customext -iquote ../fdt -iquote ../softfloat -iquote ../spike_main -iquote ../spike_dasm -I/usr/include  -fPIC -I../fdt -c psaddu_dh.cc -o psaddu_dh.o -MF psaddu_dh.d
g++ -MMD -MP  -DPREFIX=\"/usr/local\" -Wall -Wno-nonportable-include-path -g -O2 -fPIC -std=c++2a -g -O2   -iquote . -I.. -iquote ../fesvr -iquote ../riscv -iquote ../disasm -iquote ../customext -iquote ../fdt -iquote ../softfloat -iquote ../spike_main -iquote ../spike_dasm -I/usr/include  -fPIC -I../fdt -c psaddu_dw.cc -o psaddu_dw.o -MF psaddu_dw.d
g++ -MMD -MP  -DPREFIX=\"/usr/local\" -Wall -Wno-nonportable-include-path -g -O2 -fPIC -std=c++2a -g -O2   -iquote . -I.. -iquote ../fesvr -iquote ../riscv -iquote ../disasm -iquote ../customext -iquote ../fdt -iquote ../softfloat -iquote ../spike_main -iquote ../spike_dasm -I/usr/include  -fPIC -I../fdt -c pssub_db.cc -o pssub_db.o -MF pssub_db.d
g++ -MMD -MP  -DPREFIX=\"/usr/local\" -Wall -Wno-nonportable-include-path -g -O2 -fPIC -std=c++2a -g -O2   -iquote . -I.. -iquote ../fesvr -iquote ../riscv -iquote ../disasm -iquote ../customext -iquote ../fdt -iquote ../softfloat -iquote ../spike_main -iquote ../spike_dasm -I/usr/include  -fPIC -I../fdt -c pssub_dh.cc -o pssub_dh.o -MF pssub_dh.d
g++ -MMD -MP  -DPREFIX=\"/usr/local\" -Wall -Wno-nonportable-include-path -g -O2 -fPIC -std=c++2a -g -O2   -iquote . -I.. -iquote ../fesvr -iquote ../riscv -iquote ../disasm -iquote ../customext -iquote ../fdt -iquote ../softfloat -iquote ../spike_main -iquote ../spike_dasm -I/usr/include  -fPIC -I../fdt -c pssub_dw.cc -o pssub_dw.o -MF pssub_dw.d
g++ -MMD -MP  -DPREFIX=\"/usr/local\" -Wall -Wno-nonportable-include-path -g -O2 -fPIC -std=c++2a -g -O2   -iquote . -I.. -iquote ../fesvr -iquote ../riscv -iquote ../disasm -iquote ../customext -iquote ../fdt -iquote ../softfloat -iquote ../spike_main -iquote ../spike_dasm -I/usr/include  -fPIC -I../fdt -c pssubu_db.cc -o pssubu_db.o -MF pssubu_db.d
g++ -MMD -MP  -DPREFIX=\"/usr/local\" -Wall -Wno-nonportable-include-path -g -O2 -fPIC -std=c++2a -g -O2   -iquote . -I.. -iquote ../fesvr -iquote ../riscv -iquote ../disasm -iquote ../customext -iquote ../fdt -iquote ../softfloat -iquote ../spike_main -iquote ../spike_dasm -I/usr/include  -fPIC -I../fdt -c pssubu_dh.cc -o pssubu_dh.o -MF pssubu_dh.d
g++ -MMD -MP  -DPREFIX=\"/usr/local\" -Wall -Wno-nonportable-include-path -g -O2 -fPIC -std=c++2a -g -O2   -iquote . -I.. -iquote ../fesvr -iquote ../riscv -iquote ../disasm -iquote ../customext -iquote ../fdt -iquote ../softfloat -iquote ../spike_main -iquote ../spike_dasm -I/usr/include  -fPIC -I../fdt -c pssubu_dw.cc -o pssubu_dw.o -MF pssubu_dw.d
g++ -MMD -MP  -DPREFIX=\"/usr/local\" -Wall -Wno-nonportable-include-path -g -O2 -fPIC -std=c++2a -g -O2   -iquote . -I.. -iquote ../fesvr -iquote ../riscv -iquote ../disasm -iquote ../customext -iquote ../fdt -iquote ../softfloat -iquote ../spike_main -iquote ../spike_dasm -I/usr/include  -fPIC -I../fdt -c paadd_db.cc -o paadd_db.o -MF paadd_db.d
g++ -MMD -MP  -DPREFIX=\"/usr/local\" -Wall -Wno-nonportable-include-path -g -O2 -fPIC -std=c++2a -g -O2   -iquote . -I.. -iquote ../fesvr -iquote ../riscv -iquote ../disasm -iquote ../customext -iquote ../fdt -iquote ../softfloat -iquote ../spike_main -iquote ../spike_dasm -I/usr/include  -fPIC -I../fdt -c paadd_dh.cc -o paadd_dh.o -MF paadd_dh.d
g++ -MMD -MP  -DPREFIX=\"/usr/local\" -Wall -Wno-nonportable-include-path -g -O2 -fPIC -std=c++2a -g -O2   -iquote . -I.. -iquote ../fesvr -iquote ../riscv -iquote ../disasm -iquote ../customext -iquote ../fdt -iquote ../softfloat -iquote ../spike_main -iquote ../spike_dasm -I/usr/include  -fPIC -I../fdt -c paadd_dw.cc -o paadd_dw.o -MF paadd_dw.d
g++ -MMD -MP  -DPREFIX=\"/usr/local\" -Wall -Wno-nonportable-include-path -g -O2 -fPIC -std=c++2a -g -O2   -iquote . -I.. -iquote ../fesvr -iquote ../riscv -iquote ../disasm -iquote ../customext -iquote ../fdt -iquote ../softfloat -iquote ../spike_main -iquote ../spike_dasm -I/usr/include  -fPIC -I../fdt -c paaddu_db.cc -o paaddu_db.o -MF paaddu_db.d
g++ -MMD -MP  -DPREFIX=\"/usr/local\" -Wall -Wno-nonportable-include-path -g -O2 -fPIC -std=c++2a -g -O2   -iquote . -I.. -iquote ../fesvr -iquote ../riscv -iquote ../disasm -iquote ../customext -iquote ../fdt -iquote ../softfloat -iquote ../spike_main -iquote ../spike_dasm -I/usr/include  -fPIC -I../fdt -c paaddu_dh.cc -o paaddu_dh.o -MF paaddu_dh.d
g++ -MMD -MP  -DPREFIX=\"/usr/local\" -Wall -Wno-nonportable-include-path -g -O2 -fPIC -std=c++2a -g -O2   -iquote . -I.. -iquote ../fesvr -iquote ../riscv -iquote ../disasm -iquote ../customext -iquote ../fdt -iquote ../softfloat -iquote ../spike_main -iquote ../spike_dasm -I/usr/include  -fPIC -I../fdt -c paaddu_dw.cc -o paaddu_dw.o -MF paaddu_dw.d
g++ -MMD -MP  -DPREFIX=\"/usr/local\" -Wall -Wno-nonportable-include-path -g -O2 -fPIC -std=c++2a -g -O2   -iquote . -I.. -iquote ../fesvr -iquote ../riscv -iquote ../disasm -iquote ../customext -iquote ../fdt -iquote ../softfloat -iquote ../spike_main -iquote ../spike_dasm -I/usr/include  -fPIC -I../fdt -c pasub_db.cc -o pasub_db.o -MF pasub_db.d
g++ -MMD -MP  -DPREFIX=\"/usr/local\" -Wall -Wno-nonportable-include-path -g -O2 -fPIC -std=c++2a -g -O2   -iquote . -I.. -iquote ../fesvr -iquote ../riscv -iquote ../disasm -iquote ../customext -iquote ../fdt -iquote ../softfloat -iquote ../spike_main -iquote ../spike_dasm -I/usr/include  -fPIC -I../fdt -c pasub_dh.cc -o pasub_dh.o -MF pasub_dh.d
g++ -MMD -MP  -DPREFIX=\"/usr/local\" -Wall -Wno-nonportable-include-path -g -O2 -fPIC -std=c++2a -g -O2   -iquote . -I.. -iquote ../fesvr -iquote ../riscv -iquote ../disasm -iquote ../customext -iquote ../fdt -iquote ../softfloat -iquote ../spike_main -iquote ../spike_dasm -I/usr/include  -fPIC -I../fdt -c pasub_dw.cc -o pasub_dw.o -MF pasub_dw.d
g++ -MMD -MP  -DPREFIX=\"/usr/local\" -Wall -Wno-nonportable-include-path -g -O2 -fPIC -std=c++2a -g -O2   -iquote . -I.. -iquote ../fesvr -iquote ../riscv -iquote ../disasm -iquote ../customext -iquote ../fdt -iquote ../softfloat -iquote ../spike_main -iquote ../spike_dasm -I/usr/include  -fPIC -I../fdt -c pasubu_db.cc -o pasubu_db.o -MF pasubu_db.d
g++ -MMD -MP  -DPREFIX=\"/usr/local\" -Wall -Wno-nonportable-include-path -g -O2 -fPIC -std=c++2a -g -O2   -iquote . -I.. -iquote ../fesvr -iquote ../riscv -iquote ../disasm -iquote ../customext -iquote ../fdt -iquote ../softfloat -iquote ../spike_main -iquote ../spike_dasm -I/usr/include  -fPIC -I../fdt -c pasubu_dh.cc -o pasubu_dh.o -MF pasubu_dh.d
g++ -MMD -MP  -DPREFIX=\"/usr/local\" -Wall -Wno-nonportable-include-path -g -O2 -fPIC -std=c++2a -g -O2   -iquote . -I.. -iquote ../fesvr -iquote ../riscv -iquote ../disasm -iquote ../customext -iquote ../fdt -iquote ../softfloat -iquote ../spike_main -iquote ../spike_dasm -I/usr/include  -fPIC -I../fdt -c pasubu_dw.cc -o pasubu_dw.o -MF pasubu_dw.d
g++ -MMD -MP  -DPREFIX=\"/usr/local\" -Wall -Wno-nonportable-include-path -g -O2 -fPIC -std=c++2a -g -O2   -iquote . -I.. -iquote ../fesvr -iquote ../riscv -iquote ../disasm -iquote ../customext -iquote ../fdt -iquote ../softfloat -iquote ../spike_main -iquote ../spike_dasm -I/usr/include  -fPIC -I../fdt -c psh1add_dh.cc -o psh1add_dh.o -MF psh1add_dh.d
g++ -MMD -MP  -DPREFIX=\"/usr/local\" -Wall -Wno-nonportable-include-path -g -O2 -fPIC -std=c++2a -g -O2   -iquote . -I.. -iquote ../fesvr -iquote ../riscv -iquote ../disasm -iquote ../customext -iquote ../fdt -iquote ../softfloat -iquote ../spike_main -iquote ../spike_dasm -I/usr/include  -fPIC -I../fdt -c psh1add_dw.cc -o psh1add_dw.o -MF psh1add_dw.d
g++ -MMD -MP  -DPREFIX=\"/usr/local\" -Wall -Wno-nonportable-include-path -g -O2 -fPIC -std=c++2a -g -O2   -iquote . -I.. -iquote ../fesvr -iquote ../riscv -iquote ../disasm -iquote ../customext -iquote ../fdt -iquote ../softfloat -iquote ../spike_main -iquote ../spike_dasm -I/usr/include  -fPIC -I../fdt -c pssh1sadd_dh.cc -o pssh1sadd_dh.o -MF pssh1sadd_dh.d
g++ -MMD -MP  -DPREFIX=\"/usr/local\" -Wall -Wno-nonportable-include-path -g -O2 -fPIC -std=c++2a -g -O2   -iquote . -I.. -iquote ../fesvr -iquote ../riscv -iquote ../disasm -iquote ../customext -iquote ../fdt -iquote ../softfloat -iquote ../spike_main -iquote ../spike_dasm -I/usr/include  -fPIC -I../fdt -c pssh1sadd_dw.cc -o pssh1sadd_dw.o -MF pssh1sadd_dw.d
g++ -MMD -MP  -DPREFIX=\"/usr/local\" -Wall -Wno-nonportable-include-path -g -O2 -fPIC -std=c++2a -g -O2   -iquote . -I.. -iquote ../fesvr -iquote ../riscv -iquote ../disasm -iquote ../customext -iquote ../fdt -iquote ../softfloat -iquote ../spike_main -iquote ../spike_dasm -I/usr/include  -fPIC -I../fdt -c addd.cc -o addd.o -MF addd.d
g++ -MMD -MP  -DPREFIX=\"/usr/local\" -Wall -Wno-nonportable-include-path -g -O2 -fPIC -std=c++2a -g -O2   -iquote . -I.. -iquote ../fesvr -iquote ../riscv -iquote ../disasm -iquote ../customext -iquote ../fdt -iquote ../softfloat -iquote ../spike_main -iquote ../spike_dasm -I/usr/include  -fPIC -I../fdt -c subd.cc -o subd.o -MF subd.d
g++ -MMD -MP  -DPREFIX=\"/usr/local\" -Wall -Wno-nonportable-include-path -g -O2 -fPIC -std=c++2a -g -O2   -iquote . -I.. -iquote ../fesvr -iquote ../riscv -iquote ../disasm -iquote ../customext -iquote ../fdt -iquote ../softfloat -iquote ../spike_main -iquote ../spike_dasm -I/usr/include  -fPIC -I../fdt -c padd_dbs.cc -o padd_dbs.o -MF padd_dbs.d
g++ -MMD -MP  -DPREFIX=\"/usr/local\" -Wall -Wno-nonportable-include-path -g -O2 -fPIC -std=c++2a -g -O2   -iquote . -I.. -iquote ../fesvr -iquote ../riscv -iquote ../disasm -iquote ../customext -iquote ../fdt -iquote ../softfloat -iquote ../spike_main -iquote ../spike_dasm -I/usr/include  -fPIC -I../fdt -c padd_dhs.cc -o padd_dhs.o -MF padd_dhs.d
g++ -MMD -MP  -DPREFIX=\"/usr/local\" -Wall -Wno-nonportable-include-path -g -O2 -fPIC -std=c++2a -g -O2   -iquote . -I.. -iquote ../fesvr -iquote ../riscv -iquote ../disasm -iquote ../customext -iquote ../fdt -iquote ../softfloat -iquote ../spike_main -iquote ../spike_dasm -I/usr/include  -fPIC -I../fdt -c padd_dws.cc -o padd_dws.o -MF padd_dws.d
g++ -MMD -MP  -DPREFIX=\"/usr/local\" -Wall -Wno-nonportable-include-path -g -O2 -fPIC -std=c++2a -g -O2   -iquote . -I.. -iquote ../fesvr -iquote ../riscv -iquote ../disasm -iquote ../customext -iquote ../fdt -iquote ../softfloat -iquote ../spike_main -iquote ../spike_dasm -I/usr/include  -fPIC -I../fdt -c pas_dhx.cc -o pas_dhx.o -MF pas_dhx.d
g++ -MMD -MP  -DPREFIX=\"/usr/local\" -Wall -Wno-nonportable-include-path -g -O2 -fPIC -std=c++2a -g -O2   -iquote . -I.. -iquote ../fesvr -iquote ../riscv -iquote ../disasm -iquote ../customext -iquote ../fdt -iquote ../softfloat -iquote ../spike_main -iquote ../spike_dasm -I/usr/include  -fPIC -I../fdt -c psa_dhx.cc -o psa_dhx.o -MF psa_dhx.d
g++ -MMD -MP  -DPREFIX=\"/usr/local\" -Wall -Wno-nonportable-include-path -g -O2 -fPIC -std=c++2a -g -O2   -iquote . -I.. -iquote ../fesvr -iquote ../riscv -iquote ../disasm -iquote ../customext -iquote ../fdt -iquote ../softfloat -iquote ../spike_main -iquote ../spike_dasm -I/usr/include  -fPIC -I../fdt -c psas_dhx.cc -o psas_dhx.o -MF psas_dhx.d
g++ -MMD -MP  -DPREFIX=\"/usr/local\" -Wall -Wno-nonportable-include-path -g -O2 -fPIC -std=c++2a -g -O2   -iquote . -I.. -iquote ../fesvr -iquote ../riscv -iquote ../disasm -iquote ../customext -iquote ../fdt -iquote ../softfloat -iquote ../spike_main -iquote ../spike_dasm -I/usr/include  -fPIC -I../fdt -c pssa_dhx.cc -o pssa_dhx.o -MF pssa_dhx.d
g++ -MMD -MP  -DPREFIX=\"/usr/local\" -Wall -Wno-nonportable-include-path -g -O2 -fPIC -std=c++2a -g -O2   -iquote . -I.. -iquote ../fesvr -iquote ../riscv -iquote ../disasm -iquote ../customext -iquote ../fdt -iquote ../softfloat -iquote ../spike_main -iquote ../spike_dasm -I/usr/include  -fPIC -I../fdt -c paas_dhx.cc -o paas_dhx.o -MF paas_dhx.d
g++ -MMD -MP  -DPREFIX=\"/usr/local\" -Wall -Wno-nonportable-include-path -g -O2 -fPIC -std=c++2a -g -O2   -iquote . -I.. -iquote ../fesvr -iquote ../riscv -iquote ../disasm -iquote ../customext -iquote ../fdt -iquote ../softfloat -iquote ../spike_main -iquote ../spike_dasm -I/usr/include  -fPIC -I../fdt -c pasa_dhx.cc -o pasa_dhx.o -MF pasa_dhx.d
g++ -MMD -MP  -DPREFIX=\"/usr/local\" -Wall -Wno-nonportable-include-path -g -O2 -fPIC -std=c++2a -g -O2   -iquote . -I.. -iquote ../fesvr -iquote ../riscv -iquote ../disasm -iquote ../customext -iquote ../fdt -iquote ../softfloat -iquote ../spike_main -iquote ../spike_dasm -I/usr/include  -fPIC -I../fdt -c pabd_db.cc -o pabd_db.o -MF pabd_db.d
g++ -MMD -MP  -DPREFIX=\"/usr/local\" -Wall -Wno-nonportable-include-path -g -O2 -fPIC -std=c++2a -g -O2   -iquote . -I.. -iquote ../fesvr -iquote ../riscv -iquote ../disasm -iquote ../customext -iquote ../fdt -iquote ../softfloat -iquote ../spike_main -iquote ../spike_dasm -I/usr/include  -fPIC -I../fdt -c pabd_dh.cc -o pabd_dh.o -MF pabd_dh.d
g++ -MMD -MP  -DPREFIX=\"/usr/local\" -Wall -Wno-nonportable-include-path -g -O2 -fPIC -std=c++2a -g -O2   -iquote . -I.. -iquote ../fesvr -iquote ../riscv -iquote ../disasm -iquote ../customext -iquote ../fdt -iquote ../softfloat -iquote ../spike_main -iquote ../spike_dasm -I/usr/include  -fPIC -I../fdt -c pabdu_db.cc -o pabdu_db.o -MF pabdu_db.d
g++ -MMD -MP  -DPREFIX=\"/usr/local\" -Wall -Wno-nonportable-include-path -g -O2 -fPIC -std=c++2a -g -O2   -iquote . -I.. -iquote ../fesvr -iquote ../riscv -iquote ../disasm -iquote ../customext -iquote ../fdt -iquote ../softfloat -iquote ../spike_main -iquote ../spike_dasm -I/usr/include  -fPIC -I../fdt -c pabdu_dh.cc -o pabdu_dh.o -MF pabdu_dh.d
g++ -MMD -MP  -DPREFIX=\"/usr/local\" -Wall -Wno-nonportable-include-path -g -O2 -fPIC -std=c++2a -g -O2   -iquote . -I.. -iquote ../fesvr -iquote ../riscv -iquote ../disasm -iquote ../customext -iquote ../fdt -iquote ../softfloat -iquote ../spike_main -iquote ../spike_dasm -I/usr/include  -fPIC -I../fdt -c psabs_db.cc -o psabs_db.o -MF psabs_db.d
g++ -MMD -MP  -DPREFIX=\"/usr/local\" -Wall -Wno-nonportable-include-path -g -O2 -fPIC -std=c++2a -g -O2   -iquote . -I.. -iquote ../fesvr -iquote ../riscv -iquote ../disasm -iquote ../customext -iquote ../fdt -iquote ../softfloat -iquote ../spike_main -iquote ../spike_dasm -I/usr/include  -fPIC -I../fdt -c psabs_dh.cc -o psabs_dh.o -MF psabs_dh.d
g++ -MMD -MP  -DPREFIX=\"/usr/local\" -Wall -Wno-nonportable-include-path -g -O2 -fPIC -std=c++2a -g -O2   -iquote . -I.. -iquote ../fesvr -iquote ../riscv -iquote ../disasm -iquote ../customext -iquote ../fdt -iquote ../softfloat -iquote ../spike_main -iquote ../spike_dasm -I/usr/include  -fPIC -I../fdt -c predsum_dbs.cc -o predsum_dbs.o -MF predsum_dbs.d
g++ -MMD -MP  -DPREFIX=\"/usr/local\" -Wall -Wno-nonportable-include-path -g -O2 -fPIC -std=c++2a -g -O2   -iquote . -I.. -iquote ../fesvr -iquote ../riscv -iquote ../disasm -iquote ../customext -iquote ../fdt -iquote ../softfloat -iquote ../spike_main -iquote ../spike_dasm -I/usr/include  -fPIC -I../fdt -c predsum_dhs.cc -o predsum_dhs.o -MF predsum_dhs.d
g++ -MMD -MP  -DPREFIX=\"/usr/local\" -Wall -Wno-nonportable-include-path -g -O2 -fPIC -std=c++2a -g -O2   -iquote . -I.. -iquote ../fesvr -iquote ../riscv -iquote ../disasm -iquote ../customext -iquote ../fdt -iquote ../softfloat -iquote ../spike_main -iquote ../spike_dasm -I/usr/include  -fPIC -I../fdt -c predsumu_dbs.cc -o predsumu_dbs.o -MF predsumu_dbs.d
g++ -MMD -MP  -DPREFIX=\"/usr/local\" -Wall -Wno-nonportable-include-path -g -O2 -fPIC -std=c++2a -g -O2   -iquote . -I.. -iquote ../fesvr -iquote ../riscv -iquote ../disasm -iquote ../customext -iquote ../fdt -iquote ../softfloat -iquote ../spike_main -iquote ../spike_dasm -I/usr/include  -fPIC -I../fdt -c predsumu_dhs.cc -o predsumu_dhs.o -MF predsumu_dhs.d
g++ -MMD -MP  -DPREFIX=\"/usr/local\" -Wall -Wno-nonportable-include-path -g -O2 -fPIC -std=c++2a -g -O2   -iquote . -I.. -iquote ../fesvr -iquote ../riscv -iquote ../disasm -iquote ../customext -iquote ../fdt -iquote ../softfloat -iquote ../spike_main -iquote ../spike_dasm -I/usr/include  -fPIC -I../fdt -c psext_dh_b.cc -o psext_dh_b.o -MF psext_dh_b.d
g++ -MMD -MP  -DPREFIX=\"/usr/local\" -Wall -Wno-nonportable-include-path -g -O2 -fPIC -std=c++2a -g -O2   -iquote . -I.. -iquote ../fesvr -iquote ../riscv -iquote ../disasm -iquote ../customext -iquote ../fdt -iquote ../softfloat -iquote ../spike_main -iquote ../spike_dasm -I/usr/include  -fPIC -I../fdt -c psext_dw_b.cc -o psext_dw_b.o -MF psext_dw_b.d
g++ -MMD -MP  -DPREFIX=\"/usr/local\" -Wall -Wno-nonportable-include-path -g -O2 -fPIC -std=c++2a -g -O2   -iquote . -I.. -iquote ../fesvr -iquote ../riscv -iquote ../disasm -iquote ../customext -iquote ../fdt -iquote ../softfloat -iquote ../spike_main -iquote ../spike_dasm -I/usr/include  -fPIC -I../fdt -c psext_dw_h.cc -o psext_dw_h.o -MF psext_dw_h.d
g++ -MMD -MP  -DPREFIX=\"/usr/local\" -Wall -Wno-nonportable-include-path -g -O2 -fPIC -std=c++2a -g -O2   -iquote . -I.. -iquote ../fesvr -iquote ../riscv -iquote ../disasm -iquote ../customext -iquote ../fdt -iquote ../softfloat -iquote ../spike_main -iquote ../spike_dasm -I/usr/include  -fPIC -I../fdt -c psati_dh.cc -o psati_dh.o -MF psati_dh.d
g++ -MMD -MP  -DPREFIX=\"/usr/local\" -Wall -Wno-nonportable-include-path -g -O2 -fPIC -std=c++2a -g -O2   -iquote . -I.. -iquote ../fesvr -iquote ../riscv -iquote ../disasm -iquote ../customext -iquote ../fdt -iquote ../softfloat -iquote ../spike_main -iquote ../spike_dasm -I/usr/include  -fPIC -I../fdt -c psati_dw.cc -o psati_dw.o -MF psati_dw.d
g++ -MMD -MP  -DPREFIX=\"/usr/local\" -Wall -Wno-nonportable-include-path -g -O2 -fPIC -std=c++2a -g -O2   -iquote . -I.. -iquote ../fesvr -iquote ../riscv -iquote ../disasm -iquote ../customext -iquote ../fdt -iquote ../softfloat -iquote ../spike_main -iquote ../spike_dasm -I/usr/include  -fPIC -I../fdt -c pusati_dh.cc -o pusati_dh.o -MF pusati_dh.d
g++ -MMD -MP  -DPREFIX=\"/usr/local\" -Wall -Wno-nonportable-include-path -g -O2 -fPIC -std=c++2a -g -O2   -iquote . -I.. -iquote ../fesvr -iquote ../riscv -iquote ../disasm -iquote ../customext -iquote ../fdt -iquote ../softfloat -iquote ../spike_main -iquote ../spike_dasm -I/usr/include  -fPIC -I../fdt -c pusati_dw.cc -o pusati_dw.o -MF pusati_dw.d
g++ -MMD -MP  -DPREFIX=\"/usr/local\" -Wall -Wno-nonportable-include-path -g -O2 -fPIC -std=c++2a -g -O2   -iquote . -I.. -iquote ../fesvr -iquote ../riscv -iquote ../disasm -iquote ../customext -iquote ../fdt -iquote ../softfloat -iquote ../spike_main -iquote ../spike_dasm -I/usr/include  -fPIC -I../fdt -c pslli_db.cc -o pslli_db.o -MF pslli_db.d
g++ -MMD -MP  -DPREFIX=\"/usr/local\" -Wall -Wno-nonportable-include-path -g -O2 -fPIC -std=c++2a -g -O2   -iquote . -I.. -iquote ../fesvr -iquote ../riscv -iquote ../disasm -iquote ../customext -iquote ../fdt -iquote ../softfloat -iquote ../spike_main -iquote ../spike_dasm -I/usr/include  -fPIC -I../fdt -c pslli_dh.cc -o pslli_dh.o -MF pslli_dh.d
g++ -MMD -MP  -DPREFIX=\"/usr/local\" -Wall -Wno-nonportable-include-path -g -O2 -fPIC -std=c++2a -g -O2   -iquote . -I.. -iquote ../fesvr -iquote ../riscv -iquote ../disasm -iquote ../customext -iquote ../fdt -iquote ../softfloat -iquote ../spike_main -iquote ../spike_dasm -I/usr/include  -fPIC -I../fdt -c pslli_dw.cc -o pslli_dw.o -MF pslli_dw.d
g++ -MMD -MP  -DPREFIX=\"/usr/local\" -Wall -Wno-nonportable-include-path -g -O2 -fPIC -std=c++2a -g -O2   -iquote . -I.. -iquote ../fesvr -iquote ../riscv -iquote ../disasm -iquote ../customext -iquote ../fdt -iquote ../softfloat -iquote ../spike_main -iquote ../spike_dasm -I/usr/include  -fPIC -I../fdt -c psrli_db.cc -o psrli_db.o -MF psrli_db.d
g++ -MMD -MP  -DPREFIX=\"/usr/local\" -Wall -Wno-nonportable-include-path -g -O2 -fPIC -std=c++2a -g -O2   -iquote . -I.. -iquote ../fesvr -iquote ../riscv -iquote ../disasm -iquote ../customext -iquote ../fdt -iquote ../softfloat -iquote ../spike_main -iquote ../spike_dasm -I/usr/include  -fPIC -I../fdt -c psrli_dh.cc -o psrli_dh.o -MF psrli_dh.d
g++ -MMD -MP  -DPREFIX=\"/usr/local\" -Wall -Wno-nonportable-include-path -g -O2 -fPIC -std=c++2a -g -O2   -iquote . -I.. -iquote ../fesvr -iquote ../riscv -iquote ../disasm -iquote ../customext -iquote ../fdt -iquote ../softfloat -iquote ../spike_main -iquote ../spike_dasm -I/usr/include  -fPIC -I../fdt -c psrli_dw.cc -o psrli_dw.o -MF psrli_dw.d
g++ -MMD -MP  -DPREFIX=\"/usr/local\" -Wall -Wno-nonportable-include-path -g -O2 -fPIC -std=c++2a -g -O2   -iquote . -I.. -iquote ../fesvr -iquote ../riscv -iquote ../disasm -iquote ../customext -iquote ../fdt -iquote ../softfloat -iquote ../spike_main -iquote ../spike_dasm -I/usr/include  -fPIC -I../fdt -c psrai_db.cc -o psrai_db.o -MF psrai_db.d
g++ -MMD -MP  -DPREFIX=\"/usr/local\" -Wall -Wno-nonportable-include-path -g -O2 -fPIC -std=c++2a -g -O2   -iquote . -I.. -iquote ../fesvr -iquote ../riscv -iquote ../disasm -iquote ../customext -iquote ../fdt -iquote ../softfloat -iquote ../spike_main -iquote ../spike_dasm -I/usr/include  -fPIC -I../fdt -c psrai_dh.cc -o psrai_dh.o -MF psrai_dh.d
g++ -MMD -MP  -DPREFIX=\"/usr/local\" -Wall -Wno-nonportable-include-path -g -O2 -fPIC -std=c++2a -g -O2   -iquote . -I.. -iquote ../fesvr -iquote ../riscv -iquote ../disasm -iquote ../customext -iquote ../fdt -iquote ../softfloat -iquote ../spike_main -iquote ../spike_dasm -I/usr/include  -fPIC -I../fdt -c psrai_dw.cc -o psrai_dw.o -MF psrai_dw.d
g++ -MMD -MP  -DPREFIX=\"/usr/local\" -Wall -Wno-nonportable-include-path -g -O2 -fPIC -std=c++2a -g -O2   -iquote . -I.. -iquote ../fesvr -iquote ../riscv -iquote ../disasm -iquote ../customext -iquote ../fdt -iquote ../softfloat -iquote ../spike_main -iquote ../spike_dasm -I/usr/include  -fPIC -I../fdt -c psslai_dh.cc -o psslai_dh.o -MF psslai_dh.d
g++ -MMD -MP  -DPREFIX=\"/usr/local\" -Wall -Wno-nonportable-include-path -g -O2 -fPIC -std=c++2a -g -O2   -iquote . -I.. -iquote ../fesvr -iquote ../riscv -iquote ../disasm -iquote ../customext -iquote ../fdt -iquote ../softfloat -iquote ../spike_main -iquote ../spike_dasm -I/usr/include  -fPIC -I../fdt -c psslai_dw.cc -o psslai_dw.o -MF psslai_dw.d
g++ -MMD -MP  -DPREFIX=\"/usr/local\" -Wall -Wno-nonportable-include-path -g -O2 -fPIC -std=c++2a -g -O2   -iquote . -I.. -iquote ../fesvr -iquote ../riscv -iquote ../disasm -iquote ../customext -iquote ../fdt -iquote ../softfloat -iquote ../spike_main -iquote ../spike_dasm -I/usr/include  -fPIC -I../fdt -c psrari_dh.cc -o psrari_dh.o -MF psrari_dh.d
g++ -MMD -MP  -DPREFIX=\"/usr/local\" -Wall -Wno-nonportable-include-path -g -O2 -fPIC -std=c++2a -g -O2   -iquote . -I.. -iquote ../fesvr -iquote ../riscv -iquote ../disasm -iquote ../customext -iquote ../fdt -iquote ../softfloat -iquote ../spike_main -iquote ../spike_dasm -I/usr/include  -fPIC -I../fdt -c psrari_dw.cc -o psrari_dw.o -MF psrari_dw.d
g++ -MMD -MP  -DPREFIX=\"/usr/local\" -Wall -Wno-nonportable-include-path -g -O2 -fPIC -std=c++2a -g -O2   -iquote . -I.. -iquote ../fesvr -iquote ../riscv -iquote ../disasm -iquote ../customext -iquote ../fdt -iquote ../softfloat -iquote ../spike_main -iquote ../spike_dasm -I/usr/include  -fPIC -I../fdt -c psll_dbs.cc -o psll_dbs.o -MF psll_dbs.d
g++ -MMD -MP  -DPREFIX=\"/usr/local\" -Wall -Wno-nonportable-include-path -g -O2 -fPIC -std=c++2a -g -O2   -iquote . -I.. -iquote ../fesvr -iquote ../riscv -iquote ../disasm -iquote ../customext -iquote ../fdt -iquote ../softfloat -iquote ../spike_main -iquote ../spike_dasm -I/usr/include  -fPIC -I../fdt -c psll_dhs.cc -o psll_dhs.o -MF psll_dhs.d
g++ -MMD -MP  -DPREFIX=\"/usr/local\" -Wall -Wno-nonportable-include-path -g -O2 -fPIC -std=c++2a -g -O2   -iquote . -I.. -iquote ../fesvr -iquote ../riscv -iquote ../disasm -iquote ../customext -iquote ../fdt -iquote ../softfloat -iquote ../spike_main -iquote ../spike_dasm -I/usr/include  -fPIC -I../fdt -c psll_dws.cc -o psll_dws.o -MF psll_dws.d
g++ -MMD -MP  -DPREFIX=\"/usr/local\" -Wall -Wno-nonportable-include-path -g -O2 -fPIC -std=c++2a -g -O2   -iquote . -I.. -iquote ../fesvr -iquote ../riscv -iquote ../disasm -iquote ../customext -iquote ../fdt -iquote ../softfloat -iquote ../spike_main -iquote ../spike_dasm -I/usr/include  -fPIC -I../fdt -c psrl_dbs.cc -o psrl_dbs.o -MF psrl_dbs.d
g++ -MMD -MP  -DPREFIX=\"/usr/local\" -Wall -Wno-nonportable-include-path -g -O2 -fPIC -std=c++2a -g -O2   -iquote . -I.. -iquote ../fesvr -iquote ../riscv -iquote ../disasm -iquote ../customext -iquote ../fdt -iquote ../softfloat -iquote ../spike_main -iquote ../spike_dasm -I/usr/include  -fPIC -I../fdt -c psrl_dhs.cc -o psrl_dhs.o -MF psrl_dhs.d
g++ -MMD -MP  -DPREFIX=\"/usr/local\" -Wall -Wno-nonportable-include-path -g -O2 -fPIC -std=c++2a -g -O2   -iquote . -I.. -iquote ../fesvr -iquote ../riscv -iquote ../disasm -iquote ../customext -iquote ../fdt -iquote ../softfloat -iquote ../spike_main -iquote ../spike_dasm -I/usr/include  -fPIC -I../fdt -c psrl_dws.cc -o psrl_dws.o -MF psrl_dws.d
g++ -MMD -MP  -DPREFIX=\"/usr/local\" -Wall -Wno-nonportable-include-path -g -O2 -fPIC -std=c++2a -g -O2   -iquote . -I.. -iquote ../fesvr -iquote ../riscv -iquote ../disasm -iquote ../customext -iquote ../fdt -iquote ../softfloat -iquote ../spike_main -iquote ../spike_dasm -I/usr/include  -fPIC -I../fdt -c psra_dbs.cc -o psra_dbs.o -MF psra_dbs.d
g++ -MMD -MP  -DPREFIX=\"/usr/local\" -Wall -Wno-nonportable-include-path -g -O2 -fPIC -std=c++2a -g -O2   -iquote . -I.. -iquote ../fesvr -iquote ../riscv -iquote ../disasm -iquote ../customext -iquote ../fdt -iquote ../softfloat -iquote ../spike_main -iquote ../spike_dasm -I/usr/include  -fPIC -I../fdt -c psra_dhs.cc -o psra_dhs.o -MF psra_dhs.d
g++ -MMD -MP  -DPREFIX=\"/usr/local\" -Wall -Wno-nonportable-include-path -g -O2 -fPIC -std=c++2a -g -O2   -iquote . -I.. -iquote ../fesvr -iquote ../riscv -iquote ../disasm -iquote ../customext -iquote ../fdt -iquote ../softfloat -iquote ../spike_main -iquote ../spike_dasm -I/usr/include  -fPIC -I../fdt -c psra_dws.cc -o psra_dws.o -MF psra_dws.d
g++ -MMD -MP  -DPREFIX=\"/usr/local\" -Wall -Wno-nonportable-include-path -g -O2 -fPIC -std=c++2a -g -O2   -iquote . -I.. -iquote ../fesvr -iquote ../riscv -iquote ../disasm -iquote ../customext -iquote ../fdt -iquote ../softfloat -iquote ../spike_main -iquote ../spike_dasm -I/usr/include  -fPIC -I../fdt -c pssha_dhs.cc -o pssha_dhs.o -MF pssha_dhs.d
g++ -MMD -MP  -DPREFIX=\"/usr/local\" -Wall -Wno-nonportable-include-path -g -O2 -fPIC -std=c++2a -g -O2   -iquote . -I.. -iquote ../fesvr -iquote ../riscv -iquote ../disasm -iquote ../customext -iquote ../fdt -iquote ../softfloat -iquote ../spike_main -iquote ../spike_dasm -I/usr/include  -fPIC -I../fdt -c pssha_dws.cc -o pssha_dws.o -MF pssha_dws.d
g++ -MMD -MP  -DPREFIX=\"/usr/local\" -Wall -Wno-nonportable-include-path -g -O2 -fPIC -std=c++2a -g -O2   -iquote . -I.. -iquote ../fesvr -iquote ../riscv -iquote ../disasm -iquote ../customext -iquote ../fdt -iquote ../softfloat -iquote ../spike_main -iquote ../spike_dasm -I/usr/include  -fPIC -I../fdt -c psshar_dhs.cc -o psshar_dhs.o -MF psshar_dhs.d
g++ -MMD -MP  -DPREFIX=\"/usr/local\" -Wall -Wno-nonportable-include-path -g -O2 -fPIC -std=c++2a -g -O2   -iquote . -I.. -iquote ../fesvr -iquote ../riscv -iquote ../disasm -iquote ../customext -iquote ../fdt -iquote ../softfloat -iquote ../spike_main -iquote ../spike_dasm -I/usr/include  -fPIC -I../fdt -c psshar_dws.cc -o psshar_dws.o -MF psshar_dws.d
g++ -MMD -MP  -DPREFIX=\"/usr/local\" -Wall -Wno-nonportable-include-path -g -O2 -fPIC -std=c++2a -g -O2   -iquote . -I.. -iquote ../fesvr -iquote ../riscv -iquote ../disasm -iquote ../customext -iquote ../fdt -iquote ../softfloat -iquote ../spike_main -iquote ../spike_dasm -I/usr/include  -fPIC -I../fdt -c pwslli_b.cc -o pwslli_b.o -MF pwslli_b.d
g++ -MMD -MP  -DPREFIX=\"/usr/local\" -Wall -Wno-nonportable-include-path -g -O2 -fPIC -std=c++2a -g -O2   -iquote . -I.. -iquote ../fesvr -iquote ../riscv -iquote ../disasm -iquote ../customext -iquote ../fdt -iquote ../softfloat -iquote ../spike_main -iquote ../spike_dasm -I/usr/include  -fPIC -I../fdt -c pwslli_h.cc -o pwslli_h.o -MF pwslli_h.d
g++ -MMD -MP  -DPREFIX=\"/usr/local\" -Wall -Wno-nonportable-include-path -g -O2 -fPIC -std=c++2a -g -O2   -iquote . -I.. -iquote ../fesvr -iquote ../riscv -iquote ../disasm -iquote ../customext -iquote ../fdt -iquote ../softfloat -iquote ../spike_main -iquote ../spike_dasm -I/usr/include  -fPIC -I../fdt -c wslli.cc -o wslli.o -MF wslli.d
g++ -MMD -MP  -DPREFIX=\"/usr/local\" -Wall -Wno-nonportable-include-path -g -O2 -fPIC -std=c++2a -g -O2   -iquote . -I.. -iquote ../fesvr -iquote ../riscv -iquote ../disasm -iquote ../customext -iquote ../fdt -iquote ../softfloat -iquote ../spike_main -iquote ../spike_dasm -I/usr/include  -fPIC -I../fdt -c pwsll_bs.cc -o pwsll_bs.o -MF pwsll_bs.d
g++ -MMD -MP  -DPREFIX=\"/usr/local\" -Wall -Wno-nonportable-include-path -g -O2 -fPIC -std=c++2a -g -O2   -iquote . -I.. -iquote ../fesvr -iquote ../riscv -iquote ../disasm -iquote ../customext -iquote ../fdt -iquote ../softfloat -iquote ../spike_main -iquote ../spike_dasm -I/usr/include  -fPIC -I../fdt -c pwsll_hs.cc -o pwsll_hs.o -MF pwsll_hs.d
g++ -MMD -MP  -DPREFIX=\"/usr/local\" -Wall -Wno-nonportable-include-path -g -O2 -fPIC -std=c++2a -g -O2   -iquote . -I.. -iquote ../fesvr -iquote ../riscv -iquote ../disasm -iquote ../customext -iquote ../fdt -iquote ../softfloat -iquote ../spike_main -iquote ../spike_dasm -I/usr/include  -fPIC -I../fdt -c wsll.cc -o wsll.o -MF wsll.d
g++ -MMD -MP  -DPREFIX=\"/usr/local\" -Wall -Wno-nonportable-include-path -g -O2 -fPIC -std=c++2a -g -O2   -iquote . -I.. -iquote ../fesvr -iquote ../riscv -iquote ../disasm -iquote ../customext -iquote ../fdt -iquote ../softfloat -iquote ../spike_main -iquote ../spike_dasm -I/usr/include  -fPIC -I../fdt -c pwslai_b.cc -o pwslai_b.o -MF pwslai_b.d
g++ -MMD -MP  -DPREFIX=\"/usr/local\" -Wall -Wno-nonportable-include-path -g -O2 -fPIC -std=c++2a -g -O2   -iquote . -I.. -iquote ../fesvr -iquote ../riscv -iquote ../disasm -iquote ../customext -iquote ../fdt -iquote ../softfloat -iquote ../spike_main -iquote ../spike_dasm -I/usr/include  -fPIC -I../fdt -c pwslai_h.cc -o pwslai_h.o -MF pwslai_h.d
g++ -MMD -MP  -DPREFIX=\"/usr/local\" -Wall -Wno-nonportable-include-path -g -O2 -fPIC -std=c++2a -g -O2   -iquote . -I.. -iquote ../fesvr -iquote ../riscv -iquote ../disasm -iquote ../customext -iquote ../fdt -iquote ../softfloat -iquote ../spike_main -iquote ../spike_dasm -I/usr/include  -fPIC -I../fdt -c wslai.cc -o wslai.o -MF wslai.d
g++ -MMD -MP  -DPREFIX=\"/usr/local\" -Wall -Wno-nonportable-include-path -g -O2 -fPIC -std=c++2a -g -O2   -iquote . -I.. -iquote ../fesvr -iquote ../riscv -iquote ../disasm -iquote ../customext -iquote ../fdt -iquote ../softfloat -iquote ../spike_main -iquote ../spike_dasm -I/usr/include  -fPIC -I../fdt -c pwsla_bs.cc -o pwsla_bs.o -MF pwsla_bs.d
g++ -MMD -MP  -DPREFIX=\"/usr/local\" -Wall -Wno-nonportable-include-path -g -O2 -fPIC -std=c++2a -g -O2   -iquote . -I.. -iquote ../fesvr -iquote ../riscv -iquote ../disasm -iquote ../customext -iquote ../fdt -iquote ../softfloat -iquote ../spike_main -iquote ../spike_dasm -I/usr/include  -fPIC -I../fdt -c pwsla_hs.cc -o pwsla_hs.o -MF pwsla_hs.d
g++ -MMD -MP  -DPREFIX=\"/usr/local\" -Wall -Wno-nonportable-include-path -g -O2 -fPIC -std=c++2a -g -O2   -iquote . -I.. -iquote ../fesvr -iquote ../riscv -iquote ../disasm -iquote ../customext -iquote ../fdt -iquote ../softfloat -iquote ../spike_main -iquote ../spike_dasm -I/usr/include  -fPIC -I../fdt -c wsla.cc -o wsla.o -MF wsla.d
g++ -MMD -MP  -DPREFIX=\"/usr/local\" -Wall -Wno-nonportable-include-path -g -O2 -fPIC -std=c++2a -g -O2   -iquote . -I.. -iquote ../fesvr -iquote ../riscv -iquote ../disasm -iquote ../customext -iquote ../fdt -iquote ../softfloat -iquote ../spike_main -iquote ../spike_dasm -I/usr/include  -fPIC -I../fdt -c pmin_db.cc -o pmin_db.o -MF pmin_db.d
g++ -MMD -MP  -DPREFIX=\"/usr/local\" -Wall -Wno-nonportable-include-path -g -O2 -fPIC -std=c++2a -g -O2   -iquote . -I.. -iquote ../fesvr -iquote ../riscv -iquote ../disasm -iquote ../customext -iquote ../fdt -iquote ../softfloat -iquote ../spike_main -iquote ../spike_dasm -I/usr/include  -fPIC -I../fdt -c pmin_dh.cc -o pmin_dh.o -MF pmin_dh.d
g++ -MMD -MP  -DPREFIX=\"/usr/local\" -Wall -Wno-nonportable-include-path -g -O2 -fPIC -std=c++2a -g -O2   -iquote . -I.. -iquote ../fesvr -iquote ../riscv -iquote ../disasm -iquote ../customext -iquote ../fdt -iquote ../softfloat -iquote ../spike_main -iquote ../spike_dasm -I/usr/include  -fPIC -I../fdt -c pmin_dw.cc -o pmin_dw.o -MF pmin_dw.d
g++ -MMD -MP  -DPREFIX=\"/usr/local\" -Wall -Wno-nonportable-include-path -g -O2 -fPIC -std=c++2a -g -O2   -iquote . -I.. -iquote ../fesvr -iquote ../riscv -iquote ../disasm -iquote ../customext -iquote ../fdt -iquote ../softfloat -iquote ../spike_main -iquote ../spike_dasm -I/usr/include  -fPIC -I../fdt -c pminu_db.cc -o pminu_db.o -MF pminu_db.d
g++ -MMD -MP  -DPREFIX=\"/usr/local\" -Wall -Wno-nonportable-include-path -g -O2 -fPIC -std=c++2a -g -O2   -iquote . -I.. -iquote ../fesvr -iquote ../riscv -iquote ../disasm -iquote ../customext -iquote ../fdt -iquote ../softfloat -iquote ../spike_main -iquote ../spike_dasm -I/usr/include  -fPIC -I../fdt -c pminu_dh.cc -o pminu_dh.o -MF pminu_dh.d
g++ -MMD -MP  -DPREFIX=\"/usr/local\" -Wall -Wno-nonportable-include-path -g -O2 -fPIC -std=c++2a -g -O2   -iquote . -I.. -iquote ../fesvr -iquote ../riscv -iquote ../disasm -iquote ../customext -iquote ../fdt -iquote ../softfloat -iquote ../spike_main -iquote ../spike_dasm -I/usr/include  -fPIC -I../fdt -c pminu_dw.cc -o pminu_dw.o -MF pminu_dw.d
g++ -MMD -MP  -DPREFIX=\"/usr/local\" -Wall -Wno-nonportable-include-path -g -O2 -fPIC -std=c++2a -g -O2   -iquote . -I.. -iquote ../fesvr -iquote ../riscv -iquote ../disasm -iquote ../customext -iquote ../fdt -iquote ../softfloat -iquote ../spike_main -iquote ../spike_dasm -I/usr/include  -fPIC -I../fdt -c pmax_db.cc -o pmax_db.o -MF pmax_db.d
g++ -MMD -MP  -DPREFIX=\"/usr/local\" -Wall -Wno-nonportable-include-path -g -O2 -fPIC -std=c++2a -g -O2   -iquote . -I.. -iquote ../fesvr -iquote ../riscv -iquote ../disasm -iquote ../customext -iquote ../fdt -iquote ../softfloat -iquote ../spike_main -iquote ../spike_dasm -I/usr/include  -fPIC -I../fdt -c pmax_dh.cc -o pmax_dh.o -MF pmax_dh.d
g++ -MMD -MP  -DPREFIX=\"/usr/local\" -Wall -Wno-nonportable-include-path -g -O2 -fPIC -std=c++2a -g -O2   -iquote . -I.. -iquote ../fesvr -iquote ../riscv -iquote ../disasm -iquote ../customext -iquote ../fdt -iquote ../softfloat -iquote ../spike_main -iquote ../spike_dasm -I/usr/include  -fPIC -I../fdt -c pmax_dw.cc -o pmax_dw.o -MF pmax_dw.d
g++ -MMD -MP  -DPREFIX=\"/usr/local\" -Wall -Wno-nonportable-include-path -g -O2 -fPIC -std=c++2a -g -O2   -iquote . -I.. -iquote ../fesvr -iquote ../riscv -iquote ../disasm -iquote ../customext -iquote ../fdt -iquote ../softfloat -iquote ../spike_main -iquote ../spike_dasm -I/usr/include  -fPIC -I../fdt -c pmaxu_db.cc -o pmaxu_db.o -MF pmaxu_db.d
g++ -MMD -MP  -DPREFIX=\"/usr/local\" -Wall -Wno-nonportable-include-path -g -O2 -fPIC -std=c++2a -g -O2   -iquote . -I.. -iquote ../fesvr -iquote ../riscv -iquote ../disasm -iquote ../customext -iquote ../fdt -iquote ../softfloat -iquote ../spike_main -iquote ../spike_dasm -I/usr/include  -fPIC -I../fdt -c pmaxu_dh.cc -o pmaxu_dh.o -MF pmaxu_dh.d
g++ -MMD -MP  -DPREFIX=\"/usr/local\" -Wall -Wno-nonportable-include-path -g -O2 -fPIC -std=c++2a -g -O2   -iquote . -I.. -iquote ../fesvr -iquote ../riscv -iquote ../disasm -iquote ../customext -iquote ../fdt -iquote ../softfloat -iquote ../spike_main -iquote ../spike_dasm -I/usr/include  -fPIC -I../fdt -c pmaxu_dw.cc -o pmaxu_dw.o -MF pmaxu_dw.d
g++ -MMD -MP  -DPREFIX=\"/usr/local\" -Wall -Wno-nonportable-include-path -g -O2 -fPIC -std=c++2a -g -O2   -iquote . -I.. -iquote ../fesvr -iquote ../riscv -iquote ../disasm -iquote ../customext -iquote ../fdt -iquote ../softfloat -iquote ../spike_main -iquote ../spike_dasm -I/usr/include  -fPIC -I../fdt -c pmseq_db.cc -o pmseq_db.o -MF pmseq_db.d
g++ -MMD -MP  -DPREFIX=\"/usr/local\" -Wall -Wno-nonportable-include-path -g -O2 -fPIC -std=c++2a -g -O2   -iquote . -I.. -iquote ../fesvr -iquote ../riscv -iquote ../disasm -iquote ../customext -iquote ../fdt -iquote ../softfloat -iquote ../spike_main -iquote ../spike_dasm -I/usr/include  -fPIC -I../fdt -c pmseq_dh.cc -o pmseq_dh.o -MF pmseq_dh.d
g++ -MMD -MP  -DPREFIX=\"/usr/local\" -Wall -Wno-nonportable-include-path -g -O2 -fPIC -std=c++2a -g -O2   -iquote . -I.. -iquote ../fesvr -iquote ../riscv -iquote ../disasm -iquote ../customext -iquote ../fdt -iquote ../softfloat -iquote ../spike_main -iquote ../spike_dasm -I/usr/include  -fPIC -I../fdt -c pmseq_dw.cc -o pmseq_dw.o -MF pmseq_dw.d
g++ -MMD -MP  -DPREFIX=\"/usr/local\" -Wall -Wno-nonportable-include-path -g -O2 -fPIC -std=c++2a -g -O2   -iquote . -I.. -iquote ../fesvr -iquote ../riscv -iquote ../disasm -iquote ../customext -iquote ../fdt -iquote ../softfloat -iquote ../spike_main -iquote ../spike_dasm -I/usr/include  -fPIC -I../fdt -c pmslt_db.cc -o pmslt_db.o -MF pmslt_db.d
g++ -MMD -MP  -DPREFIX=\"/usr/local\" -Wall -Wno-nonportable-include-path -g -O2 -fPIC -std=c++2a -g -O2   -iquote . -I.. -iquote ../fesvr -iquote ../riscv -iquote ../disasm -iquote ../customext -iquote ../fdt -iquote ../softfloat -iquote ../spike_main -iquote ../spike_dasm -I/usr/include  -fPIC -I../fdt -c pmslt_dh.cc -o pmslt_dh.o -MF pmslt_dh.d
g++ -MMD -MP  -DPREFIX=\"/usr/local\" -Wall -Wno-nonportable-include-path -g -O2 -fPIC -std=c++2a -g -O2   -iquote . -I.. -iquote ../fesvr -iquote ../riscv -iquote ../disasm -iquote ../customext -iquote ../fdt -iquote ../softfloat -iquote ../spike_main -iquote ../spike_dasm -I/usr/include  -fPIC -I../fdt -c pmslt_dw.cc -o pmslt_dw.o -MF pmslt_dw.d
g++ -MMD -MP  -DPREFIX=\"/usr/local\" -Wall -Wno-nonportable-include-path -g -O2 -fPIC -std=c++2a -g -O2   -iquote . -I.. -iquote ../fesvr -iquote ../riscv -iquote ../disasm -iquote ../customext -iquote ../fdt -iquote ../softfloat -iquote ../spike_main -iquote ../spike_dasm -I/usr/include  -fPIC -I../fdt -c pmsltu_db.cc -o pmsltu_db.o -MF pmsltu_db.d
g++ -MMD -MP  -DPREFIX=\"/usr/local\" -Wall -Wno-nonportable-include-path -g -O2 -fPIC -std=c++2a -g -O2   -iquote . -I.. -iquote ../fesvr -iquote ../riscv -iquote ../disasm -iquote ../customext -iquote ../fdt -iquote ../softfloat -iquote ../spike_main -iquote ../spike_dasm -I/usr/include  -fPIC -I../fdt -c pmsltu_dh.cc -o pmsltu_dh.o -MF pmsltu_dh.d
g++ -MMD -MP  -DPREFIX=\"/usr/local\" -Wall -Wno-nonportable-include-path -g -O2 -fPIC -std=c++2a -g -O2   -iquote . -I.. -iquote ../fesvr -iquote ../riscv -iquote ../disasm -iquote ../customext -iquote ../fdt -iquote ../softfloat -iquote ../spike_main -iquote ../spike_dasm -I/usr/include  -fPIC -I../fdt -c pmsltu_dw.cc -o pmsltu_dw.o -MF pmsltu_dw.d
g++ -MMD -MP  -DPREFIX=\"/usr/local\" -Wall -Wno-nonportable-include-path -g -O2 -fPIC -std=c++2a -g -O2   -iquote . -I.. -iquote ../fesvr -iquote ../riscv -iquote ../disasm -iquote ../customext -iquote ../fdt -iquote ../softfloat -iquote ../spike_main -iquote ../spike_dasm -I/usr/include  -fPIC -I../fdt -c ppaire_db.cc -o ppaire_db.o -MF ppaire_db.d
g++ -MMD -MP  -DPREFIX=\"/usr/local\" -Wall -Wno-nonportable-include-path -g -O2 -fPIC -std=c++2a -g -O2   -iquote . -I.. -iquote ../fesvr -iquote ../riscv -iquote ../disasm -iquote ../customext -iquote ../fdt -iquote ../softfloat -iquote ../spike_main -iquote ../spike_dasm -I/usr/include  -fPIC -I../fdt -c ppaire_dh.cc -o ppaire_dh.o -MF ppaire_dh.d
g++ -MMD -MP  -DPREFIX=\"/usr/local\" -Wall -Wno-nonportable-include-path -g -O2 -fPIC -std=c++2a -g -O2   -iquote . -I.. -iquote ../fesvr -iquote ../riscv -iquote ../disasm -iquote ../customext -iquote ../fdt -iquote ../softfloat -iquote ../spike_main -iquote ../spike_dasm -I/usr/include  -fPIC -I../fdt -c ppaireo_db.cc -o ppaireo_db.o -MF ppaireo_db.d
g++ -MMD -MP  -DPREFIX=\"/usr/local\" -Wall -Wno-nonportable-include-path -g -O2 -fPIC -std=c++2a -g -O2   -iquote . -I.. -iquote ../fesvr -iquote ../riscv -iquote ../disasm -iquote ../customext -iquote ../fdt -iquote ../softfloat -iquote ../spike_main -iquote ../spike_dasm -I/usr/include  -fPIC -I../fdt -c ppaireo_dh.cc -o ppaireo_dh.o -MF ppaireo_dh.d
g++ -MMD -MP  -DPREFIX=\"/usr/local\" -Wall -Wno-nonportable-include-path -g -O2 -fPIC -std=c++2a -g -O2   -iquote . -I.. -iquote ../fesvr -iquote ../riscv -iquote ../disasm -iquote ../customext -iquote ../fdt -iquote ../softfloat -iquote ../spike_main -iquote ../spike_dasm -I/usr/include  -fPIC -I../fdt -c ppairoe_db.cc -o ppairoe_db.o -MF ppairoe_db.d
g++ -MMD -MP  -DPREFIX=\"/usr/local\" -Wall -Wno-nonportable-include-path -g -O2 -fPIC -std=c++2a -g -O2   -iquote . -I.. -iquote ../fesvr -iquote ../riscv -iquote ../disasm -iquote ../customext -iquote ../fdt -iquote ../softfloat -iquote ../spike_main -iquote ../spike_dasm -I/usr/include  -fPIC -I../fdt -c ppairoe_dh.cc -o ppairoe_dh.o -MF ppairoe_dh.d
g++ -MMD -MP  -DPREFIX=\"/usr/local\" -Wall -Wno-nonportable-include-path -g -O2 -fPIC -std=c++2a -g -O2   -iquote . -I.. -iquote ../fesvr -iquote ../riscv -iquote ../disasm -iquote ../customext -iquote ../fdt -iquote ../softfloat -iquote ../spike_main -iquote ../spike_dasm -I/usr/include  -fPIC -I../fdt -c ppairo_db.cc -o ppairo_db.o -MF ppairo_db.d
g++ -MMD -MP  -DPREFIX=\"/usr/local\" -Wall -Wno-nonportable-include-path -g -O2 -fPIC -std=c++2a -g -O2   -iquote . -I.. -iquote ../fesvr -iquote ../riscv -iquote ../disasm -iquote ../customext -iquote ../fdt -iquote ../softfloat -iquote ../spike_main -iquote ../spike_dasm -I/usr/include  -fPIC -I../fdt -c ppairo_dh.cc -o ppairo_dh.o -MF ppairo_dh.d
g++ -MMD -MP  -DPREFIX=\"/usr/local\" -Wall -Wno-nonportable-include-path -g -O2 -fPIC -std=c++2a -g -O2   -iquote . -I.. -iquote ../fesvr -iquote ../riscv -iquote ../disasm -iquote ../customext -iquote ../fdt -iquote ../softfloat -iquote ../spike_main -iquote ../spike_dasm -I/usr/include  -fPIC -I../fdt -c wzip8p.cc -o wzip8p.o -MF wzip8p.d
g++ -MMD -MP  -DPREFIX=\"/usr/local\" -Wall -Wno-nonportable-include-path -g -O2 -fPIC -std=c++2a -g -O2   -iquote . -I.. -iquote ../fesvr -iquote ../riscv -iquote ../disasm -iquote ../customext -iquote ../fdt -iquote ../softfloat -iquote ../spike_main -iquote ../spike_dasm -I/usr/include  -fPIC -I../fdt -c wzip16p.cc -o wzip16p.o -MF wzip16p.d
g++ -MMD -MP  -DPREFIX=\"/usr/local\" -Wall -Wno-nonportable-include-path -g -O2 -fPIC -std=c++2a -g -O2   -iquote . -I.. -iquote ../fesvr -iquote ../riscv -iquote ../disasm -iquote ../customext -iquote ../fdt -iquote ../softfloat -iquote ../spike_main -iquote ../spike_dasm -I/usr/include  -fPIC -I../fdt -c pnsrli_b.cc -o pnsrli_b.o -MF pnsrli_b.d
g++ -MMD -MP  -DPREFIX=\"/usr/local\" -Wall -Wno-nonportable-include-path -g -O2 -fPIC -std=c++2a -g -O2   -iquote . -I.. -iquote ../fesvr -iquote ../riscv -iquote ../disasm -iquote ../customext -iquote ../fdt -iquote ../softfloat -iquote ../spike_main -iquote ../spike_dasm -I/usr/include  -fPIC -I../fdt -c pnsrli_h.cc -o pnsrli_h.o -MF pnsrli_h.d
g++ -MMD -MP  -DPREFIX=\"/usr/local\" -Wall -Wno-nonportable-include-path -g -O2 -fPIC -std=c++2a -g -O2   -iquote . -I.. -iquote ../fesvr -iquote ../riscv -iquote ../disasm -iquote ../customext -iquote ../fdt -iquote ../softfloat -iquote ../spike_main -iquote ../spike_dasm -I/usr/include  -fPIC -I../fdt -c nsrli.cc -o nsrli.o -MF nsrli.d
g++ -MMD -MP  -DPREFIX=\"/usr/local\" -Wall -Wno-nonportable-include-path -g -O2 -fPIC -std=c++2a -g -O2   -iquote . -I.. -iquote ../fesvr -iquote ../riscv -iquote ../disasm -iquote ../customext -iquote ../fdt -iquote ../softfloat -iquote ../spike_main -iquote ../spike_dasm -I/usr/include  -fPIC -I../fdt -c pnsrl_bs.cc -o pnsrl_bs.o -MF pnsrl_bs.d
g++ -MMD -MP  -DPREFIX=\"/usr/local\" -Wall -Wno-nonportable-include-path -g -O2 -fPIC -std=c++2a -g -O2   -iquote . -I.. -iquote ../fesvr -iquote ../riscv -iquote ../disasm -iquote ../customext -iquote ../fdt -iquote ../softfloat -iquote ../spike_main -iquote ../spike_dasm -I/usr/include  -fPIC -I../fdt -c pnsrl_hs.cc -o pnsrl_hs.o -MF pnsrl_hs.d
g++ -MMD -MP  -DPREFIX=\"/usr/local\" -Wall -Wno-nonportable-include-path -g -O2 -fPIC -std=c++2a -g -O2   -iquote . -I.. -iquote ../fesvr -iquote ../riscv -iquote ../disasm -iquote ../customext -iquote ../fdt -iquote ../softfloat -iquote ../spike_main -iquote ../spike_dasm -I/usr/include  -fPIC -I../fdt -c nsrl.cc -o nsrl.o -MF nsrl.d
g++ -MMD -MP  -DPREFIX=\"/usr/local\" -Wall -Wno-nonportable-include-path -g -O2 -fPIC -std=c++2a -g -O2   -iquote . -I.. -iquote ../fesvr -iquote ../riscv -iquote ../disasm -iquote ../customext -iquote ../fdt -iquote ../softfloat -iquote ../spike_main -iquote ../spike_dasm -I/usr/include  -fPIC -I../fdt -c pnsrai_b.cc -o pnsrai_b.o -MF pnsrai_b.d
g++ -MMD -MP  -DPREFIX=\"/usr/local\" -Wall -Wno-nonportable-include-path -g -O2 -fPIC -std=c++2a -g -O2   -iquote . -I.. -iquote ../fesvr -iquote ../riscv -iquote ../disasm -iquote ../customext -iquote ../fdt -iquote ../softfloat -iquote ../spike_main -iquote ../spike_dasm -I/usr/include  -fPIC -I../fdt -c pnsrai_h.cc -o pnsrai_h.o -MF pnsrai_h.d
g++ -MMD -MP  -DPREFIX=\"/usr/local\" -Wall -Wno-nonportable-include-path -g -O2 -fPIC -std=c++2a -g -O2   -iquote . -I.. -iquote ../fesvr -iquote ../riscv -iquote ../disasm -iquote ../customext -iquote ../fdt -iquote ../softfloat -iquote ../spike_main -iquote ../spike_dasm -I/usr/include  -fPIC -I../fdt -c nsrai.cc -o nsrai.o -MF nsrai.d
g++ -MMD -MP  -DPREFIX=\"/usr/local\" -Wall -Wno-nonportable-include-path -g -O2 -fPIC -std=c++2a -g -O2   -iquote . -I.. -iquote ../fesvr -iquote ../riscv -iquote ../disasm -iquote ../customext -iquote ../fdt -iquote ../softfloat -iquote ../spike_main -iquote ../spike_dasm -I/usr/include  -fPIC -I../fdt -c pnsra_bs.cc -o pnsra_bs.o -MF pnsra_bs.d
g++ -MMD -MP  -DPREFIX=\"/usr/local\" -Wall -Wno-nonportable-include-path -g -O2 -fPIC -std=c++2a -g -O2   -iquote . -I.. -iquote ../fesvr -iquote ../riscv -iquote ../disasm -iquote ../customext -iquote ../fdt -iquote ../softfloat -iquote ../spike_main -iquote ../spike_dasm -I/usr/include  -fPIC -I../fdt -c pnsra_hs.cc -o pnsra_hs.o -MF pnsra_hs.d
g++ -MMD -MP  -DPREFIX=\"/usr/local\" -Wall -Wno-nonportable-include-path -g -O2 -fPIC -std=c++2a -g -O2   -iquote . -I.. -iquote ../fesvr -iquote ../riscv -iquote ../disasm -iquote ../customext -iquote ../fdt -iquote ../softfloat -iquote ../spike_main -iquote ../spike_dasm -I/usr/include  -fPIC -I../fdt -c nsra.cc -o nsra.o -MF nsra.d
g++ -MMD -MP  -DPREFIX=\"/usr/local\" -Wall -Wno-nonportable-include-path -g -O2 -fPIC -std=c++2a -g -O2   -iquote . -I.. -iquote ../fesvr -iquote ../riscv -iquote ../disasm -iquote ../customext -iquote ../fdt -iquote ../softfloat -iquote ../spike_main -iquote ../spike_dasm -I/usr/include  -fPIC -I../fdt -c pnsrari_b.cc -o pnsrari_b.o -MF pnsrari_b.d
g++ -MMD -MP  -DPREFIX=\"/usr/local\" -Wall -Wno-nonportable-include-path -g -O2 -fPIC -std=c++2a -g -O2   -iquote . -I.. -iquote ../fesvr -iquote ../riscv -iquote ../disasm -iquote ../customext -iquote ../fdt -iquote ../softfloat -iquote ../spike_main -iquote ../spike_dasm -I/usr/include  -fPIC -I../fdt -c pnsrari_h.cc -o pnsrari_h.o -MF pnsrari_h.d
g++ -MMD -MP  -DPREFIX=\"/usr/local\" -Wall -Wno-nonportable-include-path -g -O2 -fPIC -std=c++2a -g -O2   -iquote . -I.. -iquote ../fesvr -iquote ../riscv -iquote ../disasm -iquote ../customext -iquote ../fdt -iquote ../softfloat -iquote ../spike_main -iquote ../spike_dasm -I/usr/include  -fPIC -I../fdt -c nsrari.cc -o nsrari.o -MF nsrari.d
g++ -MMD -MP  -DPREFIX=\"/usr/local\" -Wall -Wno-nonportable-include-path -g -O2 -fPIC -std=c++2a -g -O2   -iquote . -I.. -iquote ../fesvr -iquote ../riscv -iquote ../disasm -iquote ../customext -iquote ../fdt -iquote ../softfloat -iquote ../spike_main -iquote ../spike_dasm -I/usr/include  -fPIC -I../fdt -c pnsrar_bs.cc -o pnsrar_bs.o -MF pnsrar_bs.d
g++ -MMD -MP  -DPREFIX=\"/usr/local\" -Wall -Wno-nonportable-include-path -g -O2 -fPIC -std=c++2a -g -O2   -iquote . -I.. -iquote ../fesvr -iquote ../riscv -iquote ../disasm -iquote ../customext -iquote ../fdt -iquote ../softfloat -iquote ../spike_main -iquote ../spike_dasm -I/usr/include  -fPIC -I../fdt -c pnsrar_hs.cc -o pnsrar_hs.o -MF pnsrar_hs.d
g++ -MMD -MP  -DPREFIX=\"/usr/local\" -Wall -Wno-nonportable-include-path -g -O2 -fPIC -std=c++2a -g -O2   -iquote . -I.. -iquote ../fesvr -iquote ../riscv -iquote ../disasm -iquote ../customext -iquote ../fdt -iquote ../softfloat -iquote ../spike_main -iquote ../spike_dasm -I/usr/include  -fPIC -I../fdt -c nsrar.cc -o nsrar.o -MF nsrar.d
g++ -MMD -MP  -DPREFIX=\"/usr/local\" -Wall -Wno-nonportable-include-path -g -O2 -fPIC -std=c++2a -g -O2   -iquote . -I.. -iquote ../fesvr -iquote ../riscv -iquote ../disasm -iquote ../customext -iquote ../fdt -iquote ../softfloat -iquote ../spike_main -iquote ../spike_dasm -I/usr/include  -fPIC -I../fdt -c pnclipi_b.cc -o pnclipi_b.o -MF pnclipi_b.d
g++ -MMD -MP  -DPREFIX=\"/usr/local\" -Wall -Wno-nonportable-include-path -g -O2 -fPIC -std=c++2a -g -O2   -iquote . -I.. -iquote ../fesvr -iquote ../riscv -iquote ../disasm -iquote ../customext -iquote ../fdt -iquote ../softfloat -iquote ../spike_main -iquote ../spike_dasm -I/usr/include  -fPIC -I../fdt -c pnclipi_h.cc -o pnclipi_h.o -MF pnclipi_h.d
g++ -MMD -MP  -DPREFIX=\"/usr/local\" -Wall -Wno-nonportable-include-path -g -O2 -fPIC -std=c++2a -g -O2   -iquote . -I.. -iquote ../fesvr -iquote ../riscv -iquote ../disasm -iquote ../customext -iquote ../fdt -iquote ../softfloat -iquote ../spike_main -iquote ../spike_dasm -I/usr/include  -fPIC -I../fdt -c nclipi.cc -o nclipi.o -MF nclipi.d
g++ -MMD -MP  -DPREFIX=\"/usr/local\" -Wall -Wno-nonportable-include-path -g -O2 -fPIC -std=c++2a -g -O2   -iquote . -I.. -iquote ../fesvr -iquote ../riscv -iquote ../disasm -iquote ../customext -iquote ../fdt -iquote ../softfloat -iquote ../spike_main -iquote ../spike_dasm -I/usr/include  -fPIC -I../fdt -c pnclip_bs.cc -o pnclip_bs.o -MF pnclip_bs.d
g++ -MMD -MP  -DPREFIX=\"/usr/local\" -Wall -Wno-nonportable-include-path -g -O2 -fPIC -std=c++2a -g -O2   -iquote . -I.. -iquote ../fesvr -iquote ../riscv -iquote ../disasm -iquote ../customext -iquote ../fdt -iquote ../softfloat -iquote ../spike_main -iquote ../spike_dasm -I/usr/include  -fPIC -I../fdt -c pnclip_hs.cc -o pnclip_hs.o -MF pnclip_hs.d
g++ -MMD -MP  -DPREFIX=\"/usr/local\" -Wall -Wno-nonportable-include-path -g -O2 -fPIC -std=c++2a -g -O2   -iquote . -I.. -iquote ../fesvr -iquote ../riscv -iquote ../disasm -iquote ../customext -iquote ../fdt -iquote ../softfloat -iquote ../spike_main -iquote ../spike_dasm -I/usr/include  -fPIC -I../fdt -c nclip.cc -o nclip.o -MF nclip.d
g++ -MMD -MP  -DPREFIX=\"/usr/local\" -Wall -Wno-nonportable-include-path -g -O2 -fPIC -std=c++2a -g -O2   -iquote . -I.. -iquote ../fesvr -iquote ../riscv -iquote ../disasm -iquote ../customext -iquote ../fdt -iquote ../softfloat -iquote ../spike_main -iquote ../spike_dasm -I/usr/include  -fPIC -I../fdt -c pnclipri_b.cc -o pnclipri_b.o -MF pnclipri_b.d
g++ -MMD -MP  -DPREFIX=\"/usr/local\" -Wall -Wno-nonportable-include-path -g -O2 -fPIC -std=c++2a -g -O2   -iquote . -I.. -iquote ../fesvr -iquote ../riscv -iquote ../disasm -iquote ../customext -iquote ../fdt -iquote ../softfloat -iquote ../spike_main -iquote ../spike_dasm -I/usr/include  -fPIC -I../fdt -c pnclipri_h.cc -o pnclipri_h.o -MF pnclipri_h.d
g++ -MMD -MP  -DPREFIX=\"/usr/local\" -Wall -Wno-nonportable-include-path -g -O2 -fPIC -std=c++2a -g -O2   -iquote . -I.. -iquote ../fesvr -iquote ../riscv -iquote ../disasm -iquote ../customext -iquote ../fdt -iquote ../softfloat -iquote ../spike_main -iquote ../spike_dasm -I/usr/include  -fPIC -I../fdt -c nclipri.cc -o nclipri.o -MF nclipri.d
g++ -MMD -MP  -DPREFIX=\"/usr/local\" -Wall -Wno-nonportable-include-path -g -O2 -fPIC -std=c++2a -g -O2   -iquote . -I.. -iquote ../fesvr -iquote ../riscv -iquote ../disasm -iquote ../customext -iquote ../fdt -iquote ../softfloat -iquote ../spike_main -iquote ../spike_dasm -I/usr/include  -fPIC -I../fdt -c pnclipr_bs.cc -o pnclipr_bs.o -MF pnclipr_bs.d
g++ -MMD -MP  -DPREFIX=\"/usr/local\" -Wall -Wno-nonportable-include-path -g -O2 -fPIC -std=c++2a -g -O2   -iquote . -I.. -iquote ../fesvr -iquote ../riscv -iquote ../disasm -iquote ../customext -iquote ../fdt -iquote ../softfloat -iquote ../spike_main -iquote ../spike_dasm -I/usr/include  -fPIC -I../fdt -c pnclipr_hs.cc -o pnclipr_hs.o -MF pnclipr_hs.d
g++ -MMD -MP  -DPREFIX=\"/usr/local\" -Wall -Wno-nonportable-include-path -g -O2 -fPIC -std=c++2a -g -O2   -iquote . -I.. -iquote ../fesvr -iquote ../riscv -iquote ../disasm -iquote ../customext -iquote ../fdt -iquote ../softfloat -iquote ../spike_main -iquote ../spike_dasm -I/usr/include  -fPIC -I../fdt -c nclipr.cc -o nclipr.o -MF nclipr.d
g++ -MMD -MP  -DPREFIX=\"/usr/local\" -Wall -Wno-nonportable-include-path -g -O2 -fPIC -std=c++2a -g -O2   -iquote . -I.. -iquote ../fesvr -iquote ../riscv -iquote ../disasm -iquote ../customext -iquote ../fdt -iquote ../softfloat -iquote ../spike_main -iquote ../spike_dasm -I/usr/include  -fPIC -I../fdt -c pnclipiu_b.cc -o pnclipiu_b.o -MF pnclipiu_b.d
g++ -MMD -MP  -DPREFIX=\"/usr/local\" -Wall -Wno-nonportable-include-path -g -O2 -fPIC -std=c++2a -g -O2   -iquote . -I.. -iquote ../fesvr -iquote ../riscv -iquote ../disasm -iquote ../customext -iquote ../fdt -iquote ../softfloat -iquote ../spike_main -iquote ../spike_dasm -I/usr/include  -fPIC -I../fdt -c pnclipiu_h.cc -o pnclipiu_h.o -MF pnclipiu_h.d
g++ -MMD -MP  -DPREFIX=\"/usr/local\" -Wall -Wno-nonportable-include-path -g -O2 -fPIC -std=c++2a -g -O2   -iquote . -I.. -iquote ../fesvr -iquote ../riscv -iquote ../disasm -iquote ../customext -iquote ../fdt -iquote ../softfloat -iquote ../spike_main -iquote ../spike_dasm -I/usr/include  -fPIC -I../fdt -c nclipiu.cc -o nclipiu.o -MF nclipiu.d
g++ -MMD -MP  -DPREFIX=\"/usr/local\" -Wall -Wno-nonportable-include-path -g -O2 -fPIC -std=c++2a -g -O2   -iquote . -I.. -iquote ../fesvr -iquote ../riscv -iquote ../disasm -iquote ../customext -iquote ../fdt -iquote ../softfloat -iquote ../spike_main -iquote ../spike_dasm -I/usr/include  -fPIC -I../fdt -c pnclipu_bs.cc -o pnclipu_bs.o -MF pnclipu_bs.d
g++ -MMD -MP  -DPREFIX=\"/usr/local\" -Wall -Wno-nonportable-include-path -g -O2 -fPIC -std=c++2a -g -O2   -iquote . -I.. -iquote ../fesvr -iquote ../riscv -iquote ../disasm -iquote ../customext -iquote ../fdt -iquote ../softfloat -iquote ../spike_main -iquote ../spike_dasm -I/usr/include  -fPIC -I../fdt -c pnclipu_hs.cc -o pnclipu_hs.o -MF pnclipu_hs.d
g++ -MMD -MP  -DPREFIX=\"/usr/local\" -Wall -Wno-nonportable-include-path -g -O2 -fPIC -std=c++2a -g -O2   -iquote . -I.. -iquote ../fesvr -iquote ../riscv -iquote ../disasm -iquote ../customext -iquote ../fdt -iquote ../softfloat -iquote ../spike_main -iquote ../spike_dasm -I/usr/include  -fPIC -I../fdt -c nclipu.cc -o nclipu.o -MF nclipu.d
g++ -MMD -MP  -DPREFIX=\"/usr/local\" -Wall -Wno-nonportable-include-path -g -O2 -fPIC -std=c++2a -g -O2   -iquote . -I.. -iquote ../fesvr -iquote ../riscv -iquote ../disasm -iquote ../customext -iquote ../fdt -iquote ../softfloat -iquote ../spike_main -iquote ../spike_dasm -I/usr/include  -fPIC -I../fdt -c pnclipriu_b.cc -o pnclipriu_b.o -MF pnclipriu_b.d
g++ -MMD -MP  -DPREFIX=\"/usr/local\" -Wall -Wno-nonportable-include-path -g -O2 -fPIC -std=c++2a -g -O2   -iquote . -I.. -iquote ../fesvr -iquote ../riscv -iquote ../disasm -iquote ../customext -iquote ../fdt -iquote ../softfloat -iquote ../spike_main -iquote ../spike_dasm -I/usr/include  -fPIC -I../fdt -c pnclipriu_h.cc -o pnclipriu_h.o -MF pnclipriu_h.d
g++ -MMD -MP  -DPREFIX=\"/usr/local\" -Wall -Wno-nonportable-include-path -g -O2 -fPIC -std=c++2a -g -O2   -iquote . -I.. -iquote ../fesvr -iquote ../riscv -iquote ../disasm -iquote ../customext -iquote ../fdt -iquote ../softfloat -iquote ../spike_main -iquote ../spike_dasm -I/usr/include  -fPIC -I../fdt -c nclipriu.cc -o nclipriu.o -MF nclipriu.d
g++ -MMD -MP  -DPREFIX=\"/usr/local\" -Wall -Wno-nonportable-include-path -g -O2 -fPIC -std=c++2a -g -O2   -iquote . -I.. -iquote ../fesvr -iquote ../riscv -iquote ../disasm -iquote ../customext -iquote ../fdt -iquote ../softfloat -iquote ../spike_main -iquote ../spike_dasm -I/usr/include  -fPIC -I../fdt -c pnclipru_bs.cc -o pnclipru_bs.o -MF pnclipru_bs.d
g++ -MMD -MP  -DPREFIX=\"/usr/local\" -Wall -Wno-nonportable-include-path -g -O2 -fPIC -std=c++2a -g -O2   -iquote . -I.. -iquote ../fesvr -iquote ../riscv -iquote ../disasm -iquote ../customext -iquote ../fdt -iquote ../softfloat -iquote ../spike_main -iquote ../spike_dasm -I/usr/include  -fPIC -I../fdt -c pnclipru_hs.cc -o pnclipru_hs.o -MF pnclipru_hs.d
g++ -MMD -MP  -DPREFIX=\"/usr/local\" -Wall -Wno-nonportable-include-path -g -O2 -fPIC -std=c++2a -g -O2   -iquote . -I.. -iquote ../fesvr -iquote ../riscv -iquote ../disasm -iquote ../customext -iquote ../fdt -iquote ../softfloat -iquote ../spike_main -iquote ../spike_dasm -I/usr/include  -fPIC -I../fdt -c nclipru.cc -o nclipru.o -MF nclipru.d
g++ -MMD -MP  -DPREFIX=\"/usr/local\" -Wall -Wno-nonportable-include-path -g -O2 -fPIC -std=c++2a -g -O2   -iquote . -I.. -iquote ../fesvr -iquote ../riscv -iquote ../disasm -iquote ../customext -iquote ../fdt -iquote ../softfloat -iquote ../spike_main -iquote ../spike_dasm -I/usr/include  -fPIC -I../fdt -c pwmul_b.cc -o pwmul_b.o -MF pwmul_b.d
g++ -MMD -MP  -DPREFIX=\"/usr/local\" -Wall -Wno-nonportable-include-path -g -O2 -fPIC -std=c++2a -g -O2   -iquote . -I.. -iquote ../fesvr -iquote ../riscv -iquote ../disasm -iquote ../customext -iquote ../fdt -iquote ../softfloat -iquote ../spike_main -iquote ../spike_dasm -I/usr/include  -fPIC -I../fdt -c pwmul_h.cc -o pwmul_h.o -MF pwmul_h.d
g++ -MMD -MP  -DPREFIX=\"/usr/local\" -Wall -Wno-nonportable-include-path -g -O2 -fPIC -std=c++2a -g -O2   -iquote . -I.. -iquote ../fesvr -iquote ../riscv -iquote ../disasm -iquote ../customext -iquote ../fdt -iquote ../softfloat -iquote ../spike_main -iquote ../spike_dasm -I/usr/include  -fPIC -I../fdt -c wmul.cc -o wmul.o -MF wmul.d
g++ -MMD -MP  -DPREFIX=\"/usr/local\" -Wall -Wno-nonportable-include-path -g -O2 -fPIC -std=c++2a -g -O2   -iquote . -I.. -iquote ../fesvr -iquote ../riscv -iquote ../disasm -iquote ../customext -iquote ../fdt -iquote ../softfloat -iquote ../spike_main -iquote ../spike_dasm -I/usr/include  -fPIC -I../fdt -c pwmulsu_b.cc -o pwmulsu_b.o -MF pwmulsu_b.d
g++ -MMD -MP  -DPREFIX=\"/usr/local\" -Wall -Wno-nonportable-include-path -g -O2 -fPIC -std=c++2a -g -O2   -iquote . -I.. -iquote ../fesvr -iquote ../riscv -iquote ../disasm -iquote ../customext -iquote ../fdt -iquote ../softfloat -iquote ../spike_main -iquote ../spike_dasm -I/usr/include  -fPIC -I../fdt -c pwmulsu_h.cc -o pwmulsu_h.o -MF pwmulsu_h.d
g++ -MMD -MP  -DPREFIX=\"/usr/local\" -Wall -Wno-nonportable-include-path -g -O2 -fPIC -std=c++2a -g -O2   -iquote . -I.. -iquote ../fesvr -iquote ../riscv -iquote ../disasm -iquote ../customext -iquote ../fdt -iquote ../softfloat -iquote ../spike_main -iquote ../spike_dasm -I/usr/include  -fPIC -I../fdt -c wmulsu.cc -o wmulsu.o -MF wmulsu.d
g++ -MMD -MP  -DPREFIX=\"/usr/local\" -Wall -Wno-nonportable-include-path -g -O2 -fPIC -std=c++2a -g -O2   -iquote . -I.. -iquote ../fesvr -iquote ../riscv -iquote ../disasm -iquote ../customext -iquote ../fdt -iquote ../softfloat -iquote ../spike_main -iquote ../spike_dasm -I/usr/include  -fPIC -I../fdt -c pwmulu_b.cc -o pwmulu_b.o -MF pwmulu_b.d
g++ -MMD -MP  -DPREFIX=\"/usr/local\" -Wall -Wno-nonportable-include-path -g -O2 -fPIC -std=c++2a -g -O2   -iquote . -I.. -iquote ../fesvr -iquote ../riscv -iquote ../disasm -iquote ../customext -iquote ../fdt -iquote ../softfloat -iquote ../spike_main -iquote ../spike_dasm -I/usr/include  -fPIC -I../fdt -c pwmulu_h.cc -o pwmulu_h.o -MF pwmulu_h.d
g++ -MMD -MP  -DPREFIX=\"/usr/local\" -Wall -Wno-nonportable-include-path -g -O2 -fPIC -std=c++2a -g -O2   -iquote . -I.. -iquote ../fesvr -iquote ../riscv -iquote ../disasm -iquote ../customext -iquote ../fdt -iquote ../softfloat -iquote ../spike_main -iquote ../spike_dasm -I/usr/include  -fPIC -I../fdt -c wmulu.cc -o wmulu.o -MF wmulu.d
g++ -MMD -MP  -DPREFIX=\"/usr/local\" -Wall -Wno-nonportable-include-path -g -O2 -fPIC -std=c++2a -g -O2   -iquote . -I.. -iquote ../fesvr -iquote ../riscv -iquote ../disasm -iquote ../customext -iquote ../fdt -iquote ../softfloat -iquote ../spike_main -iquote ../spike_dasm -I/usr/include  -fPIC -I../fdt -c pmqwacc_h.cc -o pmqwacc_h.o -MF pmqwacc_h.d
g++ -MMD -MP  -DPREFIX=\"/usr/local\" -Wall -Wno-nonportable-include-path -g -O2 -fPIC -std=c++2a -g -O2   -iquote . -I.. -iquote ../fesvr -iquote ../riscv -iquote ../disasm -iquote ../customext -iquote ../fdt -iquote ../softfloat -iquote ../spike_main -iquote ../spike_dasm -I/usr/include  -fPIC -I../fdt -c mqwacc.cc -o mqwacc.o -MF mqwacc.d
g++ -MMD -MP  -DPREFIX=\"/usr/local\" -Wall -Wno-nonportable-include-path -g -O2 -fPIC -std=c++2a -g -O2   -iquote . -I.. -iquote ../fesvr -iquote ../riscv -iquote ../disasm -iquote ../customext -iquote ../fdt -iquote ../softfloat -iquote ../spike_main -iquote ../spike_dasm -I/usr/include  -fPIC -I../fdt -c pmqrwacc_h.cc -o pmqrwacc_h.o -MF pmqrwacc_h.d
g++ -MMD -MP  -DPREFIX=\"/usr/local\" -Wall -Wno-nonportable-include-path -g -O2 -fPIC -std=c++2a -g -O2   -iquote . -I.. -iquote ../fesvr -iquote ../riscv -iquote ../disasm -iquote ../customext -iquote ../fdt -iquote ../softfloat -iquote ../spike_main -iquote ../spike_dasm -I/usr/include  -fPIC -I../fdt -c mqrwacc.cc -o mqrwacc.o -MF mqrwacc.d
g++ -MMD -MP  -DPREFIX=\"/usr/local\" -Wall -Wno-nonportable-include-path -g -O2 -fPIC -std=c++2a -g -O2   -iquote . -I.. -iquote ../fesvr -iquote ../riscv -iquote ../disasm -iquote ../customext -iquote ../fdt -iquote ../softfloat -iquote ../spike_main -iquote ../spike_dasm -I/usr/include  -fPIC -I../fdt -c pwmacc_h.cc -o pwmacc_h.o -MF pwmacc_h.d
g++ -MMD -MP  -DPREFIX=\"/usr/local\" -Wall -Wno-nonportable-include-path -g -O2 -fPIC -std=c++2a -g -O2   -iquote . -I.. -iquote ../fesvr -iquote ../riscv -iquote ../disasm -iquote ../customext -iquote ../fdt -iquote ../softfloat -iquote ../spike_main -iquote ../spike_dasm -I/usr/include  -fPIC -I../fdt -c wmacc.cc -o wmacc.o -MF wmacc.d
g++ -MMD -MP  -DPREFIX=\"/usr/local\" -Wall -Wno-nonportable-include-path -g -O2 -fPIC -std=c++2a -g -O2   -iquote . -I.. -iquote ../fesvr -iquote ../riscv -iquote ../disasm -iquote ../customext -iquote ../fdt -iquote ../softfloat -iquote ../spike_main -iquote ../spike_dasm -I/usr/include  -fPIC -I../fdt -c pwmaccsu_h.cc -o pwmaccsu_h.o -MF pwmaccsu_h.d
g++ -MMD -MP  -DPREFIX=\"/usr/local\" -Wall -Wno-nonportable-include-path -g -O2 -fPIC -std=c++2a -g -O2   -iquote . -I.. -iquote ../fesvr -iquote ../riscv -iquote ../disasm -iquote ../customext -iquote ../fdt -iquote ../softfloat -iquote ../spike_main -iquote ../spike_dasm -I/usr/include  -fPIC -I../fdt -c wmaccsu.cc -o wmaccsu.o -MF wmaccsu.d
g++ -MMD -MP  -DPREFIX=\"/usr/local\" -Wall -Wno-nonportable-include-path -g -O2 -fPIC -std=c++2a -g -O2   -iquote . -I.. -iquote ../fesvr -iquote ../riscv -iquote ../disasm -iquote ../customext -iquote ../fdt -iquote ../softfloat -iquote ../spike_main -iquote ../spike_dasm -I/usr/include  -fPIC -I../fdt -c pwmaccu_h.cc -o pwmaccu_h.o -MF pwmaccu_h.d
g++ -MMD -MP  -DPREFIX=\"/usr/local\" -Wall -Wno-nonportable-include-path -g -O2 -fPIC -std=c++2a -g -O2   -iquote . -I.. -iquote ../fesvr -iquote ../riscv -iquote ../disasm -iquote ../customext -iquote ../fdt -iquote ../softfloat -iquote ../spike_main -iquote ../spike_dasm -I/usr/include  -fPIC -I../fdt -c wmaccu.cc -o wmaccu.o -MF wmaccu.d
g++ -MMD -MP  -DPREFIX=\"/usr/local\" -Wall -Wno-nonportable-include-path -g -O2 -fPIC -std=c++2a -g -O2   -iquote . -I.. -iquote ../fesvr -iquote ../riscv -iquote ../disasm -iquote ../customext -iquote ../fdt -iquote ../softfloat -iquote ../spike_main -iquote ../spike_dasm -I/usr/include  -fPIC -I../fdt -c pm2wadd_h.cc -o pm2wadd_h.o -MF pm2wadd_h.d
g++ -MMD -MP  -DPREFIX=\"/usr/local\" -Wall -Wno-nonportable-include-path -g -O2 -fPIC -std=c++2a -g -O2   -iquote . -I.. -iquote ../fesvr -iquote ../riscv -iquote ../disasm -iquote ../customext -iquote ../fdt -iquote ../softfloat -iquote ../spike_main -iquote ../spike_dasm -I/usr/include  -fPIC -I../fdt -c pm2wadda_h.cc -o pm2wadda_h.o -MF pm2wadda_h.d
g++ -MMD -MP  -DPREFIX=\"/usr/local\" -Wall -Wno-nonportable-include-path -g -O2 -fPIC -std=c++2a -g -O2   -iquote . -I.. -iquote ../fesvr -iquote ../riscv -iquote ../disasm -iquote ../customext -iquote ../fdt -iquote ../softfloat -iquote ../spike_main -iquote ../spike_dasm -I/usr/include  -fPIC -I../fdt -c pm2waddsu_h.cc -o pm2waddsu_h.o -MF pm2waddsu_h.d
g++ -MMD -MP  -DPREFIX=\"/usr/local\" -Wall -Wno-nonportable-include-path -g -O2 -fPIC -std=c++2a -g -O2   -iquote . -I.. -iquote ../fesvr -iquote ../riscv -iquote ../disasm -iquote ../customext -iquote ../fdt -iquote ../softfloat -iquote ../spike_main -iquote ../spike_dasm -I/usr/include  -fPIC -I../fdt -c pm2waddasu_h.cc -o pm2waddasu_h.o -MF pm2waddasu_h.d
g++ -MMD -MP  -DPREFIX=\"/usr/local\" -Wall -Wno-nonportable-include-path -g -O2 -fPIC -std=c++2a -g -O2   -iquote . -I.. -iquote ../fesvr -iquote ../riscv -iquote ../disasm -iquote ../customext -iquote ../fdt -iquote ../softfloat -iquote ../spike_main -iquote ../spike_dasm -I/usr/include  -fPIC -I../fdt -c pm2waddu_h.cc -o pm2waddu_h.o -MF pm2waddu_h.d
g++ -MMD -MP  -DPREFIX=\"/usr/local\" -Wall -Wno-nonportable-include-path -g -O2 -fPIC -std=c++2a -g -O2   -iquote . -I.. -iquote ../fesvr -iquote ../riscv -iquote ../disasm -iquote ../customext -iquote ../fdt -iquote ../softfloat -iquote ../spike_main -iquote ../spike_dasm -I/usr/include  -fPIC -I../fdt -c pm2waddau_h.cc -o pm2waddau_h.o -MF pm2waddau_h.d
g++ -MMD -MP  -DPREFIX=\"/usr/local\" -Wall -Wno-nonportable-include-path -g -O2 -fPIC -std=c++2a -g -O2   -iquote . -I.. -iquote ../fesvr -iquote ../riscv -iquote ../disasm -iquote ../customext -iquote ../fdt -iquote ../softfloat -iquote ../spike_main -iquote ../spike_dasm -I/usr/include  -fPIC -I../fdt -c pm2wadd_hx.cc -o pm2wadd_hx.o -MF pm2wadd_hx.d
g++ -MMD -MP  -DPREFIX=\"/usr/local\" -Wall -Wno-nonportable-include-path -g -O2 -fPIC -std=c++2a -g -O2   -iquote . -I.. -iquote ../fesvr -iquote ../riscv -iquote ../disasm -iquote ../customext -iquote ../fdt -iquote ../softfloat -iquote ../spike_main -iquote ../spike_dasm -I/usr/include  -fPIC -I../fdt -c pm2wadda_hx.cc -o pm2wadda_hx.o -MF pm2wadda_hx.d
g++ -MMD -MP  -DPREFIX=\"/usr/local\" -Wall -Wno-nonportable-include-path -g -O2 -fPIC -std=c++2a -g -O2   -iquote . -I.. -iquote ../fesvr -iquote ../riscv -iquote ../disasm -iquote ../customext -iquote ../fdt -iquote ../softfloat -iquote ../spike_main -iquote ../spike_dasm -I/usr/include  -fPIC -I../fdt -c pm2wsub_h.cc -o pm2wsub_h.o -MF pm2wsub_h.d
g++ -MMD -MP  -DPREFIX=\"/usr/local\" -Wall -Wno-nonportable-include-path -g -O2 -fPIC -std=c++2a -g -O2   -iquote . -I.. -iquote ../fesvr -iquote ../riscv -iquote ../disasm -iquote ../customext -iquote ../fdt -iquote ../softfloat -iquote ../spike_main -iquote ../spike_dasm -I/usr/include  -fPIC -I../fdt -c pm2wsuba_h.cc -o pm2wsuba_h.o -MF pm2wsuba_h.d
g++ -MMD -MP  -DPREFIX=\"/usr/local\" -Wall -Wno-nonportable-include-path -g -O2 -fPIC -std=c++2a -g -O2   -iquote . -I.. -iquote ../fesvr -iquote ../riscv -iquote ../disasm -iquote ../customext -iquote ../fdt -iquote ../softfloat -iquote ../spike_main -iquote ../spike_dasm -I/usr/include  -fPIC -I../fdt -c pm2wsub_hx.cc -o pm2wsub_hx.o -MF pm2wsub_hx.d
g++ -MMD -MP  -DPREFIX=\"/usr/local\" -Wall -Wno-nonportable-include-path -g -O2 -fPIC -std=c++2a -g -O2   -iquote . -I.. -iquote ../fesvr -iquote ../riscv -iquote ../disasm -iquote ../customext -iquote ../fdt -iquote ../softfloat -iquote ../spike_main -iquote ../spike_dasm -I/usr/include  -fPIC -I../fdt -c pm2wsuba_hx.cc -o pm2wsuba_hx.o -MF pm2wsuba_hx.d
g++ -MMD -MP  -DPREFIX=\"/usr/local\" -Wall -Wno-nonportable-include-path -g -O2 -fPIC -std=c++2a -g -O2   -iquote . -I.. -iquote ../fesvr -iquote ../riscv -iquote ../disasm -iquote ../customext -iquote ../fdt -iquote ../softfloat -iquote ../spike_main -iquote ../spike_dasm -I/usr/include  -fPIC -I../fdt -c pli_w.cc -o pli_w.o -MF pli_w.d
g++ -MMD -MP  -DPREFIX=\"/usr/local\" -Wall -Wno-nonportable-include-path -g -O2 -fPIC -std=c++2a -g -O2   -iquote . -I.. -iquote ../fesvr -iquote ../riscv -iquote ../disasm -iquote ../customext -iquote ../fdt -iquote ../softfloat -iquote ../spike_main -iquote ../spike_dasm -I/usr/include  -fPIC -I../fdt -c plui_w.cc -o plui_w.o -MF plui_w.d
g++ -MMD -MP  -DPREFIX=\"/usr/local\" -Wall -Wno-nonportable-include-path -g -O2 -fPIC -std=c++2a -g -O2   -iquote . -I.. -iquote ../fesvr -iquote ../riscv -iquote ../disasm -iquote ../customext -iquote ../fdt -iquote ../softfloat -iquote ../spike_main -iquote ../spike_dasm -I/usr/include  -fPIC -I../fdt -c paadd_w.cc -o paadd_w.o -MF paadd_w.d
g++ -MMD -MP  -DPREFIX=\"/usr/local\" -Wall -Wno-nonportable-include-path -g -O2 -fPIC -std=c++2a -g -O2   -iquote . -I.. -iquote ../fesvr -iquote ../riscv -iquote ../disasm -iquote ../customext -iquote ../fdt -iquote ../softfloat -iquote ../spike_main -iquote ../spike_dasm -I/usr/include  -fPIC -I../fdt -c paaddu_w.cc -o paaddu_w.o -MF paaddu_w.d
g++ -MMD -MP  -DPREFIX=\"/usr/local\" -Wall -Wno-nonportable-include-path -g -O2 -fPIC -std=c++2a -g -O2   -iquote . -I.. -iquote ../fesvr -iquote ../riscv -iquote ../disasm -iquote ../customext -iquote ../fdt -iquote ../softfloat -iquote ../spike_main -iquote ../spike_dasm -I/usr/include  -fPIC -I../fdt -c padd_w.cc -o padd_w.o -MF padd_w.d
g++ -MMD -MP  -DPREFIX=\"/usr/local\" -Wall -Wno-nonportable-include-path -g -O2 -fPIC -std=c++2a -g -O2   -iquote . -I.. -iquote ../fesvr -iquote ../riscv -iquote ../disasm -iquote ../customext -iquote ../fdt -iquote ../softfloat -iquote ../spike_main -iquote ../spike_dasm -I/usr/include  -fPIC -I../fdt -c padd_ws.cc -o padd_ws.o -MF padd_ws.d
g++ -MMD -MP  -DPREFIX=\"/usr/local\" -Wall -Wno-nonportable-include-path -g -O2 -fPIC -std=c++2a -g -O2   -iquote . -I.. -iquote ../fesvr -iquote ../riscv -iquote ../disasm -iquote ../customext -iquote ../fdt -iquote ../softfloat -iquote ../spike_main -iquote ../spike_dasm -I/usr/include  -fPIC -I../fdt -c pasub_w.cc -o pasub_w.o -MF pasub_w.d
g++ -MMD -MP  -DPREFIX=\"/usr/local\" -Wall -Wno-nonportable-include-path -g -O2 -fPIC -std=c++2a -g -O2   -iquote . -I.. -iquote ../fesvr -iquote ../riscv -iquote ../disasm -iquote ../customext -iquote ../fdt -iquote ../softfloat -iquote ../spike_main -iquote ../spike_dasm -I/usr/include  -fPIC -I../fdt -c pasubu_w.cc -o pasubu_w.o -MF pasubu_w.d
g++ -MMD -MP  -DPREFIX=\"/usr/local\" -Wall -Wno-nonportable-include-path -g -O2 -fPIC -std=c++2a -g -O2   -iquote . -I.. -iquote ../fesvr -iquote ../riscv -iquote ../disasm -iquote ../customext -iquote ../fdt -iquote ../softfloat -iquote ../spike_main -iquote ../spike_dasm -I/usr/include  -fPIC -I../fdt -c psadd_w.cc -o psadd_w.o -MF psadd_w.d
g++ -MMD -MP  -DPREFIX=\"/usr/local\" -Wall -Wno-nonportable-include-path -g -O2 -fPIC -std=c++2a -g -O2   -iquote . -I.. -iquote ../fesvr -iquote ../riscv -iquote ../disasm -iquote ../customext -iquote ../fdt -iquote ../softfloat -iquote ../spike_main -iquote ../spike_dasm -I/usr/include  -fPIC -I../fdt -c psaddu_w.cc -o psaddu_w.o -MF psaddu_w.d
g++ -MMD -MP  -DPREFIX=\"/usr/local\" -Wall -Wno-nonportable-include-path -g -O2 -fPIC -std=c++2a -g -O2   -iquote . -I.. -iquote ../fesvr -iquote ../riscv -iquote ../disasm -iquote ../customext -iquote ../fdt -iquote ../softfloat -iquote ../spike_main -iquote ../spike_dasm -I/usr/include  -fPIC -I../fdt -c psh1add_w.cc -o psh1add_w.o -MF psh1add_w.d
g++ -MMD -MP  -DPREFIX=\"/usr/local\" -Wall -Wno-nonportable-include-path -g -O2 -fPIC -std=c++2a -g -O2   -iquote . -I.. -iquote ../fesvr -iquote ../riscv -iquote ../disasm -iquote ../customext -iquote ../fdt -iquote ../softfloat -iquote ../spike_main -iquote ../spike_dasm -I/usr/include  -fPIC -I../fdt -c pssh1sadd_w.cc -o pssh1sadd_w.o -MF pssh1sadd_w.d
g++ -MMD -MP  -DPREFIX=\"/usr/local\" -Wall -Wno-nonportable-include-path -g -O2 -fPIC -std=c++2a -g -O2   -iquote . -I.. -iquote ../fesvr -iquote ../riscv -iquote ../disasm -iquote ../customext -iquote ../fdt -iquote ../softfloat -iquote ../spike_main -iquote ../spike_dasm -I/usr/include  -fPIC -I../fdt -c pssub_w.cc -o pssub_w.o -MF pssub_w.d
g++ -MMD -MP  -DPREFIX=\"/usr/local\" -Wall -Wno-nonportable-include-path -g -O2 -fPIC -std=c++2a -g -O2   -iquote . -I.. -iquote ../fesvr -iquote ../riscv -iquote ../disasm -iquote ../customext -iquote ../fdt -iquote ../softfloat -iquote ../spike_main -iquote ../spike_dasm -I/usr/include  -fPIC -I../fdt -c pssubu_w.cc -o pssubu_w.o -MF pssubu_w.d
g++ -MMD -MP  -DPREFIX=\"/usr/local\" -Wall -Wno-nonportable-include-path -g -O2 -fPIC -std=c++2a -g -O2   -iquote . -I.. -iquote ../fesvr -iquote ../riscv -iquote ../disasm -iquote ../customext -iquote ../fdt -iquote ../softfloat -iquote ../spike_main -iquote ../spike_dasm -I/usr/include  -fPIC -I../fdt -c psub_w.cc -o psub_w.o -MF psub_w.d
g++ -MMD -MP  -DPREFIX=\"/usr/local\" -Wall -Wno-nonportable-include-path -g -O2 -fPIC -std=c++2a -g -O2   -iquote . -I.. -iquote ../fesvr -iquote ../riscv -iquote ../disasm -iquote ../customext -iquote ../fdt -iquote ../softfloat -iquote ../spike_main -iquote ../spike_dasm -I/usr/include  -fPIC -I../fdt -c paas_wx.cc -o paas_wx.o -MF paas_wx.d
g++ -MMD -MP  -DPREFIX=\"/usr/local\" -Wall -Wno-nonportable-include-path -g -O2 -fPIC -std=c++2a -g -O2   -iquote . -I.. -iquote ../fesvr -iquote ../riscv -iquote ../disasm -iquote ../customext -iquote ../fdt -iquote ../softfloat -iquote ../spike_main -iquote ../spike_dasm -I/usr/include  -fPIC -I../fdt -c pas_wx.cc -o pas_wx.o -MF pas_wx.d
g++ -MMD -MP  -DPREFIX=\"/usr/local\" -Wall -Wno-nonportable-include-path -g -O2 -fPIC -std=c++2a -g -O2   -iquote . -I.. -iquote ../fesvr -iquote ../riscv -iquote ../disasm -iquote ../customext -iquote ../fdt -iquote ../softfloat -iquote ../spike_main -iquote ../spike_dasm -I/usr/include  -fPIC -I../fdt -c pasa_wx.cc -o pasa_wx.o -MF pasa_wx.d
g++ -MMD -MP  -DPREFIX=\"/usr/local\" -Wall -Wno-nonportable-include-path -g -O2 -fPIC -std=c++2a -g -O2   -iquote . -I.. -iquote ../fesvr -iquote ../riscv -iquote ../disasm -iquote ../customext -iquote ../fdt -iquote ../softfloat -iquote ../spike_main -iquote ../spike_dasm -I/usr/include  -fPIC -I../fdt -c psa_wx.cc -o psa_wx.o -MF psa_wx.d
g++ -MMD -MP  -DPREFIX=\"/usr/local\" -Wall -Wno-nonportable-include-path -g -O2 -fPIC -std=c++2a -g -O2   -iquote . -I.. -iquote ../fesvr -iquote ../riscv -iquote ../disasm -iquote ../customext -iquote ../fdt -iquote ../softfloat -iquote ../spike_main -iquote ../spike_dasm -I/usr/include  -fPIC -I../fdt -c psas_wx.cc -o psas_wx.o -MF psas_wx.d
g++ -MMD -MP  -DPREFIX=\"/usr/local\" -Wall -Wno-nonportable-include-path -g -O2 -fPIC -std=c++2a -g -O2   -iquote . -I.. -iquote ../fesvr -iquote ../riscv -iquote ../disasm -iquote ../customext -iquote ../fdt -iquote ../softfloat -iquote ../spike_main -iquote ../spike_dasm -I/usr/include  -fPIC -I../fdt -c pssa_wx.cc -o pssa_wx.o -MF pssa_wx.d
g++ -MMD -MP  -DPREFIX=\"/usr/local\" -Wall -Wno-nonportable-include-path -g -O2 -fPIC -std=c++2a -g -O2   -iquote . -I.. -iquote ../fesvr -iquote ../riscv -iquote ../disasm -iquote ../customext -iquote ../fdt -iquote ../softfloat -iquote ../spike_main -iquote ../spike_dasm -I/usr/include  -fPIC -I../fdt -c predsum_ws.cc -o predsum_ws.o -MF predsum_ws.d
g++ -MMD -MP  -DPREFIX=\"/usr/local\" -Wall -Wno-nonportable-include-path -g -O2 -fPIC -std=c++2a -g -O2   -iquote . -I.. -iquote ../fesvr -iquote ../riscv -iquote ../disasm -iquote ../customext -iquote ../fdt -iquote ../softfloat -iquote ../spike_main -iquote ../spike_dasm -I/usr/include  -fPIC -I../fdt -c predsumu_ws.cc -o predsumu_ws.o -MF predsumu_ws.d
g++ -MMD -MP  -DPREFIX=\"/usr/local\" -Wall -Wno-nonportable-include-path -g -O2 -fPIC -std=c++2a -g -O2   -iquote . -I.. -iquote ../fesvr -iquote ../riscv -iquote ../disasm -iquote ../customext -iquote ../fdt -iquote ../softfloat -iquote ../spike_main -iquote ../spike_dasm -I/usr/include  -fPIC -I../fdt -c psati_w.cc -o psati_w.o -MF psati_w.d
g++ -MMD -MP  -DPREFIX=\"/usr/local\" -Wall -Wno-nonportable-include-path -g -O2 -fPIC -std=c++2a -g -O2   -iquote . -I.. -iquote ../fesvr -iquote ../riscv -iquote ../disasm -iquote ../customext -iquote ../fdt -iquote ../softfloat -iquote ../spike_main -iquote ../spike_dasm -I/usr/include  -fPIC -I../fdt -c psext_w_b.cc -o psext_w_b.o -MF psext_w_b.d
g++ -MMD -MP  -DPREFIX=\"/usr/local\" -Wall -Wno-nonportable-include-path -g -O2 -fPIC -std=c++2a -g -O2   -iquote . -I.. -iquote ../fesvr -iquote ../riscv -iquote ../disasm -iquote ../customext -iquote ../fdt -iquote ../softfloat -iquote ../spike_main -iquote ../spike_dasm -I/usr/include  -fPIC -I../fdt -c psext_w_h.cc -o psext_w_h.o -MF psext_w_h.d
g++ -MMD -MP  -DPREFIX=\"/usr/local\" -Wall -Wno-nonportable-include-path -g -O2 -fPIC -std=c++2a -g -O2   -iquote . -I.. -iquote ../fesvr -iquote ../riscv -iquote ../disasm -iquote ../customext -iquote ../fdt -iquote ../softfloat -iquote ../spike_main -iquote ../spike_dasm -I/usr/include  -fPIC -I../fdt -c pusati_w.cc -o pusati_w.o -MF pusati_w.d
g++ -MMD -MP  -DPREFIX=\"/usr/local\" -Wall -Wno-nonportable-include-path -g -O2 -fPIC -std=c++2a -g -O2   -iquote . -I.. -iquote ../fesvr -iquote ../riscv -iquote ../disasm -iquote ../customext -iquote ../fdt -iquote ../softfloat -iquote ../spike_main -iquote ../spike_dasm -I/usr/include  -fPIC -I../fdt -c psll_ws.cc -o psll_ws.o -MF psll_ws.d
g++ -MMD -MP  -DPREFIX=\"/usr/local\" -Wall -Wno-nonportable-include-path -g -O2 -fPIC -std=c++2a -g -O2   -iquote . -I.. -iquote ../fesvr -iquote ../riscv -iquote ../disasm -iquote ../customext -iquote ../fdt -iquote ../softfloat -iquote ../spike_main -iquote ../spike_dasm -I/usr/include  -fPIC -I../fdt -c pslli_w.cc -o pslli_w.o -MF pslli_w.d
g++ -MMD -MP  -DPREFIX=\"/usr/local\" -Wall -Wno-nonportable-include-path -g -O2 -fPIC -std=c++2a -g -O2   -iquote . -I.. -iquote ../fesvr -iquote ../riscv -iquote ../disasm -iquote ../customext -iquote ../fdt -iquote ../softfloat -iquote ../spike_main -iquote ../spike_dasm -I/usr/include  -fPIC -I../fdt -c psra_ws.cc -o psra_ws.o -MF psra_ws.d
g++ -MMD -MP  -DPREFIX=\"/usr/local\" -Wall -Wno-nonportable-include-path -g -O2 -fPIC -std=c++2a -g -O2   -iquote . -I.. -iquote ../fesvr -iquote ../riscv -iquote ../disasm -iquote ../customext -iquote ../fdt -iquote ../softfloat -iquote ../spike_main -iquote ../spike_dasm -I/usr/include  -fPIC -I../fdt -c psrai_w.cc -o psrai_w.o -MF psrai_w.d
g++ -MMD -MP  -DPREFIX=\"/usr/local\" -Wall -Wno-nonportable-include-path -g -O2 -fPIC -std=c++2a -g -O2   -iquote . -I.. -iquote ../fesvr -iquote ../riscv -iquote ../disasm -iquote ../customext -iquote ../fdt -iquote ../softfloat -iquote ../spike_main -iquote ../spike_dasm -I/usr/include  -fPIC -I../fdt -c psrari_w.cc -o psrari_w.o -MF psrari_w.d
g++ -MMD -MP  -DPREFIX=\"/usr/local\" -Wall -Wno-nonportable-include-path -g -O2 -fPIC -std=c++2a -g -O2   -iquote . -I.. -iquote ../fesvr -iquote ../riscv -iquote ../disasm -iquote ../customext -iquote ../fdt -iquote ../softfloat -iquote ../spike_main -iquote ../spike_dasm -I/usr/include  -fPIC -I../fdt -c psrl_ws.cc -o psrl_ws.o -MF psrl_ws.d
g++ -MMD -MP  -DPREFIX=\"/usr/local\" -Wall -Wno-nonportable-include-path -g -O2 -fPIC -std=c++2a -g -O2   -iquote . -I.. -iquote ../fesvr -iquote ../riscv -iquote ../disasm -iquote ../customext -iquote ../fdt -iquote ../softfloat -iquote ../spike_main -iquote ../spike_dasm -I/usr/include  -fPIC -I../fdt -c psrli_w.cc -o psrli_w.o -MF psrli_w.d
g++ -MMD -MP  -DPREFIX=\"/usr/local\" -Wall -Wno-nonportable-include-path -g -O2 -fPIC -std=c++2a -g -O2   -iquote . -I.. -iquote ../fesvr -iquote ../riscv -iquote ../disasm -iquote ../customext -iquote ../fdt -iquote ../softfloat -iquote ../spike_main -iquote ../spike_dasm -I/usr/include  -fPIC -I../fdt -c pssha_ws.cc -o pssha_ws.o -MF pssha_ws.d
g++ -MMD -MP  -DPREFIX=\"/usr/local\" -Wall -Wno-nonportable-include-path -g -O2 -fPIC -std=c++2a -g -O2   -iquote . -I.. -iquote ../fesvr -iquote ../riscv -iquote ../disasm -iquote ../customext -iquote ../fdt -iquote ../softfloat -iquote ../spike_main -iquote ../spike_dasm -I/usr/include  -fPIC -I../fdt -c psshar_ws.cc -o psshar_ws.o -MF psshar_ws.d
g++ -MMD -MP  -DPREFIX=\"/usr/local\" -Wall -Wno-nonportable-include-path -g -O2 -fPIC -std=c++2a -g -O2   -iquote . -I.. -iquote ../fesvr -iquote ../riscv -iquote ../disasm -iquote ../customext -iquote ../fdt -iquote ../softfloat -iquote ../spike_main -iquote ../spike_dasm -I/usr/include  -fPIC -I../fdt -c psslai_w.cc -o psslai_w.o -MF psslai_w.d
g++ -MMD -MP  -DPREFIX=\"/usr/local\" -Wall -Wno-nonportable-include-path -g -O2 -fPIC -std=c++2a -g -O2   -iquote . -I.. -iquote ../fesvr -iquote ../riscv -iquote ../disasm -iquote ../customext -iquote ../fdt -iquote ../softfloat -iquote ../spike_main -iquote ../spike_dasm -I/usr/include  -fPIC -I../fdt -c sha.cc -o sha.o -MF sha.d
g++ -MMD -MP  -DPREFIX=\"/usr/local\" -Wall -Wno-nonportable-include-path -g -O2 -fPIC -std=c++2a -g -O2   -iquote . -I.. -iquote ../fesvr -iquote ../riscv -iquote ../disasm -iquote ../customext -iquote ../fdt -iquote ../softfloat -iquote ../spike_main -iquote ../spike_dasm -I/usr/include  -fPIC -I../fdt -c shar.cc -o shar.o -MF shar.d
g++ -MMD -MP  -DPREFIX=\"/usr/local\" -Wall -Wno-nonportable-include-path -g -O2 -fPIC -std=c++2a -g -O2   -iquote . -I.. -iquote ../fesvr -iquote ../riscv -iquote ../disasm -iquote ../customext -iquote ../fdt -iquote ../softfloat -iquote ../spike_main -iquote ../spike_dasm -I/usr/include  -fPIC -I../fdt -c pmax_w.cc -o pmax_w.o -MF pmax_w.d
g++ -MMD -MP  -DPREFIX=\"/usr/local\" -Wall -Wno-nonportable-include-path -g -O2 -fPIC -std=c++2a -g -O2   -iquote . -I.. -iquote ../fesvr -iquote ../riscv -iquote ../disasm -iquote ../customext -iquote ../fdt -iquote ../softfloat -iquote ../spike_main -iquote ../spike_dasm -I/usr/include  -fPIC -I../fdt -c pmaxu_w.cc -o pmaxu_w.o -MF pmaxu_w.d
g++ -MMD -MP  -DPREFIX=\"/usr/local\" -Wall -Wno-nonportable-include-path -g -O2 -fPIC -std=c++2a -g -O2   -iquote . -I.. -iquote ../fesvr -iquote ../riscv -iquote ../disasm -iquote ../customext -iquote ../fdt -iquote ../softfloat -iquote ../spike_main -iquote ../spike_dasm -I/usr/include  -fPIC -I../fdt -c pmin_w.cc -o pmin_w.o -MF pmin_w.d
g++ -MMD -MP  -DPREFIX=\"/usr/local\" -Wall -Wno-nonportable-include-path -g -O2 -fPIC -std=c++2a -g -O2   -iquote . -I.. -iquote ../fesvr -iquote ../riscv -iquote ../disasm -iquote ../customext -iquote ../fdt -iquote ../softfloat -iquote ../spike_main -iquote ../spike_dasm -I/usr/include  -fPIC -I../fdt -c pminu_w.cc -o pminu_w.o -MF pminu_w.d
g++ -MMD -MP  -DPREFIX=\"/usr/local\" -Wall -Wno-nonportable-include-path -g -O2 -fPIC -std=c++2a -g -O2   -iquote . -I.. -iquote ../fesvr -iquote ../riscv -iquote ../disasm -iquote ../customext -iquote ../fdt -iquote ../softfloat -iquote ../spike_main -iquote ../spike_dasm -I/usr/include  -fPIC -I../fdt -c pmseq_w.cc -o pmseq_w.o -MF pmseq_w.d
g++ -MMD -MP  -DPREFIX=\"/usr/local\" -Wall -Wno-nonportable-include-path -g -O2 -fPIC -std=c++2a -g -O2   -iquote . -I.. -iquote ../fesvr -iquote ../riscv -iquote ../disasm -iquote ../customext -iquote ../fdt -iquote ../softfloat -iquote ../spike_main -iquote ../spike_dasm -I/usr/include  -fPIC -I../fdt -c pmslt_w.cc -o pmslt_w.o -MF pmslt_w.d
g++ -MMD -MP  -DPREFIX=\"/usr/local\" -Wall -Wno-nonportable-include-path -g -O2 -fPIC -std=c++2a -g -O2   -iquote . -I.. -iquote ../fesvr -iquote ../riscv -iquote ../disasm -iquote ../customext -iquote ../fdt -iquote ../softfloat -iquote ../spike_main -iquote ../spike_dasm -I/usr/include  -fPIC -I../fdt -c pmsltu_w.cc -o pmsltu_w.o -MF pmsltu_w.d
g++ -MMD -MP  -DPREFIX=\"/usr/local\" -Wall -Wno-nonportable-include-path -g -O2 -fPIC -std=c++2a -g -O2   -iquote . -I.. -iquote ../fesvr -iquote ../riscv -iquote ../disasm -iquote ../customext -iquote ../fdt -iquote ../softfloat -iquote ../spike_main -iquote ../spike_dasm -I/usr/include  -fPIC -I../fdt -c ppaire_h.cc -o ppaire_h.o -MF ppaire_h.d
g++ -MMD -MP  -DPREFIX=\"/usr/local\" -Wall -Wno-nonportable-include-path -g -O2 -fPIC -std=c++2a -g -O2   -iquote . -I.. -iquote ../fesvr -iquote ../riscv -iquote ../disasm -iquote ../customext -iquote ../fdt -iquote ../softfloat -iquote ../spike_main -iquote ../spike_dasm -I/usr/include  -fPIC -I../fdt -c ppaireo_w.cc -o ppaireo_w.o -MF ppaireo_w.d
g++ -MMD -MP  -DPREFIX=\"/usr/local\" -Wall -Wno-nonportable-include-path -g -O2 -fPIC -std=c++2a -g -O2   -iquote . -I.. -iquote ../fesvr -iquote ../riscv -iquote ../disasm -iquote ../customext -iquote ../fdt -iquote ../softfloat -iquote ../spike_main -iquote ../spike_dasm -I/usr/include  -fPIC -I../fdt -c ppairo_w.cc -o ppairo_w.o -MF ppairo_w.d
g++ -MMD -MP  -DPREFIX=\"/usr/local\" -Wall -Wno-nonportable-include-path -g -O2 -fPIC -std=c++2a -g -O2   -iquote . -I.. -iquote ../fesvr -iquote ../riscv -iquote ../disasm -iquote ../customext -iquote ../fdt -iquote ../softfloat -iquote ../spike_main -iquote ../spike_dasm -I/usr/include  -fPIC -I../fdt -c ppairoe_w.cc -o ppairoe_w.o -MF ppairoe_w.d
g++ -MMD -MP  -DPREFIX=\"/usr/local\" -Wall -Wno-nonportable-include-path -g -O2 -fPIC -std=c++2a -g -O2   -iquote . -I.. -iquote ../fesvr -iquote ../riscv -iquote ../disasm -iquote ../customext -iquote ../fdt -iquote ../softfloat -iquote ../spike_main -iquote ../spike_dasm -I/usr/include  -fPIC -I../fdt -c rev.cc -o rev.o -MF rev.d
g++ -MMD -MP  -DPREFIX=\"/usr/local\" -Wall -Wno-nonportable-include-path -g -O2 -fPIC -std=c++2a -g -O2   -iquote . -I.. -iquote ../fesvr -iquote ../riscv -iquote ../disasm -iquote ../customext -iquote ../fdt -iquote ../softfloat -iquote ../spike_main -iquote ../spike_dasm -I/usr/include  -fPIC -I../fdt -c rev16.cc -o rev16.o -MF rev16.d
g++ -MMD -MP  -DPREFIX=\"/usr/local\" -Wall -Wno-nonportable-include-path -g -O2 -fPIC -std=c++2a -g -O2   -iquote . -I.. -iquote ../fesvr -iquote ../riscv -iquote ../disasm -iquote ../customext -iquote ../fdt -iquote ../softfloat -iquote ../spike_main -iquote ../spike_dasm -I/usr/include  -fPIC -I../fdt -c rev_rv32.cc -o rev_rv32.o -MF rev_rv32.d
g++ -MMD -MP  -DPREFIX=\"/usr/local\" -Wall -Wno-nonportable-include-path -g -O2 -fPIC -std=c++2a -g -O2   -iquote . -I.. -iquote ../fesvr -iquote ../riscv -iquote ../disasm -iquote ../customext -iquote ../fdt -iquote ../softfloat -iquote ../spike_main -iquote ../spike_dasm -I/usr/include  -fPIC -I../fdt -c unzip16hp.cc -o unzip16hp.o -MF unzip16hp.d
g++ -MMD -MP  -DPREFIX=\"/usr/local\" -Wall -Wno-nonportable-include-path -g -O2 -fPIC -std=c++2a -g -O2   -iquote . -I.. -iquote ../fesvr -iquote ../riscv -iquote ../disasm -iquote ../customext -iquote ../fdt -iquote ../softfloat -iquote ../spike_main -iquote ../spike_dasm -I/usr/include  -fPIC -I../fdt -c unzip16p.cc -o unzip16p.o -MF unzip16p.d
g++ -MMD -MP  -DPREFIX=\"/usr/local\" -Wall -Wno-nonportable-include-path -g -O2 -fPIC -std=c++2a -g -O2   -iquote . -I.. -iquote ../fesvr -iquote ../riscv -iquote ../disasm -iquote ../customext -iquote ../fdt -iquote ../softfloat -iquote ../spike_main -iquote ../spike_dasm -I/usr/include  -fPIC -I../fdt -c unzip8hp.cc -o unzip8hp.o -MF unzip8hp.d
g++ -MMD -MP  -DPREFIX=\"/usr/local\" -Wall -Wno-nonportable-include-path -g -O2 -fPIC -std=c++2a -g -O2   -iquote . -I.. -iquote ../fesvr -iquote ../riscv -iquote ../disasm -iquote ../customext -iquote ../fdt -iquote ../softfloat -iquote ../spike_main -iquote ../spike_dasm -I/usr/include  -fPIC -I../fdt -c unzip8p.cc -o unzip8p.o -MF unzip8p.d
g++ -MMD -MP  -DPREFIX=\"/usr/local\" -Wall -Wno-nonportable-include-path -g -O2 -fPIC -std=c++2a -g -O2   -iquote . -I.. -iquote ../fesvr -iquote ../riscv -iquote ../disasm -iquote ../customext -iquote ../fdt -iquote ../softfloat -iquote ../spike_main -iquote ../spike_dasm -I/usr/include  -fPIC -I../fdt -c zip16hp.cc -o zip16hp.o -MF zip16hp.d
g++ -MMD -MP  -DPREFIX=\"/usr/local\" -Wall -Wno-nonportable-include-path -g -O2 -fPIC -std=c++2a -g -O2   -iquote . -I.. -iquote ../fesvr -iquote ../riscv -iquote ../disasm -iquote ../customext -iquote ../fdt -iquote ../softfloat -iquote ../spike_main -iquote ../spike_dasm -I/usr/include  -fPIC -I../fdt -c zip16p.cc -o zip16p.o -MF zip16p.d
g++ -MMD -MP  -DPREFIX=\"/usr/local\" -Wall -Wno-nonportable-include-path -g -O2 -fPIC -std=c++2a -g -O2   -iquote . -I.. -iquote ../fesvr -iquote ../riscv -iquote ../disasm -iquote ../customext -iquote ../fdt -iquote ../softfloat -iquote ../spike_main -iquote ../spike_dasm -I/usr/include  -fPIC -I../fdt -c zip8hp.cc -o zip8hp.o -MF zip8hp.d
g++ -MMD -MP  -DPREFIX=\"/usr/local\" -Wall -Wno-nonportable-include-path -g -O2 -fPIC -std=c++2a -g -O2   -iquote . -I.. -iquote ../fesvr -iquote ../riscv -iquote ../disasm -iquote ../customext -iquote ../fdt -iquote ../softfloat -iquote ../spike_main -iquote ../spike_dasm -I/usr/include  -fPIC -I../fdt -c zip8p.cc -o zip8p.o -MF zip8p.d
g++ -MMD -MP  -DPREFIX=\"/usr/local\" -Wall -Wno-nonportable-include-path -g -O2 -fPIC -std=c++2a -g -O2   -iquote . -I.. -iquote ../fesvr -iquote ../riscv -iquote ../disasm -iquote ../customext -iquote ../fdt -iquote ../softfloat -iquote ../spike_main -iquote ../spike_dasm -I/usr/include  -fPIC -I../fdt -c absw.cc -o absw.o -MF absw.d
g++ -MMD -MP  -DPREFIX=\"/usr/local\" -Wall -Wno-nonportable-include-path -g -O2 -fPIC -std=c++2a -g -O2   -iquote . -I.. -iquote ../fesvr -iquote ../riscv -iquote ../disasm -iquote ../customext -iquote ../fdt -iquote ../softfloat -iquote ../spike_main -iquote ../spike_dasm -I/usr/include  -fPIC -I../fdt -c clsw.cc -o clsw.o -MF clsw.d
g++ -MMD -MP  -DPREFIX=\"/usr/local\" -Wall -Wno-nonportable-include-path -g -O2 -fPIC -std=c++2a -g -O2   -iquote . -I.. -iquote ../fesvr -iquote ../riscv -iquote ../disasm -iquote ../customext -iquote ../fdt -iquote ../softfloat -iquote ../spike_main -iquote ../spike_dasm -I/usr/include  -fPIC -I../fdt -c mul_w00.cc -o mul_w00.o -MF mul_w00.d
g++ -MMD -MP  -DPREFIX=\"/usr/local\" -Wall -Wno-nonportable-include-path -g -O2 -fPIC -std=c++2a -g -O2   -iquote . -I.. -iquote ../fesvr -iquote ../riscv -iquote ../disasm -iquote ../customext -iquote ../fdt -iquote ../softfloat -iquote ../spike_main -iquote ../spike_dasm -I/usr/include  -fPIC -I../fdt -c mul_w01.cc -o mul_w01.o -MF mul_w01.d
g++ -MMD -MP  -DPREFIX=\"/usr/local\" -Wall -Wno-nonportable-include-path -g -O2 -fPIC -std=c++2a -g -O2   -iquote . -I.. -iquote ../fesvr -iquote ../riscv -iquote ../disasm -iquote ../customext -iquote ../fdt -iquote ../softfloat -iquote ../spike_main -iquote ../spike_dasm -I/usr/include  -fPIC -I../fdt -c mul_w11.cc -o mul_w11.o -MF mul_w11.d
g++ -MMD -MP  -DPREFIX=\"/usr/local\" -Wall -Wno-nonportable-include-path -g -O2 -fPIC -std=c++2a -g -O2   -iquote . -I.. -iquote ../fesvr -iquote ../riscv -iquote ../disasm -iquote ../customext -iquote ../fdt -iquote ../softfloat -iquote ../spike_main -iquote ../spike_dasm -I/usr/include  -fPIC -I../fdt -c mulsu_w00.cc -o mulsu_w00.o -MF mulsu_w00.d
g++ -MMD -MP  -DPREFIX=\"/usr/local\" -Wall -Wno-nonportable-include-path -g -O2 -fPIC -std=c++2a -g -O2   -iquote . -I.. -iquote ../fesvr -iquote ../riscv -iquote ../disasm -iquote ../customext -iquote ../fdt -iquote ../softfloat -iquote ../spike_main -iquote ../spike_dasm -I/usr/include  -fPIC -I../fdt -c mulsu_w11.cc -o mulsu_w11.o -MF mulsu_w11.d
g++ -MMD -MP  -DPREFIX=\"/usr/local\" -Wall -Wno-nonportable-include-path -g -O2 -fPIC -std=c++2a -g -O2   -iquote . -I.. -iquote ../fesvr -iquote ../riscv -iquote ../disasm -iquote ../customext -iquote ../fdt -iquote ../softfloat -iquote ../spike_main -iquote ../spike_dasm -I/usr/include  -fPIC -I../fdt -c mulu_w00.cc -o mulu_w00.o -MF mulu_w00.d
g++ -MMD -MP  -DPREFIX=\"/usr/local\" -Wall -Wno-nonportable-include-path -g -O2 -fPIC -std=c++2a -g -O2   -iquote . -I.. -iquote ../fesvr -iquote ../riscv -iquote ../disasm -iquote ../customext -iquote ../fdt -iquote ../softfloat -iquote ../spike_main -iquote ../spike_dasm -I/usr/include  -fPIC -I../fdt -c mulu_w01.cc -o mulu_w01.o -MF mulu_w01.d
g++ -MMD -MP  -DPREFIX=\"/usr/local\" -Wall -Wno-nonportable-include-path -g -O2 -fPIC -std=c++2a -g -O2   -iquote . -I.. -iquote ../fesvr -iquote ../riscv -iquote ../disasm -iquote ../customext -iquote ../fdt -iquote ../softfloat -iquote ../spike_main -iquote ../spike_dasm -I/usr/include  -fPIC -I../fdt -c mulu_w11.cc -o mulu_w11.o -MF mulu_w11.d
g++ -MMD -MP  -DPREFIX=\"/usr/local\" -Wall -Wno-nonportable-include-path -g -O2 -fPIC -std=c++2a -g -O2   -iquote . -I.. -iquote ../fesvr -iquote ../riscv -iquote ../disasm -iquote ../customext -iquote ../fdt -iquote ../softfloat -iquote ../spike_main -iquote ../spike_dasm -I/usr/include  -fPIC -I../fdt -c pmul_w_h00.cc -o pmul_w_h00.o -MF pmul_w_h00.d
g++ -MMD -MP  -DPREFIX=\"/usr/local\" -Wall -Wno-nonportable-include-path -g -O2 -fPIC -std=c++2a -g -O2   -iquote . -I.. -iquote ../fesvr -iquote ../riscv -iquote ../disasm -iquote ../customext -iquote ../fdt -iquote ../softfloat -iquote ../spike_main -iquote ../spike_dasm -I/usr/include  -fPIC -I../fdt -c pmul_w_h01.cc -o pmul_w_h01.o -MF pmul_w_h01.d
g++ -MMD -MP  -DPREFIX=\"/usr/local\" -Wall -Wno-nonportable-include-path -g -O2 -fPIC -std=c++2a -g -O2   -iquote . -I.. -iquote ../fesvr -iquote ../riscv -iquote ../disasm -iquote ../customext -iquote ../fdt -iquote ../softfloat -iquote ../spike_main -iquote ../spike_dasm -I/usr/include  -fPIC -I../fdt -c pmul_w_h11.cc -o pmul_w_h11.o -MF pmul_w_h11.d
g++ -MMD -MP  -DPREFIX=\"/usr/local\" -Wall -Wno-nonportable-include-path -g -O2 -fPIC -std=c++2a -g -O2   -iquote . -I.. -iquote ../fesvr -iquote ../riscv -iquote ../disasm -iquote ../customext -iquote ../fdt -iquote ../softfloat -iquote ../spike_main -iquote ../spike_dasm -I/usr/include  -fPIC -I../fdt -c pmulh_w.cc -o pmulh_w.o -MF pmulh_w.d
g++ -MMD -MP  -DPREFIX=\"/usr/local\" -Wall -Wno-nonportable-include-path -g -O2 -fPIC -std=c++2a -g -O2   -iquote . -I.. -iquote ../fesvr -iquote ../riscv -iquote ../disasm -iquote ../customext -iquote ../fdt -iquote ../softfloat -iquote ../spike_main -iquote ../spike_dasm -I/usr/include  -fPIC -I../fdt -c pmulh_w_h0.cc -o pmulh_w_h0.o -MF pmulh_w_h0.d
g++ -MMD -MP  -DPREFIX=\"/usr/local\" -Wall -Wno-nonportable-include-path -g -O2 -fPIC -std=c++2a -g -O2   -iquote . -I.. -iquote ../fesvr -iquote ../riscv -iquote ../disasm -iquote ../customext -iquote ../fdt -iquote ../softfloat -iquote ../spike_main -iquote ../spike_dasm -I/usr/include  -fPIC -I../fdt -c pmulh_w_h1.cc -o pmulh_w_h1.o -MF pmulh_w_h1.d
g++ -MMD -MP  -DPREFIX=\"/usr/local\" -Wall -Wno-nonportable-include-path -g -O2 -fPIC -std=c++2a -g -O2   -iquote . -I.. -iquote ../fesvr -iquote ../riscv -iquote ../disasm -iquote ../customext -iquote ../fdt -iquote ../softfloat -iquote ../spike_main -iquote ../spike_dasm -I/usr/include  -fPIC -I../fdt -c pmulhr_w.cc -o pmulhr_w.o -MF pmulhr_w.d
g++ -MMD -MP  -DPREFIX=\"/usr/local\" -Wall -Wno-nonportable-include-path -g -O2 -fPIC -std=c++2a -g -O2   -iquote . -I.. -iquote ../fesvr -iquote ../riscv -iquote ../disasm -iquote ../customext -iquote ../fdt -iquote ../softfloat -iquote ../spike_main -iquote ../spike_dasm -I/usr/include  -fPIC -I../fdt -c pmulhrsu_w.cc -o pmulhrsu_w.o -MF pmulhrsu_w.d
g++ -MMD -MP  -DPREFIX=\"/usr/local\" -Wall -Wno-nonportable-include-path -g -O2 -fPIC -std=c++2a -g -O2   -iquote . -I.. -iquote ../fesvr -iquote ../riscv -iquote ../disasm -iquote ../customext -iquote ../fdt -iquote ../softfloat -iquote ../spike_main -iquote ../spike_dasm -I/usr/include  -fPIC -I../fdt -c pmulhru_w.cc -o pmulhru_w.o -MF pmulhru_w.d
g++ -MMD -MP  -DPREFIX=\"/usr/local\" -Wall -Wno-nonportable-include-path -g -O2 -fPIC -std=c++2a -g -O2   -iquote . -I.. -iquote ../fesvr -iquote ../riscv -iquote ../disasm -iquote ../customext -iquote ../fdt -iquote ../softfloat -iquote ../spike_main -iquote ../spike_dasm -I/usr/include  -fPIC -I../fdt -c pmulhsu_w.cc -o pmulhsu_w.o -MF pmulhsu_w.d
g++ -MMD -MP  -DPREFIX=\"/usr/local\" -Wall -Wno-nonportable-include-path -g -O2 -fPIC -std=c++2a -g -O2   -iquote . -I.. -iquote ../fesvr -iquote ../riscv -iquote ../disasm -iquote ../customext -iquote ../fdt -iquote ../softfloat -iquote ../spike_main -iquote ../spike_dasm -I/usr/include  -fPIC -I../fdt -c pmulhsu_w_h0.cc -o pmulhsu_w_h0.o -MF pmulhsu_w_h0.d
g++ -MMD -MP  -DPREFIX=\"/usr/local\" -Wall -Wno-nonportable-include-path -g -O2 -fPIC -std=c++2a -g -O2   -iquote . -I.. -iquote ../fesvr -iquote ../riscv -iquote ../disasm -iquote ../customext -iquote ../fdt -iquote ../softfloat -iquote ../spike_main -iquote ../spike_dasm -I/usr/include  -fPIC -I../fdt -c pmulhsu_w_h1.cc -o pmulhsu_w_h1.o -MF pmulhsu_w_h1.d
g++ -MMD -MP  -DPREFIX=\"/usr/local\" -Wall -Wno-nonportable-include-path -g -O2 -fPIC -std=c++2a -g -O2   -iquote . -I.. -iquote ../fesvr -iquote ../riscv -iquote ../disasm -iquote ../customext -iquote ../fdt -iquote ../softfloat -iquote ../spike_main -iquote ../spike_dasm -I/usr/include  -fPIC -I../fdt -c pmulhu_w.cc -o pmulhu_w.o -MF pmulhu_w.d
g++ -MMD -MP  -DPREFIX=\"/usr/local\" -Wall -Wno-nonportable-include-path -g -O2 -fPIC -std=c++2a -g -O2   -iquote . -I.. -iquote ../fesvr -iquote ../riscv -iquote ../disasm -iquote ../customext -iquote ../fdt -iquote ../softfloat -iquote ../spike_main -iquote ../spike_dasm -I/usr/include  -fPIC -I../fdt -c pmulq_w.cc -o pmulq_w.o -MF pmulq_w.d
g++ -MMD -MP  -DPREFIX=\"/usr/local\" -Wall -Wno-nonportable-include-path -g -O2 -fPIC -std=c++2a -g -O2   -iquote . -I.. -iquote ../fesvr -iquote ../riscv -iquote ../disasm -iquote ../customext -iquote ../fdt -iquote ../softfloat -iquote ../spike_main -iquote ../spike_dasm -I/usr/include  -fPIC -I../fdt -c pmulqr_w.cc -o pmulqr_w.o -MF pmulqr_w.d
g++ -MMD -MP  -DPREFIX=\"/usr/local\" -Wall -Wno-nonportable-include-path -g -O2 -fPIC -std=c++2a -g -O2   -iquote . -I.. -iquote ../fesvr -iquote ../riscv -iquote ../disasm -iquote ../customext -iquote ../fdt -iquote ../softfloat -iquote ../spike_main -iquote ../spike_dasm -I/usr/include  -fPIC -I../fdt -c pmulsu_w_h00.cc -o pmulsu_w_h00.o -MF pmulsu_w_h00.d
g++ -MMD -MP  -DPREFIX=\"/usr/local\" -Wall -Wno-nonportable-include-path -g -O2 -fPIC -std=c++2a -g -O2   -iquote . -I.. -iquote ../fesvr -iquote ../riscv -iquote ../disasm -iquote ../customext -iquote ../fdt -iquote ../softfloat -iquote ../spike_main -iquote ../spike_dasm -I/usr/include  -fPIC -I../fdt -c pmulsu_w_h11.cc -o pmulsu_w_h11.o -MF pmulsu_w_h11.d
g++ -MMD -MP  -DPREFIX=\"/usr/local\" -Wall -Wno-nonportable-include-path -g -O2 -fPIC -std=c++2a -g -O2   -iquote . -I.. -iquote ../fesvr -iquote ../riscv -iquote ../disasm -iquote ../customext -iquote ../fdt -iquote ../softfloat -iquote ../spike_main -iquote ../spike_dasm -I/usr/include  -fPIC -I../fdt -c pmulu_w_h00.cc -o pmulu_w_h00.o -MF pmulu_w_h00.d
g++ -MMD -MP  -DPREFIX=\"/usr/local\" -Wall -Wno-nonportable-include-path -g -O2 -fPIC -std=c++2a -g -O2   -iquote . -I.. -iquote ../fesvr -iquote ../riscv -iquote ../disasm -iquote ../customext -iquote ../fdt -iquote ../softfloat -iquote ../spike_main -iquote ../spike_dasm -I/usr/include  -fPIC -I../fdt -c pmulu_w_h01.cc -o pmulu_w_h01.o -MF pmulu_w_h01.d
g++ -MMD -MP  -DPREFIX=\"/usr/local\" -Wall -Wno-nonportable-include-path -g -O2 -fPIC -std=c++2a -g -O2   -iquote . -I.. -iquote ../fesvr -iquote ../riscv -iquote ../disasm -iquote ../customext -iquote ../fdt -iquote ../softfloat -iquote ../spike_main -iquote ../spike_dasm -I/usr/include  -fPIC -I../fdt -c pmulu_w_h11.cc -o pmulu_w_h11.o -MF pmulu_w_h11.d
g++ -MMD -MP  -DPREFIX=\"/usr/local\" -Wall -Wno-nonportable-include-path -g -O2 -fPIC -std=c++2a -g -O2   -iquote . -I.. -iquote ../fesvr -iquote ../riscv -iquote ../disasm -iquote ../customext -iquote ../fdt -iquote ../softfloat -iquote ../spike_main -iquote ../spike_dasm -I/usr/include  -fPIC -I../fdt -c macc_w00.cc -o macc_w00.o -MF macc_w00.d
g++ -MMD -MP  -DPREFIX=\"/usr/local\" -Wall -Wno-nonportable-include-path -g -O2 -fPIC -std=c++2a -g -O2   -iquote . -I.. -iquote ../fesvr -iquote ../riscv -iquote ../disasm -iquote ../customext -iquote ../fdt -iquote ../softfloat -iquote ../spike_main -iquote ../spike_dasm -I/usr/include  -fPIC -I../fdt -c macc_w01.cc -o macc_w01.o -MF macc_w01.d
g++ -MMD -MP  -DPREFIX=\"/usr/local\" -Wall -Wno-nonportable-include-path -g -O2 -fPIC -std=c++2a -g -O2   -iquote . -I.. -iquote ../fesvr -iquote ../riscv -iquote ../disasm -iquote ../customext -iquote ../fdt -iquote ../softfloat -iquote ../spike_main -iquote ../spike_dasm -I/usr/include  -fPIC -I../fdt -c macc_w11.cc -o macc_w11.o -MF macc_w11.d
g++ -MMD -MP  -DPREFIX=\"/usr/local\" -Wall -Wno-nonportable-include-path -g -O2 -fPIC -std=c++2a -g -O2   -iquote . -I.. -iquote ../fesvr -iquote ../riscv -iquote ../disasm -iquote ../customext -iquote ../fdt -iquote ../softfloat -iquote ../spike_main -iquote ../spike_dasm -I/usr/include  -fPIC -I../fdt -c maccsu_w00.cc -o maccsu_w00.o -MF maccsu_w00.d
g++ -MMD -MP  -DPREFIX=\"/usr/local\" -Wall -Wno-nonportable-include-path -g -O2 -fPIC -std=c++2a -g -O2   -iquote . -I.. -iquote ../fesvr -iquote ../riscv -iquote ../disasm -iquote ../customext -iquote ../fdt -iquote ../softfloat -iquote ../spike_main -iquote ../spike_dasm -I/usr/include  -fPIC -I../fdt -c maccsu_w11.cc -o maccsu_w11.o -MF maccsu_w11.d
g++ -MMD -MP  -DPREFIX=\"/usr/local\" -Wall -Wno-nonportable-include-path -g -O2 -fPIC -std=c++2a -g -O2   -iquote . -I.. -iquote ../fesvr -iquote ../riscv -iquote ../disasm -iquote ../customext -iquote ../fdt -iquote ../softfloat -iquote ../spike_main -iquote ../spike_dasm -I/usr/include  -fPIC -I../fdt -c maccu_w00.cc -o maccu_w00.o -MF maccu_w00.d
g++ -MMD -MP  -DPREFIX=\"/usr/local\" -Wall -Wno-nonportable-include-path -g -O2 -fPIC -std=c++2a -g -O2   -iquote . -I.. -iquote ../fesvr -iquote ../riscv -iquote ../disasm -iquote ../customext -iquote ../fdt -iquote ../softfloat -iquote ../spike_main -iquote ../spike_dasm -I/usr/include  -fPIC -I../fdt -c maccu_w01.cc -o maccu_w01.o -MF maccu_w01.d
g++ -MMD -MP  -DPREFIX=\"/usr/local\" -Wall -Wno-nonportable-include-path -g -O2 -fPIC -std=c++2a -g -O2   -iquote . -I.. -iquote ../fesvr -iquote ../riscv -iquote ../disasm -iquote ../customext -iquote ../fdt -iquote ../softfloat -iquote ../spike_main -iquote ../spike_dasm -I/usr/include  -fPIC -I../fdt -c maccu_w11.cc -o maccu_w11.o -MF maccu_w11.d
g++ -MMD -MP  -DPREFIX=\"/usr/local\" -Wall -Wno-nonportable-include-path -g -O2 -fPIC -std=c++2a -g -O2   -iquote . -I.. -iquote ../fesvr -iquote ../riscv -iquote ../disasm -iquote ../customext -iquote ../fdt -iquote ../softfloat -iquote ../spike_main -iquote ../spike_dasm -I/usr/include  -fPIC -I../fdt -c mqacc_w00.cc -o mqacc_w00.o -MF mqacc_w00.d
g++ -MMD -MP  -DPREFIX=\"/usr/local\" -Wall -Wno-nonportable-include-path -g -O2 -fPIC -std=c++2a -g -O2   -iquote . -I.. -iquote ../fesvr -iquote ../riscv -iquote ../disasm -iquote ../customext -iquote ../fdt -iquote ../softfloat -iquote ../spike_main -iquote ../spike_dasm -I/usr/include  -fPIC -I../fdt -c mqacc_w01.cc -o mqacc_w01.o -MF mqacc_w01.d
g++ -MMD -MP  -DPREFIX=\"/usr/local\" -Wall -Wno-nonportable-include-path -g -O2 -fPIC -std=c++2a -g -O2   -iquote . -I.. -iquote ../fesvr -iquote ../riscv -iquote ../disasm -iquote ../customext -iquote ../fdt -iquote ../softfloat -iquote ../spike_main -iquote ../spike_dasm -I/usr/include  -fPIC -I../fdt -c mqacc_w11.cc -o mqacc_w11.o -MF mqacc_w11.d
g++ -MMD -MP  -DPREFIX=\"/usr/local\" -Wall -Wno-nonportable-include-path -g -O2 -fPIC -std=c++2a -g -O2   -iquote . -I.. -iquote ../fesvr -iquote ../riscv -iquote ../disasm -iquote ../customext -iquote ../fdt -iquote ../softfloat -iquote ../spike_main -iquote ../spike_dasm -I/usr/include  -fPIC -I../fdt -c mqracc_w00.cc -o mqracc_w00.o -MF mqracc_w00.d
g++ -MMD -MP  -DPREFIX=\"/usr/local\" -Wall -Wno-nonportable-include-path -g -O2 -fPIC -std=c++2a -g -O2   -iquote . -I.. -iquote ../fesvr -iquote ../riscv -iquote ../disasm -iquote ../customext -iquote ../fdt -iquote ../softfloat -iquote ../spike_main -iquote ../spike_dasm -I/usr/include  -fPIC -I../fdt -c mqracc_w01.cc -o mqracc_w01.o -MF mqracc_w01.d
g++ -MMD -MP  -DPREFIX=\"/usr/local\" -Wall -Wno-nonportable-include-path -g -O2 -fPIC -std=c++2a -g -O2   -iquote . -I.. -iquote ../fesvr -iquote ../riscv -iquote ../disasm -iquote ../customext -iquote ../fdt -iquote ../softfloat -iquote ../spike_main -iquote ../spike_dasm -I/usr/include  -fPIC -I../fdt -c mqracc_w11.cc -o mqracc_w11.o -MF mqracc_w11.d
g++ -MMD -MP  -DPREFIX=\"/usr/local\" -Wall -Wno-nonportable-include-path -g -O2 -fPIC -std=c++2a -g -O2   -iquote . -I.. -iquote ../fesvr -iquote ../riscv -iquote ../disasm -iquote ../customext -iquote ../fdt -iquote ../softfloat -iquote ../spike_main -iquote ../spike_dasm -I/usr/include  -fPIC -I../fdt -c pmacc_w_h00.cc -o pmacc_w_h00.o -MF pmacc_w_h00.d
g++ -MMD -MP  -DPREFIX=\"/usr/local\" -Wall -Wno-nonportable-include-path -g -O2 -fPIC -std=c++2a -g -O2   -iquote . -I.. -iquote ../fesvr -iquote ../riscv -iquote ../disasm -iquote ../customext -iquote ../fdt -iquote ../softfloat -iquote ../spike_main -iquote ../spike_dasm -I/usr/include  -fPIC -I../fdt -c pmacc_w_h01.cc -o pmacc_w_h01.o -MF pmacc_w_h01.d
g++ -MMD -MP  -DPREFIX=\"/usr/local\" -Wall -Wno-nonportable-include-path -g -O2 -fPIC -std=c++2a -g -O2   -iquote . -I.. -iquote ../fesvr -iquote ../riscv -iquote ../disasm -iquote ../customext -iquote ../fdt -iquote ../softfloat -iquote ../spike_main -iquote ../spike_dasm -I/usr/include  -fPIC -I../fdt -c pmacc_w_h11.cc -o pmacc_w_h11.o -MF pmacc_w_h11.d
g++ -MMD -MP  -DPREFIX=\"/usr/local\" -Wall -Wno-nonportable-include-path -g -O2 -fPIC -std=c++2a -g -O2   -iquote . -I.. -iquote ../fesvr -iquote ../riscv -iquote ../disasm -iquote ../customext -iquote ../fdt -iquote ../softfloat -iquote ../spike_main -iquote ../spike_dasm -I/usr/include  -fPIC -I../fdt -c pmaccsu_w_h00.cc -o pmaccsu_w_h00.o -MF pmaccsu_w_h00.d
g++ -MMD -MP  -DPREFIX=\"/usr/local\" -Wall -Wno-nonportable-include-path -g -O2 -fPIC -std=c++2a -g -O2   -iquote . -I.. -iquote ../fesvr -iquote ../riscv -iquote ../disasm -iquote ../customext -iquote ../fdt -iquote ../softfloat -iquote ../spike_main -iquote ../spike_dasm -I/usr/include  -fPIC -I../fdt -c pmaccsu_w_h11.cc -o pmaccsu_w_h11.o -MF pmaccsu_w_h11.d
g++ -MMD -MP  -DPREFIX=\"/usr/local\" -Wall -Wno-nonportable-include-path -g -O2 -fPIC -std=c++2a -g -O2   -iquote . -I.. -iquote ../fesvr -iquote ../riscv -iquote ../disasm -iquote ../customext -iquote ../fdt -iquote ../softfloat -iquote ../spike_main -iquote ../spike_dasm -I/usr/include  -fPIC -I../fdt -c pmaccu_w_h00.cc -o pmaccu_w_h00.o -MF pmaccu_w_h00.d
g++ -MMD -MP  -DPREFIX=\"/usr/local\" -Wall -Wno-nonportable-include-path -g -O2 -fPIC -std=c++2a -g -O2   -iquote . -I.. -iquote ../fesvr -iquote ../riscv -iquote ../disasm -iquote ../customext -iquote ../fdt -iquote ../softfloat -iquote ../spike_main -iquote ../spike_dasm -I/usr/include  -fPIC -I../fdt -c pmaccu_w_h01.cc -o pmaccu_w_h01.o -MF pmaccu_w_h01.d
g++ -MMD -MP  -DPREFIX=\"/usr/local\" -Wall -Wno-nonportable-include-path -g -O2 -fPIC -std=c++2a -g -O2   -iquote . -I.. -iquote ../fesvr -iquote ../riscv -iquote ../disasm -iquote ../customext -iquote ../fdt -iquote ../softfloat -iquote ../spike_main -iquote ../spike_dasm -I/usr/include  -fPIC -I../fdt -c pmaccu_w_h11.cc -o pmaccu_w_h11.o -MF pmaccu_w_h11.d
g++ -MMD -MP  -DPREFIX=\"/usr/local\" -Wall -Wno-nonportable-include-path -g -O2 -fPIC -std=c++2a -g -O2   -iquote . -I.. -iquote ../fesvr -iquote ../riscv -iquote ../disasm -iquote ../customext -iquote ../fdt -iquote ../softfloat -iquote ../spike_main -iquote ../spike_dasm -I/usr/include  -fPIC -I../fdt -c pmhacc_w.cc -o pmhacc_w.o -MF pmhacc_w.d
g++ -MMD -MP  -DPREFIX=\"/usr/local\" -Wall -Wno-nonportable-include-path -g -O2 -fPIC -std=c++2a -g -O2   -iquote . -I.. -iquote ../fesvr -iquote ../riscv -iquote ../disasm -iquote ../customext -iquote ../fdt -iquote ../softfloat -iquote ../spike_main -iquote ../spike_dasm -I/usr/include  -fPIC -I../fdt -c pmhacc_w_h0.cc -o pmhacc_w_h0.o -MF pmhacc_w_h0.d
g++ -MMD -MP  -DPREFIX=\"/usr/local\" -Wall -Wno-nonportable-include-path -g -O2 -fPIC -std=c++2a -g -O2   -iquote . -I.. -iquote ../fesvr -iquote ../riscv -iquote ../disasm -iquote ../customext -iquote ../fdt -iquote ../softfloat -iquote ../spike_main -iquote ../spike_dasm -I/usr/include  -fPIC -I../fdt -c pmhacc_w_h1.cc -o pmhacc_w_h1.o -MF pmhacc_w_h1.d
g++ -MMD -MP  -DPREFIX=\"/usr/local\" -Wall -Wno-nonportable-include-path -g -O2 -fPIC -std=c++2a -g -O2   -iquote . -I.. -iquote ../fesvr -iquote ../riscv -iquote ../disasm -iquote ../customext -iquote ../fdt -iquote ../softfloat -iquote ../spike_main -iquote ../spike_dasm -I/usr/include  -fPIC -I../fdt -c pmhaccsu_w.cc -o pmhaccsu_w.o -MF pmhaccsu_w.d
g++ -MMD -MP  -DPREFIX=\"/usr/local\" -Wall -Wno-nonportable-include-path -g -O2 -fPIC -std=c++2a -g -O2   -iquote . -I.. -iquote ../fesvr -iquote ../riscv -iquote ../disasm -iquote ../customext -iquote ../fdt -iquote ../softfloat -iquote ../spike_main -iquote ../spike_dasm -I/usr/include  -fPIC -I../fdt -c pmhaccsu_w_h0.cc -o pmhaccsu_w_h0.o -MF pmhaccsu_w_h0.d
g++ -MMD -MP  -DPREFIX=\"/usr/local\" -Wall -Wno-nonportable-include-path -g -O2 -fPIC -std=c++2a -g -O2   -iquote . -I.. -iquote ../fesvr -iquote ../riscv -iquote ../disasm -iquote ../customext -iquote ../fdt -iquote ../softfloat -iquote ../spike_main -iquote ../spike_dasm -I/usr/include  -fPIC -I../fdt -c pmhaccsu_w_h1.cc -o pmhaccsu_w_h1.o -MF pmhaccsu_w_h1.d
g++ -MMD -MP  -DPREFIX=\"/usr/local\" -Wall -Wno-nonportable-include-path -g -O2 -fPIC -std=c++2a -g -O2   -iquote . -I.. -iquote ../fesvr -iquote ../riscv -iquote ../disasm -iquote ../customext -iquote ../fdt -iquote ../softfloat -iquote ../spike_main -iquote ../spike_dasm -I/usr/include  -fPIC -I../fdt -c pmhaccu_w.cc -o pmhaccu_w.o -MF pmhaccu_w.d
g++ -MMD -MP  -DPREFIX=\"/usr/local\" -Wall -Wno-nonportable-include-path -g -O2 -fPIC -std=c++2a -g -O2   -iquote . -I.. -iquote ../fesvr -iquote ../riscv -iquote ../disasm -iquote ../customext -iquote ../fdt -iquote ../softfloat -iquote ../spike_main -iquote ../spike_dasm -I/usr/include  -fPIC -I../fdt -c pmhracc_w.cc -o pmhracc_w.o -MF pmhracc_w.d
g++ -MMD -MP  -DPREFIX=\"/usr/local\" -Wall -Wno-nonportable-include-path -g -O2 -fPIC -std=c++2a -g -O2   -iquote . -I.. -iquote ../fesvr -iquote ../riscv -iquote ../disasm -iquote ../customext -iquote ../fdt -iquote ../softfloat -iquote ../spike_main -iquote ../spike_dasm -I/usr/include  -fPIC -I../fdt -c pmhraccsu_w.cc -o pmhraccsu_w.o -MF pmhraccsu_w.d
g++ -MMD -MP  -DPREFIX=\"/usr/local\" -Wall -Wno-nonportable-include-path -g -O2 -fPIC -std=c++2a -g -O2   -iquote . -I.. -iquote ../fesvr -iquote ../riscv -iquote ../disasm -iquote ../customext -iquote ../fdt -iquote ../softfloat -iquote ../spike_main -iquote ../spike_dasm -I/usr/include  -fPIC -I../fdt -c pmhraccu_w.cc -o pmhraccu_w.o -MF pmhraccu_w.d
g++ -MMD -MP  -DPREFIX=\"/usr/local\" -Wall -Wno-nonportable-include-path -g -O2 -fPIC -std=c++2a -g -O2   -iquote . -I.. -iquote ../fesvr -iquote ../riscv -iquote ../disasm -iquote ../customext -iquote ../fdt -iquote ../softfloat -iquote ../spike_main -iquote ../spike_dasm -I/usr/include  -fPIC -I../fdt -c pmqacc_w_h00.cc -o pmqacc_w_h00.o -MF pmqacc_w_h00.d
g++ -MMD -MP  -DPREFIX=\"/usr/local\" -Wall -Wno-nonportable-include-path -g -O2 -fPIC -std=c++2a -g -O2   -iquote . -I.. -iquote ../fesvr -iquote ../riscv -iquote ../disasm -iquote ../customext -iquote ../fdt -iquote ../softfloat -iquote ../spike_main -iquote ../spike_dasm -I/usr/include  -fPIC -I../fdt -c pmqacc_w_h01.cc -o pmqacc_w_h01.o -MF pmqacc_w_h01.d
g++ -MMD -MP  -DPREFIX=\"/usr/local\" -Wall -Wno-nonportable-include-path -g -O2 -fPIC -std=c++2a -g -O2   -iquote . -I.. -iquote ../fesvr -iquote ../riscv -iquote ../disasm -iquote ../customext -iquote ../fdt -iquote ../softfloat -iquote ../spike_main -iquote ../spike_dasm -I/usr/include  -fPIC -I../fdt -c pmqacc_w_h11.cc -o pmqacc_w_h11.o -MF pmqacc_w_h11.d
g++ -MMD -MP  -DPREFIX=\"/usr/local\" -Wall -Wno-nonportable-include-path -g -O2 -fPIC -std=c++2a -g -O2   -iquote . -I.. -iquote ../fesvr -iquote ../riscv -iquote ../disasm -iquote ../customext -iquote ../fdt -iquote ../softfloat -iquote ../spike_main -iquote ../spike_dasm -I/usr/include  -fPIC -I../fdt -c pmqracc_w_h00.cc -o pmqracc_w_h00.o -MF pmqracc_w_h00.d
g++ -MMD -MP  -DPREFIX=\"/usr/local\" -Wall -Wno-nonportable-include-path -g -O2 -fPIC -std=c++2a -g -O2   -iquote . -I.. -iquote ../fesvr -iquote ../riscv -iquote ../disasm -iquote ../customext -iquote ../fdt -iquote ../softfloat -iquote ../spike_main -iquote ../spike_dasm -I/usr/include  -fPIC -I../fdt -c pmqracc_w_h01.cc -o pmqracc_w_h01.o -MF pmqracc_w_h01.d
g++ -MMD -MP  -DPREFIX=\"/usr/local\" -Wall -Wno-nonportable-include-path -g -O2 -fPIC -std=c++2a -g -O2   -iquote . -I.. -iquote ../fesvr -iquote ../riscv -iquote ../disasm -iquote ../customext -iquote ../fdt -iquote ../softfloat -iquote ../spike_main -iquote ../spike_dasm -I/usr/include  -fPIC -I../fdt -c pmqracc_w_h11.cc -o pmqracc_w_h11.o -MF pmqracc_w_h11.d
g++ -MMD -MP  -DPREFIX=\"/usr/local\" -Wall -Wno-nonportable-include-path -g -O2 -fPIC -std=c++2a -g -O2   -iquote . -I.. -iquote ../fesvr -iquote ../riscv -iquote ../disasm -iquote ../customext -iquote ../fdt -iquote ../softfloat -iquote ../spike_main -iquote ../spike_dasm -I/usr/include  -fPIC -I../fdt -c pm2add_w.cc -o pm2add_w.o -MF pm2add_w.d
g++ -MMD -MP  -DPREFIX=\"/usr/local\" -Wall -Wno-nonportable-include-path -g -O2 -fPIC -std=c++2a -g -O2   -iquote . -I.. -iquote ../fesvr -iquote ../riscv -iquote ../disasm -iquote ../customext -iquote ../fdt -iquote ../softfloat -iquote ../spike_main -iquote ../spike_dasm -I/usr/include  -fPIC -I../fdt -c pm2add_wx.cc -o pm2add_wx.o -MF pm2add_wx.d
g++ -MMD -MP  -DPREFIX=\"/usr/local\" -Wall -Wno-nonportable-include-path -g -O2 -fPIC -std=c++2a -g -O2   -iquote . -I.. -iquote ../fesvr -iquote ../riscv -iquote ../disasm -iquote ../customext -iquote ../fdt -iquote ../softfloat -iquote ../spike_main -iquote ../spike_dasm -I/usr/include  -fPIC -I../fdt -c pm2adda_w.cc -o pm2adda_w.o -MF pm2adda_w.d
g++ -MMD -MP  -DPREFIX=\"/usr/local\" -Wall -Wno-nonportable-include-path -g -O2 -fPIC -std=c++2a -g -O2   -iquote . -I.. -iquote ../fesvr -iquote ../riscv -iquote ../disasm -iquote ../customext -iquote ../fdt -iquote ../softfloat -iquote ../spike_main -iquote ../spike_dasm -I/usr/include  -fPIC -I../fdt -c pm2adda_wx.cc -o pm2adda_wx.o -MF pm2adda_wx.d
g++ -MMD -MP  -DPREFIX=\"/usr/local\" -Wall -Wno-nonportable-include-path -g -O2 -fPIC -std=c++2a -g -O2   -iquote . -I.. -iquote ../fesvr -iquote ../riscv -iquote ../disasm -iquote ../customext -iquote ../fdt -iquote ../softfloat -iquote ../spike_main -iquote ../spike_dasm -I/usr/include  -fPIC -I../fdt -c pm2addasu_w.cc -o pm2addasu_w.o -MF pm2addasu_w.d
g++ -MMD -MP  -DPREFIX=\"/usr/local\" -Wall -Wno-nonportable-include-path -g -O2 -fPIC -std=c++2a -g -O2   -iquote . -I.. -iquote ../fesvr -iquote ../riscv -iquote ../disasm -iquote ../customext -iquote ../fdt -iquote ../softfloat -iquote ../spike_main -iquote ../spike_dasm -I/usr/include  -fPIC -I../fdt -c pm2addau_w.cc -o pm2addau_w.o -MF pm2addau_w.d
g++ -MMD -MP  -DPREFIX=\"/usr/local\" -Wall -Wno-nonportable-include-path -g -O2 -fPIC -std=c++2a -g -O2   -iquote . -I.. -iquote ../fesvr -iquote ../riscv -iquote ../disasm -iquote ../customext -iquote ../fdt -iquote ../softfloat -iquote ../spike_main -iquote ../spike_dasm -I/usr/include  -fPIC -I../fdt -c pm2addsu_w.cc -o pm2addsu_w.o -MF pm2addsu_w.d
g++ -MMD -MP  -DPREFIX=\"/usr/local\" -Wall -Wno-nonportable-include-path -g -O2 -fPIC -std=c++2a -g -O2   -iquote . -I.. -iquote ../fesvr -iquote ../riscv -iquote ../disasm -iquote ../customext -iquote ../fdt -iquote ../softfloat -iquote ../spike_main -iquote ../spike_dasm -I/usr/include  -fPIC -I../fdt -c pm2addu_w.cc -o pm2addu_w.o -MF pm2addu_w.d
g++ -MMD -MP  -DPREFIX=\"/usr/local\" -Wall -Wno-nonportable-include-path -g -O2 -fPIC -std=c++2a -g -O2   -iquote . -I.. -iquote ../fesvr -iquote ../riscv -iquote ../disasm -iquote ../customext -iquote ../fdt -iquote ../softfloat -iquote ../spike_main -iquote ../spike_dasm -I/usr/include  -fPIC -I../fdt -c pm2sub_w.cc -o pm2sub_w.o -MF pm2sub_w.d
g++ -MMD -MP  -DPREFIX=\"/usr/local\" -Wall -Wno-nonportable-include-path -g -O2 -fPIC -std=c++2a -g -O2   -iquote . -I.. -iquote ../fesvr -iquote ../riscv -iquote ../disasm -iquote ../customext -iquote ../fdt -iquote ../softfloat -iquote ../spike_main -iquote ../spike_dasm -I/usr/include  -fPIC -I../fdt -c pm2sub_wx.cc -o pm2sub_wx.o -MF pm2sub_wx.d
g++ -MMD -MP  -DPREFIX=\"/usr/local\" -Wall -Wno-nonportable-include-path -g -O2 -fPIC -std=c++2a -g -O2   -iquote . -I.. -iquote ../fesvr -iquote ../riscv -iquote ../disasm -iquote ../customext -iquote ../fdt -iquote ../softfloat -iquote ../spike_main -iquote ../spike_dasm -I/usr/include  -fPIC -I../fdt -c pm2suba_w.cc -o pm2suba_w.o -MF pm2suba_w.d
g++ -MMD -MP  -DPREFIX=\"/usr/local\" -Wall -Wno-nonportable-include-path -g -O2 -fPIC -std=c++2a -g -O2   -iquote . -I.. -iquote ../fesvr -iquote ../riscv -iquote ../disasm -iquote ../customext -iquote ../fdt -iquote ../softfloat -iquote ../spike_main -iquote ../spike_dasm -I/usr/include  -fPIC -I../fdt -c pm2suba_wx.cc -o pm2suba_wx.o -MF pm2suba_wx.d
g++ -MMD -MP  -DPREFIX=\"/usr/local\" -Wall -Wno-nonportable-include-path -g -O2 -fPIC -std=c++2a -g -O2   -iquote . -I.. -iquote ../fesvr -iquote ../riscv -iquote ../disasm -iquote ../customext -iquote ../fdt -iquote ../softfloat -iquote ../spike_main -iquote ../spike_dasm -I/usr/include  -fPIC -I../fdt -c pm4add_h.cc -o pm4add_h.o -MF pm4add_h.d
g++ -MMD -MP  -DPREFIX=\"/usr/local\" -Wall -Wno-nonportable-include-path -g -O2 -fPIC -std=c++2a -g -O2   -iquote . -I.. -iquote ../fesvr -iquote ../riscv -iquote ../disasm -iquote ../customext -iquote ../fdt -iquote ../softfloat -iquote ../spike_main -iquote ../spike_dasm -I/usr/include  -fPIC -I../fdt -c pm4adda_h.cc -o pm4adda_h.o -MF pm4adda_h.d
g++ -MMD -MP  -DPREFIX=\"/usr/local\" -Wall -Wno-nonportable-include-path -g -O2 -fPIC -std=c++2a -g -O2   -iquote . -I.. -iquote ../fesvr -iquote ../riscv -iquote ../disasm -iquote ../customext -iquote ../fdt -iquote ../softfloat -iquote ../spike_main -iquote ../spike_dasm -I/usr/include  -fPIC -I../fdt -c pm4addasu_h.cc -o pm4addasu_h.o -MF pm4addasu_h.d
g++ -MMD -MP  -DPREFIX=\"/usr/local\" -Wall -Wno-nonportable-include-path -g -O2 -fPIC -std=c++2a -g -O2   -iquote . -I.. -iquote ../fesvr -iquote ../riscv -iquote ../disasm -iquote ../customext -iquote ../fdt -iquote ../softfloat -iquote ../spike_main -iquote ../spike_dasm -I/usr/include  -fPIC -I../fdt -c pm4addau_h.cc -o pm4addau_h.o -MF pm4addau_h.d
g++ -MMD -MP  -DPREFIX=\"/usr/local\" -Wall -Wno-nonportable-include-path -g -O2 -fPIC -std=c++2a -g -O2   -iquote . -I.. -iquote ../fesvr -iquote ../riscv -iquote ../disasm -iquote ../customext -iquote ../fdt -iquote ../softfloat -iquote ../spike_main -iquote ../spike_dasm -I/usr/include  -fPIC -I../fdt -c pm4addsu_h.cc -o pm4addsu_h.o -MF pm4addsu_h.d
g++ -MMD -MP  -DPREFIX=\"/usr/local\" -Wall -Wno-nonportable-include-path -g -O2 -fPIC -std=c++2a -g -O2   -iquote . -I.. -iquote ../fesvr -iquote ../riscv -iquote ../disasm -iquote ../customext -iquote ../fdt -iquote ../softfloat -iquote ../spike_main -iquote ../spike_dasm -I/usr/include  -fPIC -I../fdt -c pm4addu_h.cc -o pm4addu_h.o -MF pm4addu_h.d
g++ -MMD -MP  -DPREFIX=\"/usr/local\" -Wall -Wno-nonportable-include-path -g -O2 -fPIC -std=c++2a -g -O2   -iquote . -I.. -iquote ../fesvr -iquote ../riscv -iquote ../disasm -iquote ../customext -iquote ../fdt -iquote ../softfloat -iquote ../spike_main -iquote ../spike_dasm -I/usr/include  -fPIC -I../fdt -c pmq2add_w.cc -o pmq2add_w.o -MF pmq2add_w.d
g++ -MMD -MP  -DPREFIX=\"/usr/local\" -Wall -Wno-nonportable-include-path -g -O2 -fPIC -std=c++2a -g -O2   -iquote . -I.. -iquote ../fesvr -iquote ../riscv -iquote ../disasm -iquote ../customext -iquote ../fdt -iquote ../softfloat -iquote ../spike_main -iquote ../spike_dasm -I/usr/include  -fPIC -I../fdt -c pmq2adda_w.cc -o pmq2adda_w.o -MF pmq2adda_w.d
g++ -MMD -MP  -DPREFIX=\"/usr/local\" -Wall -Wno-nonportable-include-path -g -O2 -fPIC -std=c++2a -g -O2   -iquote . -I.. -iquote ../fesvr -iquote ../riscv -iquote ../disasm -iquote ../customext -iquote ../fdt -iquote ../softfloat -iquote ../spike_main -iquote ../spike_dasm -I/usr/include  -fPIC -I../fdt -c pmqr2add_w.cc -o pmqr2add_w.o -MF pmqr2add_w.d
g++ -MMD -MP  -DPREFIX=\"/usr/local\" -Wall -Wno-nonportable-include-path -g -O2 -fPIC -std=c++2a -g -O2   -iquote . -I.. -iquote ../fesvr -iquote ../riscv -iquote ../disasm -iquote ../customext -iquote ../fdt -iquote ../softfloat -iquote ../spike_main -iquote ../spike_dasm -I/usr/include  -fPIC -I../fdt -c pmqr2adda_w.cc -o pmqr2adda_w.o -MF pmqr2adda_w.d
g++ -MMD -MP  -DPREFIX=\"/usr/local\" -Wall -Wno-nonportable-include-path -g -O2 -fPIC -std=c++2a -g -O2   -iquote . -I.. -iquote ../fesvr -iquote ../riscv -iquote ../disasm -iquote ../customext -iquote ../fdt -iquote ../softfloat -iquote ../spike_main -iquote ../spike_dasm -I/usr/include  -fPIC -I../fdt -c sshl.cc -o sshl.o -MF sshl.d
g++ -MMD -MP  -DPREFIX=\"/usr/local\" -Wall -Wno-nonportable-include-path -g -O2 -fPIC -std=c++2a -g -O2   -iquote . -I.. -iquote ../fesvr -iquote ../riscv -iquote ../disasm -iquote ../customext -iquote ../fdt -iquote ../softfloat -iquote ../spike_main -iquote ../spike_dasm -I/usr/include  -fPIC -I../fdt -c sshlr.cc -o sshlr.o -MF sshlr.d
g++ -MMD -MP  -DPREFIX=\"/usr/local\" -Wall -Wno-nonportable-include-path -g -O2 -fPIC -std=c++2a -g -O2   -iquote . -I.. -iquote ../fesvr -iquote ../riscv -iquote ../disasm -iquote ../customext -iquote ../fdt -iquote ../softfloat -iquote ../spike_main -iquote ../spike_dasm -I/usr/include  -fPIC -I../fdt -c shl.cc -o shl.o -MF shl.d
g++ -MMD -MP  -DPREFIX=\"/usr/local\" -Wall -Wno-nonportable-include-path -g -O2 -fPIC -std=c++2a -g -O2   -iquote . -I.. -iquote ../fesvr -iquote ../riscv -iquote ../disasm -iquote ../customext -iquote ../fdt -iquote ../softfloat -iquote ../spike_main -iquote ../spike_dasm -I/usr/include  -fPIC -I../fdt -c shlr.cc -o shlr.o -MF shlr.d
g++ -MMD -MP  -DPREFIX=\"/usr/local\" -Wall -Wno-nonportable-include-path -g -O2 -fPIC -std=c++2a -g -O2   -iquote . -I.. -iquote ../fesvr -iquote ../riscv -iquote ../disasm -iquote ../customext -iquote ../fdt -iquote ../softfloat -iquote ../spike_main -iquote ../spike_dasm -I/usr/include  -fPIC -I../fdt -c psshl_hs.cc -o psshl_hs.o -MF psshl_hs.d
g++ -MMD -MP  -DPREFIX=\"/usr/local\" -Wall -Wno-nonportable-include-path -g -O2 -fPIC -std=c++2a -g -O2   -iquote . -I.. -iquote ../fesvr -iquote ../riscv -iquote ../disasm -iquote ../customext -iquote ../fdt -iquote ../softfloat -iquote ../spike_main -iquote ../spike_dasm -I/usr/include  -fPIC -I../fdt -c psshlr_hs.cc -o psshlr_hs.o -MF psshlr_hs.d
g++ -MMD -MP  -DPREFIX=\"/usr/local\" -Wall -Wno-nonportable-include-path -g -O2 -fPIC -std=c++2a -g -O2   -iquote . -I.. -iquote ../fesvr -iquote ../riscv -iquote ../disasm -iquote ../customext -iquote ../fdt -iquote ../softfloat -iquote ../spike_main -iquote ../spike_dasm -I/usr/include  -fPIC -I../fdt -c psshl_ws.cc -o psshl_ws.o -MF psshl_ws.d
g++ -MMD -MP  -DPREFIX=\"/usr/local\" -Wall -Wno-nonportable-include-path -g -O2 -fPIC -std=c++2a -g -O2   -iquote . -I.. -iquote ../fesvr -iquote ../riscv -iquote ../disasm -iquote ../customext -iquote ../fdt -iquote ../softfloat -iquote ../spike_main -iquote ../spike_dasm -I/usr/include  -fPIC -I../fdt -c psshlr_ws.cc -o psshlr_ws.o -MF psshlr_ws.d
g++ -MMD -MP  -DPREFIX=\"/usr/local\" -Wall -Wno-nonportable-include-path -g -O2 -fPIC -std=c++2a -g -O2   -iquote . -I.. -iquote ../fesvr -iquote ../riscv -iquote ../disasm -iquote ../customext -iquote ../fdt -iquote ../softfloat -iquote ../spike_main -iquote ../spike_dasm -I/usr/include  -fPIC -I../fdt -c psshl_dhs.cc -o psshl_dhs.o -MF psshl_dhs.d
g++ -MMD -MP  -DPREFIX=\"/usr/local\" -Wall -Wno-nonportable-include-path -g -O2 -fPIC -std=c++2a -g -O2   -iquote . -I.. -iquote ../fesvr -iquote ../riscv -iquote ../disasm -iquote ../customext -iquote ../fdt -iquote ../softfloat -iquote ../spike_main -iquote ../spike_dasm -I/usr/include  -fPIC -I../fdt -c psshlr_dhs.cc -o psshlr_dhs.o -MF psshlr_dhs.d
g++ -MMD -MP  -DPREFIX=\"/usr/local\" -Wall -Wno-nonportable-include-path -g -O2 -fPIC -std=c++2a -g -O2   -iquote . -I.. -iquote ../fesvr -iquote ../riscv -iquote ../disasm -iquote ../customext -iquote ../fdt -iquote ../softfloat -iquote ../spike_main -iquote ../spike_dasm -I/usr/include  -fPIC -I../fdt -c psshl_dws.cc -o psshl_dws.o -MF psshl_dws.d
g++ -MMD -MP  -DPREFIX=\"/usr/local\" -Wall -Wno-nonportable-include-path -g -O2 -fPIC -std=c++2a -g -O2   -iquote . -I.. -iquote ../fesvr -iquote ../riscv -iquote ../disasm -iquote ../customext -iquote ../fdt -iquote ../softfloat -iquote ../spike_main -iquote ../spike_dasm -I/usr/include  -fPIC -I../fdt -c psshlr_dws.cc -o psshlr_dws.o -MF psshlr_dws.d
g++ -MMD -MP  -DPREFIX=\"/usr/local\" -Wall -Wno-nonportable-include-path -g -O2 -fPIC -std=c++2a -g -O2   -iquote . -I.. -iquote ../fesvr -iquote ../riscv -iquote ../disasm -iquote ../customext -iquote ../fdt -iquote ../softfloat -iquote ../spike_main -iquote ../spike_dasm -I/usr/include  -fPIC -I../fdt -c pnclipp_b.cc -o pnclipp_b.o -MF pnclipp_b.d
g++ -MMD -MP  -DPREFIX=\"/usr/local\" -Wall -Wno-nonportable-include-path -g -O2 -fPIC -std=c++2a -g -O2   -iquote . -I.. -iquote ../fesvr -iquote ../riscv -iquote ../disasm -iquote ../customext -iquote ../fdt -iquote ../softfloat -iquote ../spike_main -iquote ../spike_dasm -I/usr/include  -fPIC -I../fdt -c pnclipp_h.cc -o pnclipp_h.o -MF pnclipp_h.d
g++ -MMD -MP  -DPREFIX=\"/usr/local\" -Wall -Wno-nonportable-include-path -g -O2 -fPIC -std=c++2a -g -O2   -iquote . -I.. -iquote ../fesvr -iquote ../riscv -iquote ../disasm -iquote ../customext -iquote ../fdt -iquote ../softfloat -iquote ../spike_main -iquote ../spike_dasm -I/usr/include  -fPIC -I../fdt -c pnclipp_w.cc -o pnclipp_w.o -MF pnclipp_w.d
g++ -MMD -MP  -DPREFIX=\"/usr/local\" -Wall -Wno-nonportable-include-path -g -O2 -fPIC -std=c++2a -g -O2   -iquote . -I.. -iquote ../fesvr -iquote ../riscv -iquote ../disasm -iquote ../customext -iquote ../fdt -iquote ../softfloat -iquote ../spike_main -iquote ../spike_dasm -I/usr/include  -fPIC -I../fdt -c pnclipup_b.cc -o pnclipup_b.o -MF pnclipup_b.d
g++ -MMD -MP  -DPREFIX=\"/usr/local\" -Wall -Wno-nonportable-include-path -g -O2 -fPIC -std=c++2a -g -O2   -iquote . -I.. -iquote ../fesvr -iquote ../riscv -iquote ../disasm -iquote ../customext -iquote ../fdt -iquote ../softfloat -iquote ../spike_main -iquote ../spike_dasm -I/usr/include  -fPIC -I../fdt -c pnclipup_h.cc -o pnclipup_h.o -MF pnclipup_h.d
g++ -MMD -MP  -DPREFIX=\"/usr/local\" -Wall -Wno-nonportable-include-path -g -O2 -fPIC -std=c++2a -g -O2   -iquote . -I.. -iquote ../fesvr -iquote ../riscv -iquote ../disasm -iquote ../customext -iquote ../fdt -iquote ../softfloat -iquote ../spike_main -iquote ../spike_dasm -I/usr/include  -fPIC -I../fdt -c pnclipup_w.cc -o pnclipup_w.o -MF pnclipup_w.d
g++ -MMD -MP  -DPREFIX=\"/usr/local\" -Wall -Wno-nonportable-include-path -g -O2 -fPIC -std=c++2a -g -O2   -iquote . -I.. -iquote ../fesvr -iquote ../riscv -iquote ../disasm -iquote ../customext -iquote ../fdt -iquote ../softfloat -iquote ../spike_main -iquote ../spike_dasm -I/usr/include  -fPIC -I../fdt -c hfence_gvma.cc -o hfence_gvma.o -MF hfence_gvma.d
g++ -MMD -MP  -DPREFIX=\"/usr/local\" -Wall -Wno-nonportable-include-path -g -O2 -fPIC -std=c++2a -g -O2   -iquote . -I.. -iquote ../fesvr -iquote ../riscv -iquote ../disasm -iquote ../customext -iquote ../fdt -iquote ../softfloat -iquote ../spike_main -iquote ../spike_dasm -I/usr/include  -fPIC -I../fdt -c hfence_vvma.cc -o hfence_vvma.o -MF hfence_vvma.d
g++ -MMD -MP  -DPREFIX=\"/usr/local\" -Wall -Wno-nonportable-include-path -g -O2 -fPIC -std=c++2a -g -O2   -iquote . -I.. -iquote ../fesvr -iquote ../riscv -iquote ../disasm -iquote ../customext -iquote ../fdt -iquote ../softfloat -iquote ../spike_main -iquote ../spike_dasm -I/usr/include  -fPIC -I../fdt -c hlv_b.cc -o hlv_b.o -MF hlv_b.d
g++ -MMD -MP  -DPREFIX=\"/usr/local\" -Wall -Wno-nonportable-include-path -g -O2 -fPIC -std=c++2a -g -O2   -iquote . -I.. -iquote ../fesvr -iquote ../riscv -iquote ../disasm -iquote ../customext -iquote ../fdt -iquote ../softfloat -iquote ../spike_main -iquote ../spike_dasm -I/usr/include  -fPIC -I../fdt -c hlv_bu.cc -o hlv_bu.o -MF hlv_bu.d
g++ -MMD -MP  -DPREFIX=\"/usr/local\" -Wall -Wno-nonportable-include-path -g -O2 -fPIC -std=c++2a -g -O2   -iquote . -I.. -iquote ../fesvr -iquote ../riscv -iquote ../disasm -iquote ../customext -iquote ../fdt -iquote ../softfloat -iquote ../spike_main -iquote ../spike_dasm -I/usr/include  -fPIC -I../fdt -c hlv_h.cc -o hlv_h.o -MF hlv_h.d
g++ -MMD -MP  -DPREFIX=\"/usr/local\" -Wall -Wno-nonportable-include-path -g -O2 -fPIC -std=c++2a -g -O2   -iquote . -I.. -iquote ../fesvr -iquote ../riscv -iquote ../disasm -iquote ../customext -iquote ../fdt -iquote ../softfloat -iquote ../spike_main -iquote ../spike_dasm -I/usr/include  -fPIC -I../fdt -c hlv_hu.cc -o hlv_hu.o -MF hlv_hu.d
g++ -MMD -MP  -DPREFIX=\"/usr/local\" -Wall -Wno-nonportable-include-path -g -O2 -fPIC -std=c++2a -g -O2   -iquote . -I.. -iquote ../fesvr -iquote ../riscv -iquote ../disasm -iquote ../customext -iquote ../fdt -iquote ../softfloat -iquote ../spike_main -iquote ../spike_dasm -I/usr/include  -fPIC -I../fdt -c hlvx_hu.cc -o hlvx_hu.o -MF hlvx_hu.d
g++ -MMD -MP  -DPREFIX=\"/usr/local\" -Wall -Wno-nonportable-include-path -g -O2 -fPIC -std=c++2a -g -O2   -iquote . -I.. -iquote ../fesvr -iquote ../riscv -iquote ../disasm -iquote ../customext -iquote ../fdt -iquote ../softfloat -iquote ../spike_main -iquote ../spike_dasm -I/usr/include  -fPIC -I../fdt -c hlv_w.cc -o hlv_w.o -MF hlv_w.d
g++ -MMD -MP  -DPREFIX=\"/usr/local\" -Wall -Wno-nonportable-include-path -g -O2 -fPIC -std=c++2a -g -O2   -iquote . -I.. -iquote ../fesvr -iquote ../riscv -iquote ../disasm -iquote ../customext -iquote ../fdt -iquote ../softfloat -iquote ../spike_main -iquote ../spike_dasm -I/usr/include  -fPIC -I../fdt -c hlv_wu.cc -o hlv_wu.o -MF hlv_wu.d
g++ -MMD -MP  -DPREFIX=\"/usr/local\" -Wall -Wno-nonportable-include-path -g -O2 -fPIC -std=c++2a -g -O2   -iquote . -I.. -iquote ../fesvr -iquote ../riscv -iquote ../disasm -iquote ../customext -iquote ../fdt -iquote ../softfloat -iquote ../spike_main -iquote ../spike_dasm -I/usr/include  -fPIC -I../fdt -c hlvx_wu.cc -o hlvx_wu.o -MF hlvx_wu.d
g++ -MMD -MP  -DPREFIX=\"/usr/local\" -Wall -Wno-nonportable-include-path -g -O2 -fPIC -std=c++2a -g -O2   -iquote . -I.. -iquote ../fesvr -iquote ../riscv -iquote ../disasm -iquote ../customext -iquote ../fdt -iquote ../softfloat -iquote ../spike_main -iquote ../spike_dasm -I/usr/include  -fPIC -I../fdt -c hlv_d.cc -o hlv_d.o -MF hlv_d.d
g++ -MMD -MP  -DPREFIX=\"/usr/local\" -Wall -Wno-nonportable-include-path -g -O2 -fPIC -std=c++2a -g -O2   -iquote . -I.. -iquote ../fesvr -iquote ../riscv -iquote ../disasm -iquote ../customext -iquote ../fdt -iquote ../softfloat -iquote ../spike_main -iquote ../spike_dasm -I/usr/include  -fPIC -I../fdt -c hsv_b.cc -o hsv_b.o -MF hsv_b.d
g++ -MMD -MP  -DPREFIX=\"/usr/local\" -Wall -Wno-nonportable-include-path -g -O2 -fPIC -std=c++2a -g -O2   -iquote . -I.. -iquote ../fesvr -iquote ../riscv -iquote ../disasm -iquote ../customext -iquote ../fdt -iquote ../softfloat -iquote ../spike_main -iquote ../spike_dasm -I/usr/include  -fPIC -I../fdt -c hsv_h.cc -o hsv_h.o -MF hsv_h.d
g++ -MMD -MP  -DPREFIX=\"/usr/local\" -Wall -Wno-nonportable-include-path -g -O2 -fPIC -std=c++2a -g -O2   -iquote . -I.. -iquote ../fesvr -iquote ../riscv -iquote ../disasm -iquote ../customext -iquote ../fdt -iquote ../softfloat -iquote ../spike_main -iquote ../spike_dasm -I/usr/include  -fPIC -I../fdt -c hsv_w.cc -o hsv_w.o -MF hsv_w.d
g++ -MMD -MP  -DPREFIX=\"/usr/local\" -Wall -Wno-nonportable-include-path -g -O2 -fPIC -std=c++2a -g -O2   -iquote . -I.. -iquote ../fesvr -iquote ../riscv -iquote ../disasm -iquote ../customext -iquote ../fdt -iquote ../softfloat -iquote ../spike_main -iquote ../spike_dasm -I/usr/include  -fPIC -I../fdt -c hsv_d.cc -o hsv_d.o -MF hsv_d.d
g++ -MMD -MP  -DPREFIX=\"/usr/local\" -Wall -Wno-nonportable-include-path -g -O2 -fPIC -std=c++2a -g -O2   -iquote . -I.. -iquote ../fesvr -iquote ../riscv -iquote ../disasm -iquote ../customext -iquote ../fdt -iquote ../softfloat -iquote ../spike_main -iquote ../spike_dasm -I/usr/include  -fPIC -I../fdt -c aes32dsi.cc -o aes32dsi.o -MF aes32dsi.d
g++ -MMD -MP  -DPREFIX=\"/usr/local\" -Wall -Wno-nonportable-include-path -g -O2 -fPIC -std=c++2a -g -O2   -iquote . -I.. -iquote ../fesvr -iquote ../riscv -iquote ../disasm -iquote ../customext -iquote ../fdt -iquote ../softfloat -iquote ../spike_main -iquote ../spike_dasm -I/usr/include  -fPIC -I../fdt -c aes32dsmi.cc -o aes32dsmi.o -MF aes32dsmi.d
g++ -MMD -MP  -DPREFIX=\"/usr/local\" -Wall -Wno-nonportable-include-path -g -O2 -fPIC -std=c++2a -g -O2   -iquote . -I.. -iquote ../fesvr -iquote ../riscv -iquote ../disasm -iquote ../customext -iquote ../fdt -iquote ../softfloat -iquote ../spike_main -iquote ../spike_dasm -I/usr/include  -fPIC -I../fdt -c aes32esi.cc -o aes32esi.o -MF aes32esi.d
g++ -MMD -MP  -DPREFIX=\"/usr/local\" -Wall -Wno-nonportable-include-path -g -O2 -fPIC -std=c++2a -g -O2   -iquote . -I.. -iquote ../fesvr -iquote ../riscv -iquote ../disasm -iquote ../customext -iquote ../fdt -iquote ../softfloat -iquote ../spike_main -iquote ../spike_dasm -I/usr/include  -fPIC -I../fdt -c aes32esmi.cc -o aes32esmi.o -MF aes32esmi.d
g++ -MMD -MP  -DPREFIX=\"/usr/local\" -Wall -Wno-nonportable-include-path -g -O2 -fPIC -std=c++2a -g -O2   -iquote . -I.. -iquote ../fesvr -iquote ../riscv -iquote ../disasm -iquote ../customext -iquote ../fdt -iquote ../softfloat -iquote ../spike_main -iquote ../spike_dasm -I/usr/include  -fPIC -I../fdt -c aes64ds.cc -o aes64ds.o -MF aes64ds.d
g++ -MMD -MP  -DPREFIX=\"/usr/local\" -Wall -Wno-nonportable-include-path -g -O2 -fPIC -std=c++2a -g -O2   -iquote . -I.. -iquote ../fesvr -iquote ../riscv -iquote ../disasm -iquote ../customext -iquote ../fdt -iquote ../softfloat -iquote ../spike_main -iquote ../spike_dasm -I/usr/include  -fPIC -I../fdt -c aes64dsm.cc -o aes64dsm.o -MF aes64dsm.d
g++ -MMD -MP  -DPREFIX=\"/usr/local\" -Wall -Wno-nonportable-include-path -g -O2 -fPIC -std=c++2a -g -O2   -iquote . -I.. -iquote ../fesvr -iquote ../riscv -iquote ../disasm -iquote ../customext -iquote ../fdt -iquote ../softfloat -iquote ../spike_main -iquote ../spike_dasm -I/usr/include  -fPIC -I../fdt -c aes64es.cc -o aes64es.o -MF aes64es.d
g++ -MMD -MP  -DPREFIX=\"/usr/local\" -Wall -Wno-nonportable-include-path -g -O2 -fPIC -std=c++2a -g -O2   -iquote . -I.. -iquote ../fesvr -iquote ../riscv -iquote ../disasm -iquote ../customext -iquote ../fdt -iquote ../softfloat -iquote ../spike_main -iquote ../spike_dasm -I/usr/include  -fPIC -I../fdt -c aes64esm.cc -o aes64esm.o -MF aes64esm.d
g++ -MMD -MP  -DPREFIX=\"/usr/local\" -Wall -Wno-nonportable-include-path -g -O2 -fPIC -std=c++2a -g -O2   -iquote . -I.. -iquote ../fesvr -iquote ../riscv -iquote ../disasm -iquote ../customext -iquote ../fdt -iquote ../softfloat -iquote ../spike_main -iquote ../spike_dasm -I/usr/include  -fPIC -I../fdt -c aes64ks1i.cc -o aes64ks1i.o -MF aes64ks1i.d
g++ -MMD -MP  -DPREFIX=\"/usr/local\" -Wall -Wno-nonportable-include-path -g -O2 -fPIC -std=c++2a -g -O2   -iquote . -I.. -iquote ../fesvr -iquote ../riscv -iquote ../disasm -iquote ../customext -iquote ../fdt -iquote ../softfloat -iquote ../spike_main -iquote ../spike_dasm -I/usr/include  -fPIC -I../fdt -c aes64ks2.cc -o aes64ks2.o -MF aes64ks2.d
g++ -MMD -MP  -DPREFIX=\"/usr/local\" -Wall -Wno-nonportable-include-path -g -O2 -fPIC -std=c++2a -g -O2   -iquote . -I.. -iquote ../fesvr -iquote ../riscv -iquote ../disasm -iquote ../customext -iquote ../fdt -iquote ../softfloat -iquote ../spike_main -iquote ../spike_dasm -I/usr/include  -fPIC -I../fdt -c aes64im.cc -o aes64im.o -MF aes64im.d
g++ -MMD -MP  -DPREFIX=\"/usr/local\" -Wall -Wno-nonportable-include-path -g -O2 -fPIC -std=c++2a -g -O2   -iquote . -I.. -iquote ../fesvr -iquote ../riscv -iquote ../disasm -iquote ../customext -iquote ../fdt -iquote ../softfloat -iquote ../spike_main -iquote ../spike_dasm -I/usr/include  -fPIC -I../fdt -c sha256sig0.cc -o sha256sig0.o -MF sha256sig0.d
g++ -MMD -MP  -DPREFIX=\"/usr/local\" -Wall -Wno-nonportable-include-path -g -O2 -fPIC -std=c++2a -g -O2   -iquote . -I.. -iquote ../fesvr -iquote ../riscv -iquote ../disasm -iquote ../customext -iquote ../fdt -iquote ../softfloat -iquote ../spike_main -iquote ../spike_dasm -I/usr/include  -fPIC -I../fdt -c sha256sig1.cc -o sha256sig1.o -MF sha256sig1.d
g++ -MMD -MP  -DPREFIX=\"/usr/local\" -Wall -Wno-nonportable-include-path -g -O2 -fPIC -std=c++2a -g -O2   -iquote . -I.. -iquote ../fesvr -iquote ../riscv -iquote ../disasm -iquote ../customext -iquote ../fdt -iquote ../softfloat -iquote ../spike_main -iquote ../spike_dasm -I/usr/include  -fPIC -I../fdt -c sha256sum0.cc -o sha256sum0.o -MF sha256sum0.d
g++ -MMD -MP  -DPREFIX=\"/usr/local\" -Wall -Wno-nonportable-include-path -g -O2 -fPIC -std=c++2a -g -O2   -iquote . -I.. -iquote ../fesvr -iquote ../riscv -iquote ../disasm -iquote ../customext -iquote ../fdt -iquote ../softfloat -iquote ../spike_main -iquote ../spike_dasm -I/usr/include  -fPIC -I../fdt -c sha256sum1.cc -o sha256sum1.o -MF sha256sum1.d
g++ -MMD -MP  -DPREFIX=\"/usr/local\" -Wall -Wno-nonportable-include-path -g -O2 -fPIC -std=c++2a -g -O2   -iquote . -I.. -iquote ../fesvr -iquote ../riscv -iquote ../disasm -iquote ../customext -iquote ../fdt -iquote ../softfloat -iquote ../spike_main -iquote ../spike_dasm -I/usr/include  -fPIC -I../fdt -c sha512sig0.cc -o sha512sig0.o -MF sha512sig0.d
g++ -MMD -MP  -DPREFIX=\"/usr/local\" -Wall -Wno-nonportable-include-path -g -O2 -fPIC -std=c++2a -g -O2   -iquote . -I.. -iquote ../fesvr -iquote ../riscv -iquote ../disasm -iquote ../customext -iquote ../fdt -iquote ../softfloat -iquote ../spike_main -iquote ../spike_dasm -I/usr/include  -fPIC -I../fdt -c sha512sig0h.cc -o sha512sig0h.o -MF sha512sig0h.d
g++ -MMD -MP  -DPREFIX=\"/usr/local\" -Wall -Wno-nonportable-include-path -g -O2 -fPIC -std=c++2a -g -O2   -iquote . -I.. -iquote ../fesvr -iquote ../riscv -iquote ../disasm -iquote ../customext -iquote ../fdt -iquote ../softfloat -iquote ../spike_main -iquote ../spike_dasm -I/usr/include  -fPIC -I../fdt -c sha512sig0l.cc -o sha512sig0l.o -MF sha512sig0l.d
g++ -MMD -MP  -DPREFIX=\"/usr/local\" -Wall -Wno-nonportable-include-path -g -O2 -fPIC -std=c++2a -g -O2   -iquote . -I.. -iquote ../fesvr -iquote ../riscv -iquote ../disasm -iquote ../customext -iquote ../fdt -iquote ../softfloat -iquote ../spike_main -iquote ../spike_dasm -I/usr/include  -fPIC -I../fdt -c sha512sig1.cc -o sha512sig1.o -MF sha512sig1.d
g++ -MMD -MP  -DPREFIX=\"/usr/local\" -Wall -Wno-nonportable-include-path -g -O2 -fPIC -std=c++2a -g -O2   -iquote . -I.. -iquote ../fesvr -iquote ../riscv -iquote ../disasm -iquote ../customext -iquote ../fdt -iquote ../softfloat -iquote ../spike_main -iquote ../spike_dasm -I/usr/include  -fPIC -I../fdt -c sha512sig1h.cc -o sha512sig1h.o -MF sha512sig1h.d
g++ -MMD -MP  -DPREFIX=\"/usr/local\" -Wall -Wno-nonportable-include-path -g -O2 -fPIC -std=c++2a -g -O2   -iquote . -I.. -iquote ../fesvr -iquote ../riscv -iquote ../disasm -iquote ../customext -iquote ../fdt -iquote ../softfloat -iquote ../spike_main -iquote ../spike_dasm -I/usr/include  -fPIC -I../fdt -c sha512sig1l.cc -o sha512sig1l.o -MF sha512sig1l.d
g++ -MMD -MP  -DPREFIX=\"/usr/local\" -Wall -Wno-nonportable-include-path -g -O2 -fPIC -std=c++2a -g -O2   -iquote . -I.. -iquote ../fesvr -iquote ../riscv -iquote ../disasm -iquote ../customext -iquote ../fdt -iquote ../softfloat -iquote ../spike_main -iquote ../spike_dasm -I/usr/include  -fPIC -I../fdt -c sha512sum0.cc -o sha512sum0.o -MF sha512sum0.d
g++ -MMD -MP  -DPREFIX=\"/usr/local\" -Wall -Wno-nonportable-include-path -g -O2 -fPIC -std=c++2a -g -O2   -iquote . -I.. -iquote ../fesvr -iquote ../riscv -iquote ../disasm -iquote ../customext -iquote ../fdt -iquote ../softfloat -iquote ../spike_main -iquote ../spike_dasm -I/usr/include  -fPIC -I../fdt -c sha512sum0r.cc -o sha512sum0r.o -MF sha512sum0r.d
g++ -MMD -MP  -DPREFIX=\"/usr/local\" -Wall -Wno-nonportable-include-path -g -O2 -fPIC -std=c++2a -g -O2   -iquote . -I.. -iquote ../fesvr -iquote ../riscv -iquote ../disasm -iquote ../customext -iquote ../fdt -iquote ../softfloat -iquote ../spike_main -iquote ../spike_dasm -I/usr/include  -fPIC -I../fdt -c sha512sum1.cc -o sha512sum1.o -MF sha512sum1.d
g++ -MMD -MP  -DPREFIX=\"/usr/local\" -Wall -Wno-nonportable-include-path -g -O2 -fPIC -std=c++2a -g -O2   -iquote . -I.. -iquote ../fesvr -iquote ../riscv -iquote ../disasm -iquote ../customext -iquote ../fdt -iquote ../softfloat -iquote ../spike_main -iquote ../spike_dasm -I/usr/include  -fPIC -I../fdt -c sha512sum1r.cc -o sha512sum1r.o -MF sha512sum1r.d
g++ -MMD -MP  -DPREFIX=\"/usr/local\" -Wall -Wno-nonportable-include-path -g -O2 -fPIC -std=c++2a -g -O2   -iquote . -I.. -iquote ../fesvr -iquote ../riscv -iquote ../disasm -iquote ../customext -iquote ../fdt -iquote ../softfloat -iquote ../spike_main -iquote ../spike_dasm -I/usr/include  -fPIC -I../fdt -c sm3p0.cc -o sm3p0.o -MF sm3p0.d
g++ -MMD -MP  -DPREFIX=\"/usr/local\" -Wall -Wno-nonportable-include-path -g -O2 -fPIC -std=c++2a -g -O2   -iquote . -I.. -iquote ../fesvr -iquote ../riscv -iquote ../disasm -iquote ../customext -iquote ../fdt -iquote ../softfloat -iquote ../spike_main -iquote ../spike_dasm -I/usr/include  -fPIC -I../fdt -c sm3p1.cc -o sm3p1.o -MF sm3p1.d
g++ -MMD -MP  -DPREFIX=\"/usr/local\" -Wall -Wno-nonportable-include-path -g -O2 -fPIC -std=c++2a -g -O2   -iquote . -I.. -iquote ../fesvr -iquote ../riscv -iquote ../disasm -iquote ../customext -iquote ../fdt -iquote ../softfloat -iquote ../spike_main -iquote ../spike_dasm -I/usr/include  -fPIC -I../fdt -c sm4ed.cc -o sm4ed.o -MF sm4ed.d
g++ -MMD -MP  -DPREFIX=\"/usr/local\" -Wall -Wno-nonportable-include-path -g -O2 -fPIC -std=c++2a -g -O2   -iquote . -I.. -iquote ../fesvr -iquote ../riscv -iquote ../disasm -iquote ../customext -iquote ../fdt -iquote ../softfloat -iquote ../spike_main -iquote ../spike_dasm -I/usr/include  -fPIC -I../fdt -c sm4ks.cc -o sm4ks.o -MF sm4ks.d
g++ -MMD -MP  -DPREFIX=\"/usr/local\" -Wall -Wno-nonportable-include-path -g -O2 -fPIC -std=c++2a -g -O2   -iquote . -I.. -iquote ../fesvr -iquote ../riscv -iquote ../disasm -iquote ../customext -iquote ../fdt -iquote ../softfloat -iquote ../spike_main -iquote ../spike_dasm -I/usr/include  -fPIC -I../fdt -c fadd_q.cc -o fadd_q.o -MF fadd_q.d
g++ -MMD -MP  -DPREFIX=\"/usr/local\" -Wall -Wno-nonportable-include-path -g -O2 -fPIC -std=c++2a -g -O2   -iquote . -I.. -iquote ../fesvr -iquote ../riscv -iquote ../disasm -iquote ../customext -iquote ../fdt -iquote ../softfloat -iquote ../spike_main -iquote ../spike_dasm -I/usr/include  -fPIC -I../fdt -c fclass_q.cc -o fclass_q.o -MF fclass_q.d
g++ -MMD -MP  -DPREFIX=\"/usr/local\" -Wall -Wno-nonportable-include-path -g -O2 -fPIC -std=c++2a -g -O2   -iquote . -I.. -iquote ../fesvr -iquote ../riscv -iquote ../disasm -iquote ../customext -iquote ../fdt -iquote ../softfloat -iquote ../spike_main -iquote ../spike_dasm -I/usr/include  -fPIC -I../fdt -c fcvt_l_q.cc -o fcvt_l_q.o -MF fcvt_l_q.d
g++ -MMD -MP  -DPREFIX=\"/usr/local\" -Wall -Wno-nonportable-include-path -g -O2 -fPIC -std=c++2a -g -O2   -iquote . -I.. -iquote ../fesvr -iquote ../riscv -iquote ../disasm -iquote ../customext -iquote ../fdt -iquote ../softfloat -iquote ../spike_main -iquote ../spike_dasm -I/usr/include  -fPIC -I../fdt -c fcvt_lu_q.cc -o fcvt_lu_q.o -MF fcvt_lu_q.d
g++ -MMD -MP  -DPREFIX=\"/usr/local\" -Wall -Wno-nonportable-include-path -g -O2 -fPIC -std=c++2a -g -O2   -iquote . -I.. -iquote ../fesvr -iquote ../riscv -iquote ../disasm -iquote ../customext -iquote ../fdt -iquote ../softfloat -iquote ../spike_main -iquote ../spike_dasm -I/usr/include  -fPIC -I../fdt -c fcvt_q_d.cc -o fcvt_q_d.o -MF fcvt_q_d.d
g++ -MMD -MP  -DPREFIX=\"/usr/local\" -Wall -Wno-nonportable-include-path -g -O2 -fPIC -std=c++2a -g -O2   -iquote . -I.. -iquote ../fesvr -iquote ../riscv -iquote ../disasm -iquote ../customext -iquote ../fdt -iquote ../softfloat -iquote ../spike_main -iquote ../spike_dasm -I/usr/include  -fPIC -I../fdt -c fcvt_q_l.cc -o fcvt_q_l.o -MF fcvt_q_l.d
g++ -MMD -MP  -DPREFIX=\"/usr/local\" -Wall -Wno-nonportable-include-path -g -O2 -fPIC -std=c++2a -g -O2   -iquote . -I.. -iquote ../fesvr -iquote ../riscv -iquote ../disasm -iquote ../customext -iquote ../fdt -iquote ../softfloat -iquote ../spike_main -iquote ../spike_dasm -I/usr/include  -fPIC -I../fdt -c fcvt_q_lu.cc -o fcvt_q_lu.o -MF fcvt_q_lu.d
g++ -MMD -MP  -DPREFIX=\"/usr/local\" -Wall -Wno-nonportable-include-path -g -O2 -fPIC -std=c++2a -g -O2   -iquote . -I.. -iquote ../fesvr -iquote ../riscv -iquote ../disasm -iquote ../customext -iquote ../fdt -iquote ../softfloat -iquote ../spike_main -iquote ../spike_dasm -I/usr/include  -fPIC -I../fdt -c fcvt_q_s.cc -o fcvt_q_s.o -MF fcvt_q_s.d
g++ -MMD -MP  -DPREFIX=\"/usr/local\" -Wall -Wno-nonportable-include-path -g -O2 -fPIC -std=c++2a -g -O2   -iquote . -I.. -iquote ../fesvr -iquote ../riscv -iquote ../disasm -iquote ../customext -iquote ../fdt -iquote ../softfloat -iquote ../spike_main -iquote ../spike_dasm -I/usr/include  -fPIC -I../fdt -c fcvt_q_w.cc -o fcvt_q_w.o -MF fcvt_q_w.d
g++ -MMD -MP  -DPREFIX=\"/usr/local\" -Wall -Wno-nonportable-include-path -g -O2 -fPIC -std=c++2a -g -O2   -iquote . -I.. -iquote ../fesvr -iquote ../riscv -iquote ../disasm -iquote ../customext -iquote ../fdt -iquote ../softfloat -iquote ../spike_main -iquote ../spike_dasm -I/usr/include  -fPIC -I../fdt -c fcvt_q_wu.cc -o fcvt_q_wu.o -MF fcvt_q_wu.d
g++ -MMD -MP  -DPREFIX=\"/usr/local\" -Wall -Wno-nonportable-include-path -g -O2 -fPIC -std=c++2a -g -O2   -iquote . -I.. -iquote ../fesvr -iquote ../riscv -iquote ../disasm -iquote ../customext -iquote ../fdt -iquote ../softfloat -iquote ../spike_main -iquote ../spike_dasm -I/usr/include  -fPIC -I../fdt -c fcvt_s_q.cc -o fcvt_s_q.o -MF fcvt_s_q.d
g++ -MMD -MP  -DPREFIX=\"/usr/local\" -Wall -Wno-nonportable-include-path -g -O2 -fPIC -std=c++2a -g -O2   -iquote . -I.. -iquote ../fesvr -iquote ../riscv -iquote ../disasm -iquote ../customext -iquote ../fdt -iquote ../softfloat -iquote ../spike_main -iquote ../spike_dasm -I/usr/include  -fPIC -I../fdt -c fcvt_w_q.cc -o fcvt_w_q.o -MF fcvt_w_q.d
g++ -MMD -MP  -DPREFIX=\"/usr/local\" -Wall -Wno-nonportable-include-path -g -O2 -fPIC -std=c++2a -g -O2   -iquote . -I.. -iquote ../fesvr -iquote ../riscv -iquote ../disasm -iquote ../customext -iquote ../fdt -iquote ../softfloat -iquote ../spike_main -iquote ../spike_dasm -I/usr/include  -fPIC -I../fdt -c fcvt_wu_q.cc -o fcvt_wu_q.o -MF fcvt_wu_q.d
g++ -MMD -MP  -DPREFIX=\"/usr/local\" -Wall -Wno-nonportable-include-path -g -O2 -fPIC -std=c++2a -g -O2   -iquote . -I.. -iquote ../fesvr -iquote ../riscv -iquote ../disasm -iquote ../customext -iquote ../fdt -iquote ../softfloat -iquote ../spike_main -iquote ../spike_dasm -I/usr/include  -fPIC -I../fdt -c fdiv_q.cc -o fdiv_q.o -MF fdiv_q.d
g++ -MMD -MP  -DPREFIX=\"/usr/local\" -Wall -Wno-nonportable-include-path -g -O2 -fPIC -std=c++2a -g -O2   -iquote . -I.. -iquote ../fesvr -iquote ../riscv -iquote ../disasm -iquote ../customext -iquote ../fdt -iquote ../softfloat -iquote ../spike_main -iquote ../spike_dasm -I/usr/include  -fPIC -I../fdt -c feq_q.cc -o feq_q.o -MF feq_q.d
g++ -MMD -MP  -DPREFIX=\"/usr/local\" -Wall -Wno-nonportable-include-path -g -O2 -fPIC -std=c++2a -g -O2   -iquote . -I.. -iquote ../fesvr -iquote ../riscv -iquote ../disasm -iquote ../customext -iquote ../fdt -iquote ../softfloat -iquote ../spike_main -iquote ../spike_dasm -I/usr/include  -fPIC -I../fdt -c fle_q.cc -o fle_q.o -MF fle_q.d
g++ -MMD -MP  -DPREFIX=\"/usr/local\" -Wall -Wno-nonportable-include-path -g -O2 -fPIC -std=c++2a -g -O2   -iquote . -I.. -iquote ../fesvr -iquote ../riscv -iquote ../disasm -iquote ../customext -iquote ../fdt -iquote ../softfloat -iquote ../spike_main -iquote ../spike_dasm -I/usr/include  -fPIC -I../fdt -c flq.cc -o flq.o -MF flq.d
g++ -MMD -MP  -DPREFIX=\"/usr/local\" -Wall -Wno-nonportable-include-path -g -O2 -fPIC -std=c++2a -g -O2   -iquote . -I.. -iquote ../fesvr -iquote ../riscv -iquote ../disasm -iquote ../customext -iquote ../fdt -iquote ../softfloat -iquote ../spike_main -iquote ../spike_dasm -I/usr/include  -fPIC -I../fdt -c flt_q.cc -o flt_q.o -MF flt_q.d
g++ -MMD -MP  -DPREFIX=\"/usr/local\" -Wall -Wno-nonportable-include-path -g -O2 -fPIC -std=c++2a -g -O2   -iquote . -I.. -iquote ../fesvr -iquote ../riscv -iquote ../disasm -iquote ../customext -iquote ../fdt -iquote ../softfloat -iquote ../spike_main -iquote ../spike_dasm -I/usr/include  -fPIC -I../fdt -c fmadd_q.cc -o fmadd_q.o -MF fmadd_q.d
g++ -MMD -MP  -DPREFIX=\"/usr/local\" -Wall -Wno-nonportable-include-path -g -O2 -fPIC -std=c++2a -g -O2   -iquote . -I.. -iquote ../fesvr -iquote ../riscv -iquote ../disasm -iquote ../customext -iquote ../fdt -iquote ../softfloat -iquote ../spike_main -iquote ../spike_dasm -I/usr/include  -fPIC -I../fdt -c fmax_q.cc -o fmax_q.o -MF fmax_q.d
g++ -MMD -MP  -DPREFIX=\"/usr/local\" -Wall -Wno-nonportable-include-path -g -O2 -fPIC -std=c++2a -g -O2   -iquote . -I.. -iquote ../fesvr -iquote ../riscv -iquote ../disasm -iquote ../customext -iquote ../fdt -iquote ../softfloat -iquote ../spike_main -iquote ../spike_dasm -I/usr/include  -fPIC -I../fdt -c fmin_q.cc -o fmin_q.o -MF fmin_q.d
g++ -MMD -MP  -DPREFIX=\"/usr/local\" -Wall -Wno-nonportable-include-path -g -O2 -fPIC -std=c++2a -g -O2   -iquote . -I.. -iquote ../fesvr -iquote ../riscv -iquote ../disasm -iquote ../customext -iquote ../fdt -iquote ../softfloat -iquote ../spike_main -iquote ../spike_dasm -I/usr/include  -fPIC -I../fdt -c fmsub_q.cc -o fmsub_q.o -MF fmsub_q.d
g++ -MMD -MP  -DPREFIX=\"/usr/local\" -Wall -Wno-nonportable-include-path -g -O2 -fPIC -std=c++2a -g -O2   -iquote . -I.. -iquote ../fesvr -iquote ../riscv -iquote ../disasm -iquote ../customext -iquote ../fdt -iquote ../softfloat -iquote ../spike_main -iquote ../spike_dasm -I/usr/include  -fPIC -I../fdt -c fmul_q.cc -o fmul_q.o -MF fmul_q.d
g++ -MMD -MP  -DPREFIX=\"/usr/local\" -Wall -Wno-nonportable-include-path -g -O2 -fPIC -std=c++2a -g -O2   -iquote . -I.. -iquote ../fesvr -iquote ../riscv -iquote ../disasm -iquote ../customext -iquote ../fdt -iquote ../softfloat -iquote ../spike_main -iquote ../spike_dasm -I/usr/include  -fPIC -I../fdt -c fnmadd_q.cc -o fnmadd_q.o -MF fnmadd_q.d
g++ -MMD -MP  -DPREFIX=\"/usr/local\" -Wall -Wno-nonportable-include-path -g -O2 -fPIC -std=c++2a -g -O2   -iquote . -I.. -iquote ../fesvr -iquote ../riscv -iquote ../disasm -iquote ../customext -iquote ../fdt -iquote ../softfloat -iquote ../spike_main -iquote ../spike_dasm -I/usr/include  -fPIC -I../fdt -c fnmsub_q.cc -o fnmsub_q.o -MF fnmsub_q.d
g++ -MMD -MP  -DPREFIX=\"/usr/local\" -Wall -Wno-nonportable-include-path -g -O2 -fPIC -std=c++2a -g -O2   -iquote . -I.. -iquote ../fesvr -iquote ../riscv -iquote ../disasm -iquote ../customext -iquote ../fdt -iquote ../softfloat -iquote ../spike_main -iquote ../spike_dasm -I/usr/include  -fPIC -I../fdt -c fsgnj_q.cc -o fsgnj_q.o -MF fsgnj_q.d
g++ -MMD -MP  -DPREFIX=\"/usr/local\" -Wall -Wno-nonportable-include-path -g -O2 -fPIC -std=c++2a -g -O2   -iquote . -I.. -iquote ../fesvr -iquote ../riscv -iquote ../disasm -iquote ../customext -iquote ../fdt -iquote ../softfloat -iquote ../spike_main -iquote ../spike_dasm -I/usr/include  -fPIC -I../fdt -c fsgnjn_q.cc -o fsgnjn_q.o -MF fsgnjn_q.d
g++ -MMD -MP  -DPREFIX=\"/usr/local\" -Wall -Wno-nonportable-include-path -g -O2 -fPIC -std=c++2a -g -O2   -iquote . -I.. -iquote ../fesvr -iquote ../riscv -iquote ../disasm -iquote ../customext -iquote ../fdt -iquote ../softfloat -iquote ../spike_main -iquote ../spike_dasm -I/usr/include  -fPIC -I../fdt -c fsgnjx_q.cc -o fsgnjx_q.o -MF fsgnjx_q.d
g++ -MMD -MP  -DPREFIX=\"/usr/local\" -Wall -Wno-nonportable-include-path -g -O2 -fPIC -std=c++2a -g -O2   -iquote . -I.. -iquote ../fesvr -iquote ../riscv -iquote ../disasm -iquote ../customext -iquote ../fdt -iquote ../softfloat -iquote ../spike_main -iquote ../spike_dasm -I/usr/include  -fPIC -I../fdt -c fsq.cc -o fsq.o -MF fsq.d
g++ -MMD -MP  -DPREFIX=\"/usr/local\" -Wall -Wno-nonportable-include-path -g -O2 -fPIC -std=c++2a -g -O2   -iquote . -I.. -iquote ../fesvr -iquote ../riscv -iquote ../disasm -iquote ../customext -iquote ../fdt -iquote ../softfloat -iquote ../spike_main -iquote ../spike_dasm -I/usr/include  -fPIC -I../fdt -c fsqrt_q.cc -o fsqrt_q.o -MF fsqrt_q.d
g++ -MMD -MP  -DPREFIX=\"/usr/local\" -Wall -Wno-nonportable-include-path -g -O2 -fPIC -std=c++2a -g -O2   -iquote . -I.. -iquote ../fesvr -iquote ../riscv -iquote ../disasm -iquote ../customext -iquote ../fdt -iquote ../softfloat -iquote ../spike_main -iquote ../spike_dasm -I/usr/include  -fPIC -I../fdt -c fsub_q.cc -o fsub_q.o -MF fsub_q.d
g++ -MMD -MP  -DPREFIX=\"/usr/local\" -Wall -Wno-nonportable-include-path -g -O2 -fPIC -std=c++2a -g -O2   -iquote . -I.. -iquote ../fesvr -iquote ../riscv -iquote ../disasm -iquote ../customext -iquote ../fdt -iquote ../softfloat -iquote ../spike_main -iquote ../spike_dasm -I/usr/include  -fPIC -I../fdt -c fli_q.cc -o fli_q.o -MF fli_q.d
g++ -MMD -MP  -DPREFIX=\"/usr/local\" -Wall -Wno-nonportable-include-path -g -O2 -fPIC -std=c++2a -g -O2   -iquote . -I.. -iquote ../fesvr -iquote ../riscv -iquote ../disasm -iquote ../customext -iquote ../fdt -iquote ../softfloat -iquote ../spike_main -iquote ../spike_dasm -I/usr/include  -fPIC -I../fdt -c fmaxm_q.cc -o fmaxm_q.o -MF fmaxm_q.d
g++ -MMD -MP  -DPREFIX=\"/usr/local\" -Wall -Wno-nonportable-include-path -g -O2 -fPIC -std=c++2a -g -O2   -iquote . -I.. -iquote ../fesvr -iquote ../riscv -iquote ../disasm -iquote ../customext -iquote ../fdt -iquote ../softfloat -iquote ../spike_main -iquote ../spike_dasm -I/usr/include  -fPIC -I../fdt -c fminm_q.cc -o fminm_q.o -MF fminm_q.d
g++ -MMD -MP  -DPREFIX=\"/usr/local\" -Wall -Wno-nonportable-include-path -g -O2 -fPIC -std=c++2a -g -O2   -iquote . -I.. -iquote ../fesvr -iquote ../riscv -iquote ../disasm -iquote ../customext -iquote ../fdt -iquote ../softfloat -iquote ../spike_main -iquote ../spike_dasm -I/usr/include  -fPIC -I../fdt -c fround_q.cc -o fround_q.o -MF fround_q.d
g++ -MMD -MP  -DPREFIX=\"/usr/local\" -Wall -Wno-nonportable-include-path -g -O2 -fPIC -std=c++2a -g -O2   -iquote . -I.. -iquote ../fesvr -iquote ../riscv -iquote ../disasm -iquote ../customext -iquote ../fdt -iquote ../softfloat -iquote ../spike_main -iquote ../spike_dasm -I/usr/include  -fPIC -I../fdt -c froundnx_q.cc -o froundnx_q.o -MF froundnx_q.d
g++ -MMD -MP  -DPREFIX=\"/usr/local\" -Wall -Wno-nonportable-include-path -g -O2 -fPIC -std=c++2a -g -O2   -iquote . -I.. -iquote ../fesvr -iquote ../riscv -iquote ../disasm -iquote ../customext -iquote ../fdt -iquote ../softfloat -iquote ../spike_main -iquote ../spike_dasm -I/usr/include  -fPIC -I../fdt -c fmvh_x_q.cc -o fmvh_x_q.o -MF fmvh_x_q.d
g++ -MMD -MP  -DPREFIX=\"/usr/local\" -Wall -Wno-nonportable-include-path -g -O2 -fPIC -std=c++2a -g -O2   -iquote . -I.. -iquote ../fesvr -iquote ../riscv -iquote ../disasm -iquote ../customext -iquote ../fdt -iquote ../softfloat -iquote ../spike_main -iquote ../spike_dasm -I/usr/include  -fPIC -I../fdt -c fmvp_q_x.cc -o fmvp_q_x.o -MF fmvp_q_x.d
g++ -MMD -MP  -DPREFIX=\"/usr/local\" -Wall -Wno-nonportable-include-path -g -O2 -fPIC -std=c++2a -g -O2   -iquote . -I.. -iquote ../fesvr -iquote ../riscv -iquote ../disasm -iquote ../customext -iquote ../fdt -iquote ../softfloat -iquote ../spike_main -iquote ../spike_dasm -I/usr/include  -fPIC -I../fdt -c fleq_q.cc -o fleq_q.o -MF fleq_q.d
g++ -MMD -MP  -DPREFIX=\"/usr/local\" -Wall -Wno-nonportable-include-path -g -O2 -fPIC -std=c++2a -g -O2   -iquote . -I.. -iquote ../fesvr -iquote ../riscv -iquote ../disasm -iquote ../customext -iquote ../fdt -iquote ../softfloat -iquote ../spike_main -iquote ../spike_dasm -I/usr/include  -fPIC -I../fdt -c fltq_q.cc -o fltq_q.o -MF fltq_q.d
g++ -MMD -MP  -DPREFIX=\"/usr/local\" -Wall -Wno-nonportable-include-path -g -O2 -fPIC -std=c++2a -g -O2   -iquote . -I.. -iquote ../fesvr -iquote ../riscv -iquote ../disasm -iquote ../customext -iquote ../fdt -iquote ../softfloat -iquote ../spike_main -iquote ../spike_dasm -I/usr/include  -fPIC -I../fdt -c amocas_w.cc -o amocas_w.o -MF amocas_w.d
g++ -MMD -MP  -DPREFIX=\"/usr/local\" -Wall -Wno-nonportable-include-path -g -O2 -fPIC -std=c++2a -g -O2   -iquote . -I.. -iquote ../fesvr -iquote ../riscv -iquote ../disasm -iquote ../customext -iquote ../fdt -iquote ../softfloat -iquote ../spike_main -iquote ../spike_dasm -I/usr/include  -fPIC -I../fdt -c amocas_d.cc -o amocas_d.o -MF amocas_d.d
g++ -MMD -MP  -DPREFIX=\"/usr/local\" -Wall -Wno-nonportable-include-path -g -O2 -fPIC -std=c++2a -g -O2   -iquote . -I.. -iquote ../fesvr -iquote ../riscv -iquote ../disasm -iquote ../customext -iquote ../fdt -iquote ../softfloat -iquote ../spike_main -iquote ../spike_dasm -I/usr/include  -fPIC -I../fdt -c amocas_q.cc -o amocas_q.o -MF amocas_q.d
g++ -MMD -MP  -DPREFIX=\"/usr/local\" -Wall -Wno-nonportable-include-path -g -O2 -fPIC -std=c++2a -g -O2   -iquote . -I.. -iquote ../fesvr -iquote ../riscv -iquote ../disasm -iquote ../customext -iquote ../fdt -iquote ../softfloat -iquote ../spike_main -iquote ../spike_dasm -I/usr/include  -fPIC -I../fdt -c amoadd_b.cc -o amoadd_b.o -MF amoadd_b.d
g++ -MMD -MP  -DPREFIX=\"/usr/local\" -Wall -Wno-nonportable-include-path -g -O2 -fPIC -std=c++2a -g -O2   -iquote . -I.. -iquote ../fesvr -iquote ../riscv -iquote ../disasm -iquote ../customext -iquote ../fdt -iquote ../softfloat -iquote ../spike_main -iquote ../spike_dasm -I/usr/include  -fPIC -I../fdt -c amoand_b.cc -o amoand_b.o -MF amoand_b.d
g++ -MMD -MP  -DPREFIX=\"/usr/local\" -Wall -Wno-nonportable-include-path -g -O2 -fPIC -std=c++2a -g -O2   -iquote . -I.. -iquote ../fesvr -iquote ../riscv -iquote ../disasm -iquote ../customext -iquote ../fdt -iquote ../softfloat -iquote ../spike_main -iquote ../spike_dasm -I/usr/include  -fPIC -I../fdt -c amomax_b.cc -o amomax_b.o -MF amomax_b.d
g++ -MMD -MP  -DPREFIX=\"/usr/local\" -Wall -Wno-nonportable-include-path -g -O2 -fPIC -std=c++2a -g -O2   -iquote . -I.. -iquote ../fesvr -iquote ../riscv -iquote ../disasm -iquote ../customext -iquote ../fdt -iquote ../softfloat -iquote ../spike_main -iquote ../spike_dasm -I/usr/include  -fPIC -I../fdt -c amomaxu_b.cc -o amomaxu_b.o -MF amomaxu_b.d
g++ -MMD -MP  -DPREFIX=\"/usr/local\" -Wall -Wno-nonportable-include-path -g -O2 -fPIC -std=c++2a -g -O2   -iquote . -I.. -iquote ../fesvr -iquote ../riscv -iquote ../disasm -iquote ../customext -iquote ../fdt -iquote ../softfloat -iquote ../spike_main -iquote ../spike_dasm -I/usr/include  -fPIC -I../fdt -c amomin_b.cc -o amomin_b.o -MF amomin_b.d
g++ -MMD -MP  -DPREFIX=\"/usr/local\" -Wall -Wno-nonportable-include-path -g -O2 -fPIC -std=c++2a -g -O2   -iquote . -I.. -iquote ../fesvr -iquote ../riscv -iquote ../disasm -iquote ../customext -iquote ../fdt -iquote ../softfloat -iquote ../spike_main -iquote ../spike_dasm -I/usr/include  -fPIC -I../fdt -c amominu_b.cc -o amominu_b.o -MF amominu_b.d
g++ -MMD -MP  -DPREFIX=\"/usr/local\" -Wall -Wno-nonportable-include-path -g -O2 -fPIC -std=c++2a -g -O2   -iquote . -I.. -iquote ../fesvr -iquote ../riscv -iquote ../disasm -iquote ../customext -iquote ../fdt -iquote ../softfloat -iquote ../spike_main -iquote ../spike_dasm -I/usr/include  -fPIC -I../fdt -c amoor_b.cc -o amoor_b.o -MF amoor_b.d
g++ -MMD -MP  -DPREFIX=\"/usr/local\" -Wall -Wno-nonportable-include-path -g -O2 -fPIC -std=c++2a -g -O2   -iquote . -I.. -iquote ../fesvr -iquote ../riscv -iquote ../disasm -iquote ../customext -iquote ../fdt -iquote ../softfloat -iquote ../spike_main -iquote ../spike_dasm -I/usr/include  -fPIC -I../fdt -c amoswap_b.cc -o amoswap_b.o -MF amoswap_b.d
g++ -MMD -MP  -DPREFIX=\"/usr/local\" -Wall -Wno-nonportable-include-path -g -O2 -fPIC -std=c++2a -g -O2   -iquote . -I.. -iquote ../fesvr -iquote ../riscv -iquote ../disasm -iquote ../customext -iquote ../fdt -iquote ../softfloat -iquote ../spike_main -iquote ../spike_dasm -I/usr/include  -fPIC -I../fdt -c amoxor_b.cc -o amoxor_b.o -MF amoxor_b.d
g++ -MMD -MP  -DPREFIX=\"/usr/local\" -Wall -Wno-nonportable-include-path -g -O2 -fPIC -std=c++2a -g -O2   -iquote . -I.. -iquote ../fesvr -iquote ../riscv -iquote ../disasm -iquote ../customext -iquote ../fdt -iquote ../softfloat -iquote ../spike_main -iquote ../spike_dasm -I/usr/include  -fPIC -I../fdt -c amocas_b.cc -o amocas_b.o -MF amocas_b.d
g++ -MMD -MP  -DPREFIX=\"/usr/local\" -Wall -Wno-nonportable-include-path -g -O2 -fPIC -std=c++2a -g -O2   -iquote . -I.. -iquote ../fesvr -iquote ../riscv -iquote ../disasm -iquote ../customext -iquote ../fdt -iquote ../softfloat -iquote ../spike_main -iquote ../spike_dasm -I/usr/include  -fPIC -I../fdt -c amoadd_h.cc -o amoadd_h.o -MF amoadd_h.d
g++ -MMD -MP  -DPREFIX=\"/usr/local\" -Wall -Wno-nonportable-include-path -g -O2 -fPIC -std=c++2a -g -O2   -iquote . -I.. -iquote ../fesvr -iquote ../riscv -iquote ../disasm -iquote ../customext -iquote ../fdt -iquote ../softfloat -iquote ../spike_main -iquote ../spike_dasm -I/usr/include  -fPIC -I../fdt -c amoand_h.cc -o amoand_h.o -MF amoand_h.d
g++ -MMD -MP  -DPREFIX=\"/usr/local\" -Wall -Wno-nonportable-include-path -g -O2 -fPIC -std=c++2a -g -O2   -iquote . -I.. -iquote ../fesvr -iquote ../riscv -iquote ../disasm -iquote ../customext -iquote ../fdt -iquote ../softfloat -iquote ../spike_main -iquote ../spike_dasm -I/usr/include  -fPIC -I../fdt -c amomax_h.cc -o amomax_h.o -MF amomax_h.d
g++ -MMD -MP  -DPREFIX=\"/usr/local\" -Wall -Wno-nonportable-include-path -g -O2 -fPIC -std=c++2a -g -O2   -iquote . -I.. -iquote ../fesvr -iquote ../riscv -iquote ../disasm -iquote ../customext -iquote ../fdt -iquote ../softfloat -iquote ../spike_main -iquote ../spike_dasm -I/usr/include  -fPIC -I../fdt -c amomaxu_h.cc -o amomaxu_h.o -MF amomaxu_h.d
g++ -MMD -MP  -DPREFIX=\"/usr/local\" -Wall -Wno-nonportable-include-path -g -O2 -fPIC -std=c++2a -g -O2   -iquote . -I.. -iquote ../fesvr -iquote ../riscv -iquote ../disasm -iquote ../customext -iquote ../fdt -iquote ../softfloat -iquote ../spike_main -iquote ../spike_dasm -I/usr/include  -fPIC -I../fdt -c amomin_h.cc -o amomin_h.o -MF amomin_h.d
g++ -MMD -MP  -DPREFIX=\"/usr/local\" -Wall -Wno-nonportable-include-path -g -O2 -fPIC -std=c++2a -g -O2   -iquote . -I.. -iquote ../fesvr -iquote ../riscv -iquote ../disasm -iquote ../customext -iquote ../fdt -iquote ../softfloat -iquote ../spike_main -iquote ../spike_dasm -I/usr/include  -fPIC -I../fdt -c amominu_h.cc -o amominu_h.o -MF amominu_h.d
g++ -MMD -MP  -DPREFIX=\"/usr/local\" -Wall -Wno-nonportable-include-path -g -O2 -fPIC -std=c++2a -g -O2   -iquote . -I.. -iquote ../fesvr -iquote ../riscv -iquote ../disasm -iquote ../customext -iquote ../fdt -iquote ../softfloat -iquote ../spike_main -iquote ../spike_dasm -I/usr/include  -fPIC -I../fdt -c amoor_h.cc -o amoor_h.o -MF amoor_h.d
g++ -MMD -MP  -DPREFIX=\"/usr/local\" -Wall -Wno-nonportable-include-path -g -O2 -fPIC -std=c++2a -g -O2   -iquote . -I.. -iquote ../fesvr -iquote ../riscv -iquote ../disasm -iquote ../customext -iquote ../fdt -iquote ../softfloat -iquote ../spike_main -iquote ../spike_dasm -I/usr/include  -fPIC -I../fdt -c amoswap_h.cc -o amoswap_h.o -MF amoswap_h.d
g++ -MMD -MP  -DPREFIX=\"/usr/local\" -Wall -Wno-nonportable-include-path -g -O2 -fPIC -std=c++2a -g -O2   -iquote . -I.. -iquote ../fesvr -iquote ../riscv -iquote ../disasm -iquote ../customext -iquote ../fdt -iquote ../softfloat -iquote ../spike_main -iquote ../spike_dasm -I/usr/include  -fPIC -I../fdt -c amoxor_h.cc -o amoxor_h.o -MF amoxor_h.d
g++ -MMD -MP  -DPREFIX=\"/usr/local\" -Wall -Wno-nonportable-include-path -g -O2 -fPIC -std=c++2a -g -O2   -iquote . -I.. -iquote ../fesvr -iquote ../riscv -iquote ../disasm -iquote ../customext -iquote ../fdt -iquote ../softfloat -iquote ../spike_main -iquote ../spike_dasm -I/usr/include  -fPIC -I../fdt -c amocas_h.cc -o amocas_h.o -MF amocas_h.d
g++ -MMD -MP  -DPREFIX=\"/usr/local\" -Wall -Wno-nonportable-include-path -g -O2 -fPIC -std=c++2a -g -O2   -iquote . -I.. -iquote ../fesvr -iquote ../riscv -iquote ../disasm -iquote ../customext -iquote ../fdt -iquote ../softfloat -iquote ../spike_main -iquote ../spike_dasm -I/usr/include  -fPIC -I../fdt -c wrs_sto.cc -o wrs_sto.o -MF wrs_sto.d
g++ -MMD -MP  -DPREFIX=\"/usr/local\" -Wall -Wno-nonportable-include-path -g -O2 -fPIC -std=c++2a -g -O2   -iquote . -I.. -iquote ../fesvr -iquote ../riscv -iquote ../disasm -iquote ../customext -iquote ../fdt -iquote ../softfloat -iquote ../spike_main -iquote ../spike_dasm -I/usr/include  -fPIC -I../fdt -c wrs_nto.cc -o wrs_nto.o -MF wrs_nto.d
g++ -MMD -MP  -DPREFIX=\"/usr/local\" -Wall -Wno-nonportable-include-path -g -O2 -fPIC -std=c++2a -g -O2   -iquote . -I.. -iquote ../fesvr -iquote ../riscv -iquote ../disasm -iquote ../customext -iquote ../fdt -iquote ../softfloat -iquote ../spike_main -iquote ../spike_dasm -I/usr/include  -fPIC -I../fdt -c lb_aq.cc -o lb_aq.o -MF lb_aq.d
g++ -MMD -MP  -DPREFIX=\"/usr/local\" -Wall -Wno-nonportable-include-path -g -O2 -fPIC -std=c++2a -g -O2   -iquote . -I.. -iquote ../fesvr -iquote ../riscv -iquote ../disasm -iquote ../customext -iquote ../fdt -iquote ../softfloat -iquote ../spike_main -iquote ../spike_dasm -I/usr/include  -fPIC -I../fdt -c lh_aq.cc -o lh_aq.o -MF lh_aq.d
g++ -MMD -MP  -DPREFIX=\"/usr/local\" -Wall -Wno-nonportable-include-path -g -O2 -fPIC -std=c++2a -g -O2   -iquote . -I.. -iquote ../fesvr -iquote ../riscv -iquote ../disasm -iquote ../customext -iquote ../fdt -iquote ../softfloat -iquote ../spike_main -iquote ../spike_dasm -I/usr/include  -fPIC -I../fdt -c lw_aq.cc -o lw_aq.o -MF lw_aq.d
g++ -MMD -MP  -DPREFIX=\"/usr/local\" -Wall -Wno-nonportable-include-path -g -O2 -fPIC -std=c++2a -g -O2   -iquote . -I.. -iquote ../fesvr -iquote ../riscv -iquote ../disasm -iquote ../customext -iquote ../fdt -iquote ../softfloat -iquote ../spike_main -iquote ../spike_dasm -I/usr/include  -fPIC -I../fdt -c ld_aq.cc -o ld_aq.o -MF ld_aq.d
g++ -MMD -MP  -DPREFIX=\"/usr/local\" -Wall -Wno-nonportable-include-path -g -O2 -fPIC -std=c++2a -g -O2   -iquote . -I.. -iquote ../fesvr -iquote ../riscv -iquote ../disasm -iquote ../customext -iquote ../fdt -iquote ../softfloat -iquote ../spike_main -iquote ../spike_dasm -I/usr/include  -fPIC -I../fdt -c sb_rl.cc -o sb_rl.o -MF sb_rl.d
g++ -MMD -MP  -DPREFIX=\"/usr/local\" -Wall -Wno-nonportable-include-path -g -O2 -fPIC -std=c++2a -g -O2   -iquote . -I.. -iquote ../fesvr -iquote ../riscv -iquote ../disasm -iquote ../customext -iquote ../fdt -iquote ../softfloat -iquote ../spike_main -iquote ../spike_dasm -I/usr/include  -fPIC -I../fdt -c sh_rl.cc -o sh_rl.o -MF sh_rl.d
g++ -MMD -MP  -DPREFIX=\"/usr/local\" -Wall -Wno-nonportable-include-path -g -O2 -fPIC -std=c++2a -g -O2   -iquote . -I.. -iquote ../fesvr -iquote ../riscv -iquote ../disasm -iquote ../customext -iquote ../fdt -iquote ../softfloat -iquote ../spike_main -iquote ../spike_dasm -I/usr/include  -fPIC -I../fdt -c sw_rl.cc -o sw_rl.o -MF sw_rl.d
g++ -MMD -MP  -DPREFIX=\"/usr/local\" -Wall -Wno-nonportable-include-path -g -O2 -fPIC -std=c++2a -g -O2   -iquote . -I.. -iquote ../fesvr -iquote ../riscv -iquote ../disasm -iquote ../customext -iquote ../fdt -iquote ../softfloat -iquote ../spike_main -iquote ../spike_dasm -I/usr/include  -fPIC -I../fdt -c sd_rl.cc -o sd_rl.o -MF sd_rl.d
g++ -MMD -MP  -DPREFIX=\"/usr/local\" -Wall -Wno-nonportable-include-path -g -O2 -fPIC -std=c++2a -g -O2   -iquote . -I.. -iquote ../fesvr -iquote ../riscv -iquote ../disasm -iquote ../customext -iquote ../fdt -iquote ../softfloat -iquote ../spike_main -iquote ../spike_dasm -I/usr/include  -fPIC -I../fdt -c c_zext_b.cc -o c_zext_b.o -MF c_zext_b.d
g++ -MMD -MP  -DPREFIX=\"/usr/local\" -Wall -Wno-nonportable-include-path -g -O2 -fPIC -std=c++2a -g -O2   -iquote . -I.. -iquote ../fesvr -iquote ../riscv -iquote ../disasm -iquote ../customext -iquote ../fdt -iquote ../softfloat -iquote ../spike_main -iquote ../spike_dasm -I/usr/include  -fPIC -I../fdt -c c_zext_h.cc -o c_zext_h.o -MF c_zext_h.d
g++ -MMD -MP  -DPREFIX=\"/usr/local\" -Wall -Wno-nonportable-include-path -g -O2 -fPIC -std=c++2a -g -O2   -iquote . -I.. -iquote ../fesvr -iquote ../riscv -iquote ../disasm -iquote ../customext -iquote ../fdt -iquote ../softfloat -iquote ../spike_main -iquote ../spike_dasm -I/usr/include  -fPIC -I../fdt -c c_zext_w.cc -o c_zext_w.o -MF c_zext_w.d
g++ -MMD -MP  -DPREFIX=\"/usr/local\" -Wall -Wno-nonportable-include-path -g -O2 -fPIC -std=c++2a -g -O2   -iquote . -I.. -iquote ../fesvr -iquote ../riscv -iquote ../disasm -iquote ../customext -iquote ../fdt -iquote ../softfloat -iquote ../spike_main -iquote ../spike_dasm -I/usr/include  -fPIC -I../fdt -c c_sext_b.cc -o c_sext_b.o -MF c_sext_b.d
g++ -MMD -MP  -DPREFIX=\"/usr/local\" -Wall -Wno-nonportable-include-path -g -O2 -fPIC -std=c++2a -g -O2   -iquote . -I.. -iquote ../fesvr -iquote ../riscv -iquote ../disasm -iquote ../customext -iquote ../fdt -iquote ../softfloat -iquote ../spike_main -iquote ../spike_dasm -I/usr/include  -fPIC -I../fdt -c c_sext_h.cc -o c_sext_h.o -MF c_sext_h.d
g++ -MMD -MP  -DPREFIX=\"/usr/local\" -Wall -Wno-nonportable-include-path -g -O2 -fPIC -std=c++2a -g -O2   -iquote . -I.. -iquote ../fesvr -iquote ../riscv -iquote ../disasm -iquote ../customext -iquote ../fdt -iquote ../softfloat -iquote ../spike_main -iquote ../spike_dasm -I/usr/include  -fPIC -I../fdt -c c_not.cc -o c_not.o -MF c_not.d
g++ -MMD -MP  -DPREFIX=\"/usr/local\" -Wall -Wno-nonportable-include-path -g -O2 -fPIC -std=c++2a -g -O2   -iquote . -I.. -iquote ../fesvr -iquote ../riscv -iquote ../disasm -iquote ../customext -iquote ../fdt -iquote ../softfloat -iquote ../spike_main -iquote ../spike_dasm -I/usr/include  -fPIC -I../fdt -c c_mul.cc -o c_mul.o -MF c_mul.d
g++ -MMD -MP  -DPREFIX=\"/usr/local\" -Wall -Wno-nonportable-include-path -g -O2 -fPIC -std=c++2a -g -O2   -iquote . -I.. -iquote ../fesvr -iquote ../riscv -iquote ../disasm -iquote ../customext -iquote ../fdt -iquote ../softfloat -iquote ../spike_main -iquote ../spike_dasm -I/usr/include  -fPIC -I../fdt -c c_lbu.cc -o c_lbu.o -MF c_lbu.d
g++ -MMD -MP  -DPREFIX=\"/usr/local\" -Wall -Wno-nonportable-include-path -g -O2 -fPIC -std=c++2a -g -O2   -iquote . -I.. -iquote ../fesvr -iquote ../riscv -iquote ../disasm -iquote ../customext -iquote ../fdt -iquote ../softfloat -iquote ../spike_main -iquote ../spike_dasm -I/usr/include  -fPIC -I../fdt -c c_lhu.cc -o c_lhu.o -MF c_lhu.d
g++ -MMD -MP  -DPREFIX=\"/usr/local\" -Wall -Wno-nonportable-include-path -g -O2 -fPIC -std=c++2a -g -O2   -iquote . -I.. -iquote ../fesvr -iquote ../riscv -iquote ../disasm -iquote ../customext -iquote ../fdt -iquote ../softfloat -iquote ../spike_main -iquote ../spike_dasm -I/usr/include  -fPIC -I../fdt -c c_lh.cc -o c_lh.o -MF c_lh.d
g++ -MMD -MP  -DPREFIX=\"/usr/local\" -Wall -Wno-nonportable-include-path -g -O2 -fPIC -std=c++2a -g -O2   -iquote . -I.. -iquote ../fesvr -iquote ../riscv -iquote ../disasm -iquote ../customext -iquote ../fdt -iquote ../softfloat -iquote ../spike_main -iquote ../spike_dasm -I/usr/include  -fPIC -I../fdt -c c_sb.cc -o c_sb.o -MF c_sb.d
g++ -MMD -MP  -DPREFIX=\"/usr/local\" -Wall -Wno-nonportable-include-path -g -O2 -fPIC -std=c++2a -g -O2   -iquote . -I.. -iquote ../fesvr -iquote ../riscv -iquote ../disasm -iquote ../customext -iquote ../fdt -iquote ../softfloat -iquote ../spike_main -iquote ../spike_dasm -I/usr/include  -fPIC -I../fdt -c c_sh.cc -o c_sh.o -MF c_sh.d
g++ -MMD -MP  -DPREFIX=\"/usr/local\" -Wall -Wno-nonportable-include-path -g -O2 -fPIC -std=c++2a -g -O2   -iquote . -I.. -iquote ../fesvr -iquote ../riscv -iquote ../disasm -iquote ../customext -iquote ../fdt -iquote ../softfloat -iquote ../spike_main -iquote ../spike_dasm -I/usr/include  -fPIC -I../fdt -c cm_push.cc -o cm_push.o -MF cm_push.d
g++ -MMD -MP  -DPREFIX=\"/usr/local\" -Wall -Wno-nonportable-include-path -g -O2 -fPIC -std=c++2a -g -O2   -iquote . -I.. -iquote ../fesvr -iquote ../riscv -iquote ../disasm -iquote ../customext -iquote ../fdt -iquote ../softfloat -iquote ../spike_main -iquote ../spike_dasm -I/usr/include  -fPIC -I../fdt -c cm_pop.cc -o cm_pop.o -MF cm_pop.d
g++ -MMD -MP  -DPREFIX=\"/usr/local\" -Wall -Wno-nonportable-include-path -g -O2 -fPIC -std=c++2a -g -O2   -iquote . -I.. -iquote ../fesvr -iquote ../riscv -iquote ../disasm -iquote ../customext -iquote ../fdt -iquote ../softfloat -iquote ../spike_main -iquote ../spike_dasm -I/usr/include  -fPIC -I../fdt -c cm_popret.cc -o cm_popret.o -MF cm_popret.d
g++ -MMD -MP  -DPREFIX=\"/usr/local\" -Wall -Wno-nonportable-include-path -g -O2 -fPIC -std=c++2a -g -O2   -iquote . -I.. -iquote ../fesvr -iquote ../riscv -iquote ../disasm -iquote ../customext -iquote ../fdt -iquote ../softfloat -iquote ../spike_main -iquote ../spike_dasm -I/usr/include  -fPIC -I../fdt -c cm_popretz.cc -o cm_popretz.o -MF cm_popretz.d
g++ -MMD -MP  -DPREFIX=\"/usr/local\" -Wall -Wno-nonportable-include-path -g -O2 -fPIC -std=c++2a -g -O2   -iquote . -I.. -iquote ../fesvr -iquote ../riscv -iquote ../disasm -iquote ../customext -iquote ../fdt -iquote ../softfloat -iquote ../spike_main -iquote ../spike_dasm -I/usr/include  -fPIC -I../fdt -c cm_mva01s.cc -o cm_mva01s.o -MF cm_mva01s.d
g++ -MMD -MP  -DPREFIX=\"/usr/local\" -Wall -Wno-nonportable-include-path -g -O2 -fPIC -std=c++2a -g -O2   -iquote . -I.. -iquote ../fesvr -iquote ../riscv -iquote ../disasm -iquote ../customext -iquote ../fdt -iquote ../softfloat -iquote ../spike_main -iquote ../spike_dasm -I/usr/include  -fPIC -I../fdt -c cm_mvsa01.cc -o cm_mvsa01.o -MF cm_mvsa01.d
g++ -MMD -MP  -DPREFIX=\"/usr/local\" -Wall -Wno-nonportable-include-path -g -O2 -fPIC -std=c++2a -g -O2   -iquote . -I.. -iquote ../fesvr -iquote ../riscv -iquote ../disasm -iquote ../customext -iquote ../fdt -iquote ../softfloat -iquote ../spike_main -iquote ../spike_dasm -I/usr/include  -fPIC -I../fdt -c cm_jalt.cc -o cm_jalt.o -MF cm_jalt.d
g++ -MMD -MP  -DPREFIX=\"/usr/local\" -Wall -Wno-nonportable-include-path -g -O2 -fPIC -std=c++2a -g -O2   -iquote . -I.. -iquote ../fesvr -iquote ../riscv -iquote ../disasm -iquote ../customext -iquote ../fdt -iquote ../softfloat -iquote ../spike_main -iquote ../spike_dasm -I/usr/include  -fPIC -I../fdt -c fadd_h.cc -o fadd_h.o -MF fadd_h.d
g++ -MMD -MP  -DPREFIX=\"/usr/local\" -Wall -Wno-nonportable-include-path -g -O2 -fPIC -std=c++2a -g -O2   -iquote . -I.. -iquote ../fesvr -iquote ../riscv -iquote ../disasm -iquote ../customext -iquote ../fdt -iquote ../softfloat -iquote ../spike_main -iquote ../spike_dasm -I/usr/include  -fPIC -I../fdt -c fclass_h.cc -o fclass_h.o -MF fclass_h.d
g++ -MMD -MP  -DPREFIX=\"/usr/local\" -Wall -Wno-nonportable-include-path -g -O2 -fPIC -std=c++2a -g -O2   -iquote . -I.. -iquote ../fesvr -iquote ../riscv -iquote ../disasm -iquote ../customext -iquote ../fdt -iquote ../softfloat -iquote ../spike_main -iquote ../spike_dasm -I/usr/include  -fPIC -I../fdt -c fcvt_l_h.cc -o fcvt_l_h.o -MF fcvt_l_h.d
g++ -MMD -MP  -DPREFIX=\"/usr/local\" -Wall -Wno-nonportable-include-path -g -O2 -fPIC -std=c++2a -g -O2   -iquote . -I.. -iquote ../fesvr -iquote ../riscv -iquote ../disasm -iquote ../customext -iquote ../fdt -iquote ../softfloat -iquote ../spike_main -iquote ../spike_dasm -I/usr/include  -fPIC -I../fdt -c fcvt_lu_h.cc -o fcvt_lu_h.o -MF fcvt_lu_h.d
g++ -MMD -MP  -DPREFIX=\"/usr/local\" -Wall -Wno-nonportable-include-path -g -O2 -fPIC -std=c++2a -g -O2   -iquote . -I.. -iquote ../fesvr -iquote ../riscv -iquote ../disasm -iquote ../customext -iquote ../fdt -iquote ../softfloat -iquote ../spike_main -iquote ../spike_dasm -I/usr/include  -fPIC -I../fdt -c fcvt_d_h.cc -o fcvt_d_h.o -MF fcvt_d_h.d
g++ -MMD -MP  -DPREFIX=\"/usr/local\" -Wall -Wno-nonportable-include-path -g -O2 -fPIC -std=c++2a -g -O2   -iquote . -I.. -iquote ../fesvr -iquote ../riscv -iquote ../disasm -iquote ../customext -iquote ../fdt -iquote ../softfloat -iquote ../spike_main -iquote ../spike_dasm -I/usr/include  -fPIC -I../fdt -c fcvt_h_d.cc -o fcvt_h_d.o -MF fcvt_h_d.d
g++ -MMD -MP  -DPREFIX=\"/usr/local\" -Wall -Wno-nonportable-include-path -g -O2 -fPIC -std=c++2a -g -O2   -iquote . -I.. -iquote ../fesvr -iquote ../riscv -iquote ../disasm -iquote ../customext -iquote ../fdt -iquote ../softfloat -iquote ../spike_main -iquote ../spike_dasm -I/usr/include  -fPIC -I../fdt -c fcvt_h_l.cc -o fcvt_h_l.o -MF fcvt_h_l.d
g++ -MMD -MP  -DPREFIX=\"/usr/local\" -Wall -Wno-nonportable-include-path -g -O2 -fPIC -std=c++2a -g -O2   -iquote . -I.. -iquote ../fesvr -iquote ../riscv -iquote ../disasm -iquote ../customext -iquote ../fdt -iquote ../softfloat -iquote ../spike_main -iquote ../spike_dasm -I/usr/include  -fPIC -I../fdt -c fcvt_h_lu.cc -o fcvt_h_lu.o -MF fcvt_h_lu.d
g++ -MMD -MP  -DPREFIX=\"/usr/local\" -Wall -Wno-nonportable-include-path -g -O2 -fPIC -std=c++2a -g -O2   -iquote . -I.. -iquote ../fesvr -iquote ../riscv -iquote ../disasm -iquote ../customext -iquote ../fdt -iquote ../softfloat -iquote ../spike_main -iquote ../spike_dasm -I/usr/include  -fPIC -I../fdt -c fcvt_h_q.cc -o fcvt_h_q.o -MF fcvt_h_q.d
g++ -MMD -MP  -DPREFIX=\"/usr/local\" -Wall -Wno-nonportable-include-path -g -O2 -fPIC -std=c++2a -g -O2   -iquote . -I.. -iquote ../fesvr -iquote ../riscv -iquote ../disasm -iquote ../customext -iquote ../fdt -iquote ../softfloat -iquote ../spike_main -iquote ../spike_dasm -I/usr/include  -fPIC -I../fdt -c fcvt_h_s.cc -o fcvt_h_s.o -MF fcvt_h_s.d
g++ -MMD -MP  -DPREFIX=\"/usr/local\" -Wall -Wno-nonportable-include-path -g -O2 -fPIC -std=c++2a -g -O2   -iquote . -I.. -iquote ../fesvr -iquote ../riscv -iquote ../disasm -iquote ../customext -iquote ../fdt -iquote ../softfloat -iquote ../spike_main -iquote ../spike_dasm -I/usr/include  -fPIC -I../fdt -c fcvt_h_w.cc -o fcvt_h_w.o -MF fcvt_h_w.d
g++ -MMD -MP  -DPREFIX=\"/usr/local\" -Wall -Wno-nonportable-include-path -g -O2 -fPIC -std=c++2a -g -O2   -iquote . -I.. -iquote ../fesvr -iquote ../riscv -iquote ../disasm -iquote ../customext -iquote ../fdt -iquote ../softfloat -iquote ../spike_main -iquote ../spike_dasm -I/usr/include  -fPIC -I../fdt -c fcvt_h_wu.cc -o fcvt_h_wu.o -MF fcvt_h_wu.d
g++ -MMD -MP  -DPREFIX=\"/usr/local\" -Wall -Wno-nonportable-include-path -g -O2 -fPIC -std=c++2a -g -O2   -iquote . -I.. -iquote ../fesvr -iquote ../riscv -iquote ../disasm -iquote ../customext -iquote ../fdt -iquote ../softfloat -iquote ../spike_main -iquote ../spike_dasm -I/usr/include  -fPIC -I../fdt -c fcvt_q_h.cc -o fcvt_q_h.o -MF fcvt_q_h.d
g++ -MMD -MP  -DPREFIX=\"/usr/local\" -Wall -Wno-nonportable-include-path -g -O2 -fPIC -std=c++2a -g -O2   -iquote . -I.. -iquote ../fesvr -iquote ../riscv -iquote ../disasm -iquote ../customext -iquote ../fdt -iquote ../softfloat -iquote ../spike_main -iquote ../spike_dasm -I/usr/include  -fPIC -I../fdt -c fcvt_s_h.cc -o fcvt_s_h.o -MF fcvt_s_h.d
g++ -MMD -MP  -DPREFIX=\"/usr/local\" -Wall -Wno-nonportable-include-path -g -O2 -fPIC -std=c++2a -g -O2   -iquote . -I.. -iquote ../fesvr -iquote ../riscv -iquote ../disasm -iquote ../customext -iquote ../fdt -iquote ../softfloat -iquote ../spike_main -iquote ../spike_dasm -I/usr/include  -fPIC -I../fdt -c fcvt_w_h.cc -o fcvt_w_h.o -MF fcvt_w_h.d
g++ -MMD -MP  -DPREFIX=\"/usr/local\" -Wall -Wno-nonportable-include-path -g -O2 -fPIC -std=c++2a -g -O2   -iquote . -I.. -iquote ../fesvr -iquote ../riscv -iquote ../disasm -iquote ../customext -iquote ../fdt -iquote ../softfloat -iquote ../spike_main -iquote ../spike_dasm -I/usr/include  -fPIC -I../fdt -c fcvt_wu_h.cc -o fcvt_wu_h.o -MF fcvt_wu_h.d
g++ -MMD -MP  -DPREFIX=\"/usr/local\" -Wall -Wno-nonportable-include-path -g -O2 -fPIC -std=c++2a -g -O2   -iquote . -I.. -iquote ../fesvr -iquote ../riscv -iquote ../disasm -iquote ../customext -iquote ../fdt -iquote ../softfloat -iquote ../spike_main -iquote ../spike_dasm -I/usr/include  -fPIC -I../fdt -c fdiv_h.cc -o fdiv_h.o -MF fdiv_h.d
g++ -MMD -MP  -DPREFIX=\"/usr/local\" -Wall -Wno-nonportable-include-path -g -O2 -fPIC -std=c++2a -g -O2   -iquote . -I.. -iquote ../fesvr -iquote ../riscv -iquote ../disasm -iquote ../customext -iquote ../fdt -iquote ../softfloat -iquote ../spike_main -iquote ../spike_dasm -I/usr/include  -fPIC -I../fdt -c feq_h.cc -o feq_h.o -MF feq_h.d
g++ -MMD -MP  -DPREFIX=\"/usr/local\" -Wall -Wno-nonportable-include-path -g -O2 -fPIC -std=c++2a -g -O2   -iquote . -I.. -iquote ../fesvr -iquote ../riscv -iquote ../disasm -iquote ../customext -iquote ../fdt -iquote ../softfloat -iquote ../spike_main -iquote ../spike_dasm -I/usr/include  -fPIC -I../fdt -c fle_h.cc -o fle_h.o -MF fle_h.d
g++ -MMD -MP  -DPREFIX=\"/usr/local\" -Wall -Wno-nonportable-include-path -g -O2 -fPIC -std=c++2a -g -O2   -iquote . -I.. -iquote ../fesvr -iquote ../riscv -iquote ../disasm -iquote ../customext -iquote ../fdt -iquote ../softfloat -iquote ../spike_main -iquote ../spike_dasm -I/usr/include  -fPIC -I../fdt -c flh.cc -o flh.o -MF flh.d
g++ -MMD -MP  -DPREFIX=\"/usr/local\" -Wall -Wno-nonportable-include-path -g -O2 -fPIC -std=c++2a -g -O2   -iquote . -I.. -iquote ../fesvr -iquote ../riscv -iquote ../disasm -iquote ../customext -iquote ../fdt -iquote ../softfloat -iquote ../spike_main -iquote ../spike_dasm -I/usr/include  -fPIC -I../fdt -c flt_h.cc -o flt_h.o -MF flt_h.d
g++ -MMD -MP  -DPREFIX=\"/usr/local\" -Wall -Wno-nonportable-include-path -g -O2 -fPIC -std=c++2a -g -O2   -iquote . -I.. -iquote ../fesvr -iquote ../riscv -iquote ../disasm -iquote ../customext -iquote ../fdt -iquote ../softfloat -iquote ../spike_main -iquote ../spike_dasm -I/usr/include  -fPIC -I../fdt -c fmadd_h.cc -o fmadd_h.o -MF fmadd_h.d
g++ -MMD -MP  -DPREFIX=\"/usr/local\" -Wall -Wno-nonportable-include-path -g -O2 -fPIC -std=c++2a -g -O2   -iquote . -I.. -iquote ../fesvr -iquote ../riscv -iquote ../disasm -iquote ../customext -iquote ../fdt -iquote ../softfloat -iquote ../spike_main -iquote ../spike_dasm -I/usr/include  -fPIC -I../fdt -c fmax_h.cc -o fmax_h.o -MF fmax_h.d
g++ -MMD -MP  -DPREFIX=\"/usr/local\" -Wall -Wno-nonportable-include-path -g -O2 -fPIC -std=c++2a -g -O2   -iquote . -I.. -iquote ../fesvr -iquote ../riscv -iquote ../disasm -iquote ../customext -iquote ../fdt -iquote ../softfloat -iquote ../spike_main -iquote ../spike_dasm -I/usr/include  -fPIC -I../fdt -c fmin_h.cc -o fmin_h.o -MF fmin_h.d
g++ -MMD -MP  -DPREFIX=\"/usr/local\" -Wall -Wno-nonportable-include-path -g -O2 -fPIC -std=c++2a -g -O2   -iquote . -I.. -iquote ../fesvr -iquote ../riscv -iquote ../disasm -iquote ../customext -iquote ../fdt -iquote ../softfloat -iquote ../spike_main -iquote ../spike_dasm -I/usr/include  -fPIC -I../fdt -c fmsub_h.cc -o fmsub_h.o -MF fmsub_h.d
g++ -MMD -MP  -DPREFIX=\"/usr/local\" -Wall -Wno-nonportable-include-path -g -O2 -fPIC -std=c++2a -g -O2   -iquote . -I.. -iquote ../fesvr -iquote ../riscv -iquote ../disasm -iquote ../customext -iquote ../fdt -iquote ../softfloat -iquote ../spike_main -iquote ../spike_dasm -I/usr/include  -fPIC -I../fdt -c fmul_h.cc -o fmul_h.o -MF fmul_h.d
g++ -MMD -MP  -DPREFIX=\"/usr/local\" -Wall -Wno-nonportable-include-path -g -O2 -fPIC -std=c++2a -g -O2   -iquote . -I.. -iquote ../fesvr -iquote ../riscv -iquote ../disasm -iquote ../customext -iquote ../fdt -iquote ../softfloat -iquote ../spike_main -iquote ../spike_dasm -I/usr/include  -fPIC -I../fdt -c fmv_h_x.cc -o fmv_h_x.o -MF fmv_h_x.d
g++ -MMD -MP  -DPREFIX=\"/usr/local\" -Wall -Wno-nonportable-include-path -g -O2 -fPIC -std=c++2a -g -O2   -iquote . -I.. -iquote ../fesvr -iquote ../riscv -iquote ../disasm -iquote ../customext -iquote ../fdt -iquote ../softfloat -iquote ../spike_main -iquote ../spike_dasm -I/usr/include  -fPIC -I../fdt -c fmv_x_h.cc -o fmv_x_h.o -MF fmv_x_h.d
g++ -MMD -MP  -DPREFIX=\"/usr/local\" -Wall -Wno-nonportable-include-path -g -O2 -fPIC -std=c++2a -g -O2   -iquote . -I.. -iquote ../fesvr -iquote ../riscv -iquote ../disasm -iquote ../customext -iquote ../fdt -iquote ../softfloat -iquote ../spike_main -iquote ../spike_dasm -I/usr/include  -fPIC -I../fdt -c fnmadd_h.cc -o fnmadd_h.o -MF fnmadd_h.d
g++ -MMD -MP  -DPREFIX=\"/usr/local\" -Wall -Wno-nonportable-include-path -g -O2 -fPIC -std=c++2a -g -O2   -iquote . -I.. -iquote ../fesvr -iquote ../riscv -iquote ../disasm -iquote ../customext -iquote ../fdt -iquote ../softfloat -iquote ../spike_main -iquote ../spike_dasm -I/usr/include  -fPIC -I../fdt -c fnmsub_h.cc -o fnmsub_h.o -MF fnmsub_h.d
g++ -MMD -MP  -DPREFIX=\"/usr/local\" -Wall -Wno-nonportable-include-path -g -O2 -fPIC -std=c++2a -g -O2   -iquote . -I.. -iquote ../fesvr -iquote ../riscv -iquote ../disasm -iquote ../customext -iquote ../fdt -iquote ../softfloat -iquote ../spike_main -iquote ../spike_dasm -I/usr/include  -fPIC -I../fdt -c fsgnj_h.cc -o fsgnj_h.o -MF fsgnj_h.d
g++ -MMD -MP  -DPREFIX=\"/usr/local\" -Wall -Wno-nonportable-include-path -g -O2 -fPIC -std=c++2a -g -O2   -iquote . -I.. -iquote ../fesvr -iquote ../riscv -iquote ../disasm -iquote ../customext -iquote ../fdt -iquote ../softfloat -iquote ../spike_main -iquote ../spike_dasm -I/usr/include  -fPIC -I../fdt -c fsgnjn_h.cc -o fsgnjn_h.o -MF fsgnjn_h.d
g++ -MMD -MP  -DPREFIX=\"/usr/local\" -Wall -Wno-nonportable-include-path -g -O2 -fPIC -std=c++2a -g -O2   -iquote . -I.. -iquote ../fesvr -iquote ../riscv -iquote ../disasm -iquote ../customext -iquote ../fdt -iquote ../softfloat -iquote ../spike_main -iquote ../spike_dasm -I/usr/include  -fPIC -I../fdt -c fsgnjx_h.cc -o fsgnjx_h.o -MF fsgnjx_h.d
g++ -MMD -MP  -DPREFIX=\"/usr/local\" -Wall -Wno-nonportable-include-path -g -O2 -fPIC -std=c++2a -g -O2   -iquote . -I.. -iquote ../fesvr -iquote ../riscv -iquote ../disasm -iquote ../customext -iquote ../fdt -iquote ../softfloat -iquote ../spike_main -iquote ../spike_dasm -I/usr/include  -fPIC -I../fdt -c fsh.cc -o fsh.o -MF fsh.d
g++ -MMD -MP  -DPREFIX=\"/usr/local\" -Wall -Wno-nonportable-include-path -g -O2 -fPIC -std=c++2a -g -O2   -iquote . -I.. -iquote ../fesvr -iquote ../riscv -iquote ../disasm -iquote ../customext -iquote ../fdt -iquote ../softfloat -iquote ../spike_main -iquote ../spike_dasm -I/usr/include  -fPIC -I../fdt -c fsqrt_h.cc -o fsqrt_h.o -MF fsqrt_h.d
g++ -MMD -MP  -DPREFIX=\"/usr/local\" -Wall -Wno-nonportable-include-path -g -O2 -fPIC -std=c++2a -g -O2   -iquote . -I.. -iquote ../fesvr -iquote ../riscv -iquote ../disasm -iquote ../customext -iquote ../fdt -iquote ../softfloat -iquote ../spike_main -iquote ../spike_dasm -I/usr/include  -fPIC -I../fdt -c fsub_h.cc -o fsub_h.o -MF fsub_h.d
g++ -MMD -MP  -DPREFIX=\"/usr/local\" -Wall -Wno-nonportable-include-path -g -O2 -fPIC -std=c++2a -g -O2   -iquote . -I.. -iquote ../fesvr -iquote ../riscv -iquote ../disasm -iquote ../customext -iquote ../fdt -iquote ../softfloat -iquote ../spike_main -iquote ../spike_dasm -I/usr/include  -fPIC -I../fdt -c fli_h.cc -o fli_h.o -MF fli_h.d
g++ -MMD -MP  -DPREFIX=\"/usr/local\" -Wall -Wno-nonportable-include-path -g -O2 -fPIC -std=c++2a -g -O2   -iquote . -I.. -iquote ../fesvr -iquote ../riscv -iquote ../disasm -iquote ../customext -iquote ../fdt -iquote ../softfloat -iquote ../spike_main -iquote ../spike_dasm -I/usr/include  -fPIC -I../fdt -c fmaxm_h.cc -o fmaxm_h.o -MF fmaxm_h.d
g++ -MMD -MP  -DPREFIX=\"/usr/local\" -Wall -Wno-nonportable-include-path -g -O2 -fPIC -std=c++2a -g -O2   -iquote . -I.. -iquote ../fesvr -iquote ../riscv -iquote ../disasm -iquote ../customext -iquote ../fdt -iquote ../softfloat -iquote ../spike_main -iquote ../spike_dasm -I/usr/include  -fPIC -I../fdt -c fminm_h.cc -o fminm_h.o -MF fminm_h.d
g++ -MMD -MP  -DPREFIX=\"/usr/local\" -Wall -Wno-nonportable-include-path -g -O2 -fPIC -std=c++2a -g -O2   -iquote . -I.. -iquote ../fesvr -iquote ../riscv -iquote ../disasm -iquote ../customext -iquote ../fdt -iquote ../softfloat -iquote ../spike_main -iquote ../spike_dasm -I/usr/include  -fPIC -I../fdt -c fround_h.cc -o fround_h.o -MF fround_h.d
g++ -MMD -MP  -DPREFIX=\"/usr/local\" -Wall -Wno-nonportable-include-path -g -O2 -fPIC -std=c++2a -g -O2   -iquote . -I.. -iquote ../fesvr -iquote ../riscv -iquote ../disasm -iquote ../customext -iquote ../fdt -iquote ../softfloat -iquote ../spike_main -iquote ../spike_dasm -I/usr/include  -fPIC -I../fdt -c froundnx_h.cc -o froundnx_h.o -MF froundnx_h.d
g++ -MMD -MP  -DPREFIX=\"/usr/local\" -Wall -Wno-nonportable-include-path -g -O2 -fPIC -std=c++2a -g -O2   -iquote . -I.. -iquote ../fesvr -iquote ../riscv -iquote ../disasm -iquote ../customext -iquote ../fdt -iquote ../softfloat -iquote ../spike_main -iquote ../spike_dasm -I/usr/include  -fPIC -I../fdt -c fleq_h.cc -o fleq_h.o -MF fleq_h.d
g++ -MMD -MP  -DPREFIX=\"/usr/local\" -Wall -Wno-nonportable-include-path -g -O2 -fPIC -std=c++2a -g -O2   -iquote . -I.. -iquote ../fesvr -iquote ../riscv -iquote ../disasm -iquote ../customext -iquote ../fdt -iquote ../softfloat -iquote ../spike_main -iquote ../spike_dasm -I/usr/include  -fPIC -I../fdt -c fltq_h.cc -o fltq_h.o -MF fltq_h.d
g++ -MMD -MP  -DPREFIX=\"/usr/local\" -Wall -Wno-nonportable-include-path -g -O2 -fPIC -std=c++2a -g -O2   -iquote . -I.. -iquote ../fesvr -iquote ../riscv -iquote ../disasm -iquote ../customext -iquote ../fdt -iquote ../softfloat -iquote ../spike_main -iquote ../spike_dasm -I/usr/include  -fPIC -I../fdt -c czero_eqz.cc -o czero_eqz.o -MF czero_eqz.d
g++ -MMD -MP  -DPREFIX=\"/usr/local\" -Wall -Wno-nonportable-include-path -g -O2 -fPIC -std=c++2a -g -O2   -iquote . -I.. -iquote ../fesvr -iquote ../riscv -iquote ../disasm -iquote ../customext -iquote ../fdt -iquote ../softfloat -iquote ../spike_main -iquote ../spike_dasm -I/usr/include  -fPIC -I../fdt -c czero_nez.cc -o czero_nez.o -MF czero_nez.d
g++ -MMD -MP  -DPREFIX=\"/usr/local\" -Wall -Wno-nonportable-include-path -g -O2 -fPIC -std=c++2a -g -O2   -iquote . -I.. -iquote ../fesvr -iquote ../riscv -iquote ../disasm -iquote ../customext -iquote ../fdt -iquote ../softfloat -iquote ../spike_main -iquote ../spike_dasm -I/usr/include  -fPIC -I../fdt -c vandn_vv.cc -o vandn_vv.o -MF vandn_vv.d
g++ -MMD -MP  -DPREFIX=\"/usr/local\" -Wall -Wno-nonportable-include-path -g -O2 -fPIC -std=c++2a -g -O2   -iquote . -I.. -iquote ../fesvr -iquote ../riscv -iquote ../disasm -iquote ../customext -iquote ../fdt -iquote ../softfloat -iquote ../spike_main -iquote ../spike_dasm -I/usr/include  -fPIC -I../fdt -c vandn_vx.cc -o vandn_vx.o -MF vandn_vx.d
g++ -MMD -MP  -DPREFIX=\"/usr/local\" -Wall -Wno-nonportable-include-path -g -O2 -fPIC -std=c++2a -g -O2   -iquote . -I.. -iquote ../fesvr -iquote ../riscv -iquote ../disasm -iquote ../customext -iquote ../fdt -iquote ../softfloat -iquote ../spike_main -iquote ../spike_dasm -I/usr/include  -fPIC -I../fdt -c vbrev8_v.cc -o vbrev8_v.o -MF vbrev8_v.d
g++ -MMD -MP  -DPREFIX=\"/usr/local\" -Wall -Wno-nonportable-include-path -g -O2 -fPIC -std=c++2a -g -O2   -iquote . -I.. -iquote ../fesvr -iquote ../riscv -iquote ../disasm -iquote ../customext -iquote ../fdt -iquote ../softfloat -iquote ../spike_main -iquote ../spike_dasm -I/usr/include  -fPIC -I../fdt -c vbrev_v.cc -o vbrev_v.o -MF vbrev_v.d
g++ -MMD -MP  -DPREFIX=\"/usr/local\" -Wall -Wno-nonportable-include-path -g -O2 -fPIC -std=c++2a -g -O2   -iquote . -I.. -iquote ../fesvr -iquote ../riscv -iquote ../disasm -iquote ../customext -iquote ../fdt -iquote ../softfloat -iquote ../spike_main -iquote ../spike_dasm -I/usr/include  -fPIC -I../fdt -c vclz_v.cc -o vclz_v.o -MF vclz_v.d
g++ -MMD -MP  -DPREFIX=\"/usr/local\" -Wall -Wno-nonportable-include-path -g -O2 -fPIC -std=c++2a -g -O2   -iquote . -I.. -iquote ../fesvr -iquote ../riscv -iquote ../disasm -iquote ../customext -iquote ../fdt -iquote ../softfloat -iquote ../spike_main -iquote ../spike_dasm -I/usr/include  -fPIC -I../fdt -c vcpop_v.cc -o vcpop_v.o -MF vcpop_v.d
g++ -MMD -MP  -DPREFIX=\"/usr/local\" -Wall -Wno-nonportable-include-path -g -O2 -fPIC -std=c++2a -g -O2   -iquote . -I.. -iquote ../fesvr -iquote ../riscv -iquote ../disasm -iquote ../customext -iquote ../fdt -iquote ../softfloat -iquote ../spike_main -iquote ../spike_dasm -I/usr/include  -fPIC -I../fdt -c vctz_v.cc -o vctz_v.o -MF vctz_v.d
g++ -MMD -MP  -DPREFIX=\"/usr/local\" -Wall -Wno-nonportable-include-path -g -O2 -fPIC -std=c++2a -g -O2   -iquote . -I.. -iquote ../fesvr -iquote ../riscv -iquote ../disasm -iquote ../customext -iquote ../fdt -iquote ../softfloat -iquote ../spike_main -iquote ../spike_dasm -I/usr/include  -fPIC -I../fdt -c vrev8_v.cc -o vrev8_v.o -MF vrev8_v.d
g++ -MMD -MP  -DPREFIX=\"/usr/local\" -Wall -Wno-nonportable-include-path -g -O2 -fPIC -std=c++2a -g -O2   -iquote . -I.. -iquote ../fesvr -iquote ../riscv -iquote ../disasm -iquote ../customext -iquote ../fdt -iquote ../softfloat -iquote ../spike_main -iquote ../spike_dasm -I/usr/include  -fPIC -I../fdt -c vrol_vv.cc -o vrol_vv.o -MF vrol_vv.d
g++ -MMD -MP  -DPREFIX=\"/usr/local\" -Wall -Wno-nonportable-include-path -g -O2 -fPIC -std=c++2a -g -O2   -iquote . -I.. -iquote ../fesvr -iquote ../riscv -iquote ../disasm -iquote ../customext -iquote ../fdt -iquote ../softfloat -iquote ../spike_main -iquote ../spike_dasm -I/usr/include  -fPIC -I../fdt -c vrol_vx.cc -o vrol_vx.o -MF vrol_vx.d
g++ -MMD -MP  -DPREFIX=\"/usr/local\" -Wall -Wno-nonportable-include-path -g -O2 -fPIC -std=c++2a -g -O2   -iquote . -I.. -iquote ../fesvr -iquote ../riscv -iquote ../disasm -iquote ../customext -iquote ../fdt -iquote ../softfloat -iquote ../spike_main -iquote ../spike_dasm -I/usr/include  -fPIC -I../fdt -c vror_vi.cc -o vror_vi.o -MF vror_vi.d
g++ -MMD -MP  -DPREFIX=\"/usr/local\" -Wall -Wno-nonportable-include-path -g -O2 -fPIC -std=c++2a -g -O2   -iquote . -I.. -iquote ../fesvr -iquote ../riscv -iquote ../disasm -iquote ../customext -iquote ../fdt -iquote ../softfloat -iquote ../spike_main -iquote ../spike_dasm -I/usr/include  -fPIC -I../fdt -c vror_vv.cc -o vror_vv.o -MF vror_vv.d
g++ -MMD -MP  -DPREFIX=\"/usr/local\" -Wall -Wno-nonportable-include-path -g -O2 -fPIC -std=c++2a -g -O2   -iquote . -I.. -iquote ../fesvr -iquote ../riscv -iquote ../disasm -iquote ../customext -iquote ../fdt -iquote ../softfloat -iquote ../spike_main -iquote ../spike_dasm -I/usr/include  -fPIC -I../fdt -c vror_vx.cc -o vror_vx.o -MF vror_vx.d
g++ -MMD -MP  -DPREFIX=\"/usr/local\" -Wall -Wno-nonportable-include-path -g -O2 -fPIC -std=c++2a -g -O2   -iquote . -I.. -iquote ../fesvr -iquote ../riscv -iquote ../disasm -iquote ../customext -iquote ../fdt -iquote ../softfloat -iquote ../spike_main -iquote ../spike_dasm -I/usr/include  -fPIC -I../fdt -c vwsll_vi.cc -o vwsll_vi.o -MF vwsll_vi.d
g++ -MMD -MP  -DPREFIX=\"/usr/local\" -Wall -Wno-nonportable-include-path -g -O2 -fPIC -std=c++2a -g -O2   -iquote . -I.. -iquote ../fesvr -iquote ../riscv -iquote ../disasm -iquote ../customext -iquote ../fdt -iquote ../softfloat -iquote ../spike_main -iquote ../spike_dasm -I/usr/include  -fPIC -I../fdt -c vwsll_vv.cc -o vwsll_vv.o -MF vwsll_vv.d
g++ -MMD -MP  -DPREFIX=\"/usr/local\" -Wall -Wno-nonportable-include-path -g -O2 -fPIC -std=c++2a -g -O2   -iquote . -I.. -iquote ../fesvr -iquote ../riscv -iquote ../disasm -iquote ../customext -iquote ../fdt -iquote ../softfloat -iquote ../spike_main -iquote ../spike_dasm -I/usr/include  -fPIC -I../fdt -c vwsll_vx.cc -o vwsll_vx.o -MF vwsll_vx.d
g++ -MMD -MP  -DPREFIX=\"/usr/local\" -Wall -Wno-nonportable-include-path -g -O2 -fPIC -std=c++2a -g -O2   -iquote . -I.. -iquote ../fesvr -iquote ../riscv -iquote ../disasm -iquote ../customext -iquote ../fdt -iquote ../softfloat -iquote ../spike_main -iquote ../spike_dasm -I/usr/include  -fPIC -I../fdt -c vclmul_vv.cc -o vclmul_vv.o -MF vclmul_vv.d
g++ -MMD -MP  -DPREFIX=\"/usr/local\" -Wall -Wno-nonportable-include-path -g -O2 -fPIC -std=c++2a -g -O2   -iquote . -I.. -iquote ../fesvr -iquote ../riscv -iquote ../disasm -iquote ../customext -iquote ../fdt -iquote ../softfloat -iquote ../spike_main -iquote ../spike_dasm -I/usr/include  -fPIC -I../fdt -c vclmul_vx.cc -o vclmul_vx.o -MF vclmul_vx.d
g++ -MMD -MP  -DPREFIX=\"/usr/local\" -Wall -Wno-nonportable-include-path -g -O2 -fPIC -std=c++2a -g -O2   -iquote . -I.. -iquote ../fesvr -iquote ../riscv -iquote ../disasm -iquote ../customext -iquote ../fdt -iquote ../softfloat -iquote ../spike_main -iquote ../spike_dasm -I/usr/include  -fPIC -I../fdt -c vclmulh_vv.cc -o vclmulh_vv.o -MF vclmulh_vv.d
g++ -MMD -MP  -DPREFIX=\"/usr/local\" -Wall -Wno-nonportable-include-path -g -O2 -fPIC -std=c++2a -g -O2   -iquote . -I.. -iquote ../fesvr -iquote ../riscv -iquote ../disasm -iquote ../customext -iquote ../fdt -iquote ../softfloat -iquote ../spike_main -iquote ../spike_dasm -I/usr/include  -fPIC -I../fdt -c vclmulh_vx.cc -o vclmulh_vx.o -MF vclmulh_vx.d
g++ -MMD -MP  -DPREFIX=\"/usr/local\" -Wall -Wno-nonportable-include-path -g -O2 -fPIC -std=c++2a -g -O2   -iquote . -I.. -iquote ../fesvr -iquote ../riscv -iquote ../disasm -iquote ../customext -iquote ../fdt -iquote ../softfloat -iquote ../spike_main -iquote ../spike_dasm -I/usr/include  -fPIC -I../fdt -c vghsh_vv.cc -o vghsh_vv.o -MF vghsh_vv.d
g++ -MMD -MP  -DPREFIX=\"/usr/local\" -Wall -Wno-nonportable-include-path -g -O2 -fPIC -std=c++2a -g -O2   -iquote . -I.. -iquote ../fesvr -iquote ../riscv -iquote ../disasm -iquote ../customext -iquote ../fdt -iquote ../softfloat -iquote ../spike_main -iquote ../spike_dasm -I/usr/include  -fPIC -I../fdt -c vgmul_vv.cc -o vgmul_vv.o -MF vgmul_vv.d
g++ -MMD -MP  -DPREFIX=\"/usr/local\" -Wall -Wno-nonportable-include-path -g -O2 -fPIC -std=c++2a -g -O2   -iquote . -I.. -iquote ../fesvr -iquote ../riscv -iquote ../disasm -iquote ../customext -iquote ../fdt -iquote ../softfloat -iquote ../spike_main -iquote ../spike_dasm -I/usr/include  -fPIC -I../fdt -c vaesdf_vs.cc -o vaesdf_vs.o -MF vaesdf_vs.d
g++ -MMD -MP  -DPREFIX=\"/usr/local\" -Wall -Wno-nonportable-include-path -g -O2 -fPIC -std=c++2a -g -O2   -iquote . -I.. -iquote ../fesvr -iquote ../riscv -iquote ../disasm -iquote ../customext -iquote ../fdt -iquote ../softfloat -iquote ../spike_main -iquote ../spike_dasm -I/usr/include  -fPIC -I../fdt -c vaesdf_vv.cc -o vaesdf_vv.o -MF vaesdf_vv.d
g++ -MMD -MP  -DPREFIX=\"/usr/local\" -Wall -Wno-nonportable-include-path -g -O2 -fPIC -std=c++2a -g -O2   -iquote . -I.. -iquote ../fesvr -iquote ../riscv -iquote ../disasm -iquote ../customext -iquote ../fdt -iquote ../softfloat -iquote ../spike_main -iquote ../spike_dasm -I/usr/include  -fPIC -I../fdt -c vaesdm_vs.cc -o vaesdm_vs.o -MF vaesdm_vs.d
g++ -MMD -MP  -DPREFIX=\"/usr/local\" -Wall -Wno-nonportable-include-path -g -O2 -fPIC -std=c++2a -g -O2   -iquote . -I.. -iquote ../fesvr -iquote ../riscv -iquote ../disasm -iquote ../customext -iquote ../fdt -iquote ../softfloat -iquote ../spike_main -iquote ../spike_dasm -I/usr/include  -fPIC -I../fdt -c vaesdm_vv.cc -o vaesdm_vv.o -MF vaesdm_vv.d
g++ -MMD -MP  -DPREFIX=\"/usr/local\" -Wall -Wno-nonportable-include-path -g -O2 -fPIC -std=c++2a -g -O2   -iquote . -I.. -iquote ../fesvr -iquote ../riscv -iquote ../disasm -iquote ../customext -iquote ../fdt -iquote ../softfloat -iquote ../spike_main -iquote ../spike_dasm -I/usr/include  -fPIC -I../fdt -c vaesef_vs.cc -o vaesef_vs.o -MF vaesef_vs.d
g++ -MMD -MP  -DPREFIX=\"/usr/local\" -Wall -Wno-nonportable-include-path -g -O2 -fPIC -std=c++2a -g -O2   -iquote . -I.. -iquote ../fesvr -iquote ../riscv -iquote ../disasm -iquote ../customext -iquote ../fdt -iquote ../softfloat -iquote ../spike_main -iquote ../spike_dasm -I/usr/include  -fPIC -I../fdt -c vaesef_vv.cc -o vaesef_vv.o -MF vaesef_vv.d
g++ -MMD -MP  -DPREFIX=\"/usr/local\" -Wall -Wno-nonportable-include-path -g -O2 -fPIC -std=c++2a -g -O2   -iquote . -I.. -iquote ../fesvr -iquote ../riscv -iquote ../disasm -iquote ../customext -iquote ../fdt -iquote ../softfloat -iquote ../spike_main -iquote ../spike_dasm -I/usr/include  -fPIC -I../fdt -c vaesem_vs.cc -o vaesem_vs.o -MF vaesem_vs.d
g++ -MMD -MP  -DPREFIX=\"/usr/local\" -Wall -Wno-nonportable-include-path -g -O2 -fPIC -std=c++2a -g -O2   -iquote . -I.. -iquote ../fesvr -iquote ../riscv -iquote ../disasm -iquote ../customext -iquote ../fdt -iquote ../softfloat -iquote ../spike_main -iquote ../spike_dasm -I/usr/include  -fPIC -I../fdt -c vaesem_vv.cc -o vaesem_vv.o -MF vaesem_vv.d
g++ -MMD -MP  -DPREFIX=\"/usr/local\" -Wall -Wno-nonportable-include-path -g -O2 -fPIC -std=c++2a -g -O2   -iquote . -I.. -iquote ../fesvr -iquote ../riscv -iquote ../disasm -iquote ../customext -iquote ../fdt -iquote ../softfloat -iquote ../spike_main -iquote ../spike_dasm -I/usr/include  -fPIC -I../fdt -c vaeskf1_vi.cc -o vaeskf1_vi.o -MF vaeskf1_vi.d
g++ -MMD -MP  -DPREFIX=\"/usr/local\" -Wall -Wno-nonportable-include-path -g -O2 -fPIC -std=c++2a -g -O2   -iquote . -I.. -iquote ../fesvr -iquote ../riscv -iquote ../disasm -iquote ../customext -iquote ../fdt -iquote ../softfloat -iquote ../spike_main -iquote ../spike_dasm -I/usr/include  -fPIC -I../fdt -c vaeskf2_vi.cc -o vaeskf2_vi.o -MF vaeskf2_vi.d
g++ -MMD -MP  -DPREFIX=\"/usr/local\" -Wall -Wno-nonportable-include-path -g -O2 -fPIC -std=c++2a -g -O2   -iquote . -I.. -iquote ../fesvr -iquote ../riscv -iquote ../disasm -iquote ../customext -iquote ../fdt -iquote ../softfloat -iquote ../spike_main -iquote ../spike_dasm -I/usr/include  -fPIC -I../fdt -c vaesz_vs.cc -o vaesz_vs.o -MF vaesz_vs.d
g++ -MMD -MP  -DPREFIX=\"/usr/local\" -Wall -Wno-nonportable-include-path -g -O2 -fPIC -std=c++2a -g -O2   -iquote . -I.. -iquote ../fesvr -iquote ../riscv -iquote ../disasm -iquote ../customext -iquote ../fdt -iquote ../softfloat -iquote ../spike_main -iquote ../spike_dasm -I/usr/include  -fPIC -I../fdt -c vsha2cl_vv.cc -o vsha2cl_vv.o -MF vsha2cl_vv.d
g++ -MMD -MP  -DPREFIX=\"/usr/local\" -Wall -Wno-nonportable-include-path -g -O2 -fPIC -std=c++2a -g -O2   -iquote . -I.. -iquote ../fesvr -iquote ../riscv -iquote ../disasm -iquote ../customext -iquote ../fdt -iquote ../softfloat -iquote ../spike_main -iquote ../spike_dasm -I/usr/include  -fPIC -I../fdt -c vsha2ch_vv.cc -o vsha2ch_vv.o -MF vsha2ch_vv.d
g++ -MMD -MP  -DPREFIX=\"/usr/local\" -Wall -Wno-nonportable-include-path -g -O2 -fPIC -std=c++2a -g -O2   -iquote . -I.. -iquote ../fesvr -iquote ../riscv -iquote ../disasm -iquote ../customext -iquote ../fdt -iquote ../softfloat -iquote ../spike_main -iquote ../spike_dasm -I/usr/include  -fPIC -I../fdt -c vsha2ms_vv.cc -o vsha2ms_vv.o -MF vsha2ms_vv.d
g++ -MMD -MP  -DPREFIX=\"/usr/local\" -Wall -Wno-nonportable-include-path -g -O2 -fPIC -std=c++2a -g -O2   -iquote . -I.. -iquote ../fesvr -iquote ../riscv -iquote ../disasm -iquote ../customext -iquote ../fdt -iquote ../softfloat -iquote ../spike_main -iquote ../spike_dasm -I/usr/include  -fPIC -I../fdt -c vsm4k_vi.cc -o vsm4k_vi.o -MF vsm4k_vi.d
g++ -MMD -MP  -DPREFIX=\"/usr/local\" -Wall -Wno-nonportable-include-path -g -O2 -fPIC -std=c++2a -g -O2   -iquote . -I.. -iquote ../fesvr -iquote ../riscv -iquote ../disasm -iquote ../customext -iquote ../fdt -iquote ../softfloat -iquote ../spike_main -iquote ../spike_dasm -I/usr/include  -fPIC -I../fdt -c vsm4r_vs.cc -o vsm4r_vs.o -MF vsm4r_vs.d
g++ -MMD -MP  -DPREFIX=\"/usr/local\" -Wall -Wno-nonportable-include-path -g -O2 -fPIC -std=c++2a -g -O2   -iquote . -I.. -iquote ../fesvr -iquote ../riscv -iquote ../disasm -iquote ../customext -iquote ../fdt -iquote ../softfloat -iquote ../spike_main -iquote ../spike_dasm -I/usr/include  -fPIC -I../fdt -c vsm4r_vv.cc -o vsm4r_vv.o -MF vsm4r_vv.d
g++ -MMD -MP  -DPREFIX=\"/usr/local\" -Wall -Wno-nonportable-include-path -g -O2 -fPIC -std=c++2a -g -O2   -iquote . -I.. -iquote ../fesvr -iquote ../riscv -iquote ../disasm -iquote ../customext -iquote ../fdt -iquote ../softfloat -iquote ../spike_main -iquote ../spike_dasm -I/usr/include  -fPIC -I../fdt -c vsm3c_vi.cc -o vsm3c_vi.o -MF vsm3c_vi.d
g++ -MMD -MP  -DPREFIX=\"/usr/local\" -Wall -Wno-nonportable-include-path -g -O2 -fPIC -std=c++2a -g -O2   -iquote . -I.. -iquote ../fesvr -iquote ../riscv -iquote ../disasm -iquote ../customext -iquote ../fdt -iquote ../softfloat -iquote ../spike_main -iquote ../spike_dasm -I/usr/include  -fPIC -I../fdt -c vsm3me_vv.cc -o vsm3me_vv.o -MF vsm3me_vv.d
g++ -MMD -MP  -DPREFIX=\"/usr/local\" -Wall -Wno-nonportable-include-path -g -O2 -fPIC -std=c++2a -g -O2   -iquote . -I.. -iquote ../fesvr -iquote ../riscv -iquote ../disasm -iquote ../customext -iquote ../fdt -iquote ../softfloat -iquote ../spike_main -iquote ../spike_dasm -I/usr/include  -fPIC -I../fdt -c vfbdota_vv.cc -o vfbdota_vv.o -MF vfbdota_vv.d
g++ -MMD -MP  -DPREFIX=\"/usr/local\" -Wall -Wno-nonportable-include-path -g -O2 -fPIC -std=c++2a -g -O2   -iquote . -I.. -iquote ../fesvr -iquote ../riscv -iquote ../disasm -iquote ../customext -iquote ../fdt -iquote ../softfloat -iquote ../spike_main -iquote ../spike_dasm -I/usr/include  -fPIC -I../fdt -c vfqwbdota_alt_vv.cc -o vfqwbdota_alt_vv.o -MF vfqwbdota_alt_vv.d
g++ -MMD -MP  -DPREFIX=\"/usr/local\" -Wall -Wno-nonportable-include-path -g -O2 -fPIC -std=c++2a -g -O2   -iquote . -I.. -iquote ../fesvr -iquote ../riscv -iquote ../disasm -iquote ../customext -iquote ../fdt -iquote ../softfloat -iquote ../spike_main -iquote ../spike_dasm -I/usr/include  -fPIC -I../fdt -c vfqwbdota_vv.cc -o vfqwbdota_vv.o -MF vfqwbdota_vv.d
g++ -MMD -MP  -DPREFIX=\"/usr/local\" -Wall -Wno-nonportable-include-path -g -O2 -fPIC -std=c++2a -g -O2   -iquote . -I.. -iquote ../fesvr -iquote ../riscv -iquote ../disasm -iquote ../customext -iquote ../fdt -iquote ../softfloat -iquote ../spike_main -iquote ../spike_dasm -I/usr/include  -fPIC -I../fdt -c vfwbdota_vv.cc -o vfwbdota_vv.o -MF vfwbdota_vv.d
g++ -MMD -MP  -DPREFIX=\"/usr/local\" -Wall -Wno-nonportable-include-path -g -O2 -fPIC -std=c++2a -g -O2   -iquote . -I.. -iquote ../fesvr -iquote ../riscv -iquote ../disasm -iquote ../customext -iquote ../fdt -iquote ../softfloat -iquote ../spike_main -iquote ../spike_dasm -I/usr/include  -fPIC -I../fdt -c vqwbdotas_vv.cc -o vqwbdotas_vv.o -MF vqwbdotas_vv.d
g++ -MMD -MP  -DPREFIX=\"/usr/local\" -Wall -Wno-nonportable-include-path -g -O2 -fPIC -std=c++2a -g -O2   -iquote . -I.. -iquote ../fesvr -iquote ../riscv -iquote ../disasm -iquote ../customext -iquote ../fdt -iquote ../softfloat -iquote ../spike_main -iquote ../spike_dasm -I/usr/include  -fPIC -I../fdt -c vqwbdotau_vv.cc -o vqwbdotau_vv.o -MF vqwbdotau_vv.d
g++ -MMD -MP  -DPREFIX=\"/usr/local\" -Wall -Wno-nonportable-include-path -g -O2 -fPIC -std=c++2a -g -O2   -iquote . -I.. -iquote ../fesvr -iquote ../riscv -iquote ../disasm -iquote ../customext -iquote ../fdt -iquote ../softfloat -iquote ../spike_main -iquote ../spike_dasm -I/usr/include  -fPIC -I../fdt -c vfqwdota_alt_vv.cc -o vfqwdota_alt_vv.o -MF vfqwdota_alt_vv.d
g++ -MMD -MP  -DPREFIX=\"/usr/local\" -Wall -Wno-nonportable-include-path -g -O2 -fPIC -std=c++2a -g -O2   -iquote . -I.. -iquote ../fesvr -iquote ../riscv -iquote ../disasm -iquote ../customext -iquote ../fdt -iquote ../softfloat -iquote ../spike_main -iquote ../spike_dasm -I/usr/include  -fPIC -I../fdt -c vfqwdota_vv.cc -o vfqwdota_vv.o -MF vfqwdota_vv.d
g++ -MMD -MP  -DPREFIX=\"/usr/local\" -Wall -Wno-nonportable-include-path -g -O2 -fPIC -std=c++2a -g -O2   -iquote . -I.. -iquote ../fesvr -iquote ../riscv -iquote ../disasm -iquote ../customext -iquote ../fdt -iquote ../softfloat -iquote ../spike_main -iquote ../spike_dasm -I/usr/include  -fPIC -I../fdt -c vfwdota_vv.cc -o vfwdota_vv.o -MF vfwdota_vv.d
g++ -MMD -MP  -DPREFIX=\"/usr/local\" -Wall -Wno-nonportable-include-path -g -O2 -fPIC -std=c++2a -g -O2   -iquote . -I.. -iquote ../fesvr -iquote ../riscv -iquote ../disasm -iquote ../customext -iquote ../fdt -iquote ../softfloat -iquote ../spike_main -iquote ../spike_dasm -I/usr/include  -fPIC -I../fdt -c vqwdotas_vv.cc -o vqwdotas_vv.o -MF vqwdotas_vv.d
g++ -MMD -MP  -DPREFIX=\"/usr/local\" -Wall -Wno-nonportable-include-path -g -O2 -fPIC -std=c++2a -g -O2   -iquote . -I.. -iquote ../fesvr -iquote ../riscv -iquote ../disasm -iquote ../customext -iquote ../fdt -iquote ../softfloat -iquote ../spike_main -iquote ../spike_dasm -I/usr/include  -fPIC -I../fdt -c vqwdotau_vv.cc -o vqwdotau_vv.o -MF vqwdotau_vv.d
g++ -MMD -MP  -DPREFIX=\"/usr/local\" -Wall -Wno-nonportable-include-path -g -O2 -fPIC -std=c++2a -g -O2   -iquote . -I.. -iquote ../fesvr -iquote ../riscv -iquote ../disasm -iquote ../customext -iquote ../fdt -iquote ../softfloat -iquote ../spike_main -iquote ../spike_dasm -I/usr/include  -fPIC -I../fdt -c vabd_vv.cc -o vabd_vv.o -MF vabd_vv.d
g++ -MMD -MP  -DPREFIX=\"/usr/local\" -Wall -Wno-nonportable-include-path -g -O2 -fPIC -std=c++2a -g -O2   -iquote . -I.. -iquote ../fesvr -iquote ../riscv -iquote ../disasm -iquote ../customext -iquote ../fdt -iquote ../softfloat -iquote ../spike_main -iquote ../spike_dasm -I/usr/include  -fPIC -I../fdt -c vabd_vx.cc -o vabd_vx.o -MF vabd_vx.d
g++ -MMD -MP  -DPREFIX=\"/usr/local\" -Wall -Wno-nonportable-include-path -g -O2 -fPIC -std=c++2a -g -O2   -iquote . -I.. -iquote ../fesvr -iquote ../riscv -iquote ../disasm -iquote ../customext -iquote ../fdt -iquote ../softfloat -iquote ../spike_main -iquote ../spike_dasm -I/usr/include  -fPIC -I../fdt -c vabdu_vv.cc -o vabdu_vv.o -MF vabdu_vv.d
g++ -MMD -MP  -DPREFIX=\"/usr/local\" -Wall -Wno-nonportable-include-path -g -O2 -fPIC -std=c++2a -g -O2   -iquote . -I.. -iquote ../fesvr -iquote ../riscv -iquote ../disasm -iquote ../customext -iquote ../fdt -iquote ../softfloat -iquote ../spike_main -iquote ../spike_dasm -I/usr/include  -fPIC -I../fdt -c vabdu_vx.cc -o vabdu_vx.o -MF vabdu_vx.d
g++ -MMD -MP  -DPREFIX=\"/usr/local\" -Wall -Wno-nonportable-include-path -g -O2 -fPIC -std=c++2a -g -O2   -iquote . -I.. -iquote ../fesvr -iquote ../riscv -iquote ../disasm -iquote ../customext -iquote ../fdt -iquote ../softfloat -iquote ../spike_main -iquote ../spike_dasm -I/usr/include  -fPIC -I../fdt -c vwabda_vv.cc -o vwabda_vv.o -MF vwabda_vv.d
g++ -MMD -MP  -DPREFIX=\"/usr/local\" -Wall -Wno-nonportable-include-path -g -O2 -fPIC -std=c++2a -g -O2   -iquote . -I.. -iquote ../fesvr -iquote ../riscv -iquote ../disasm -iquote ../customext -iquote ../fdt -iquote ../softfloat -iquote ../spike_main -iquote ../spike_dasm -I/usr/include  -fPIC -I../fdt -c vwabda_vx.cc -o vwabda_vx.o -MF vwabda_vx.d
g++ -MMD -MP  -DPREFIX=\"/usr/local\" -Wall -Wno-nonportable-include-path -g -O2 -fPIC -std=c++2a -g -O2   -iquote . -I.. -iquote ../fesvr -iquote ../riscv -iquote ../disasm -iquote ../customext -iquote ../fdt -iquote ../softfloat -iquote ../spike_main -iquote ../spike_dasm -I/usr/include  -fPIC -I../fdt -c vwabdau_vv.cc -o vwabdau_vv.o -MF vwabdau_vv.d
g++ -MMD -MP  -DPREFIX=\"/usr/local\" -Wall -Wno-nonportable-include-path -g -O2 -fPIC -std=c++2a -g -O2   -iquote . -I.. -iquote ../fesvr -iquote ../riscv -iquote ../disasm -iquote ../customext -iquote ../fdt -iquote ../softfloat -iquote ../spike_main -iquote ../spike_dasm -I/usr/include  -fPIC -I../fdt -c vwabdau_vx.cc -o vwabdau_vx.o -MF vwabdau_vx.d
g++ -MMD -MP  -DPREFIX=\"/usr/local\" -Wall -Wno-nonportable-include-path -g -O2 -fPIC -std=c++2a -g -O2   -iquote . -I.. -iquote ../fesvr -iquote ../riscv -iquote ../disasm -iquote ../customext -iquote ../fdt -iquote ../softfloat -iquote ../spike_main -iquote ../spike_dasm -I/usr/include  -fPIC -I../fdt -c msettn.cc -o msettn.o -MF msettn.d
g++ -MMD -MP  -DPREFIX=\"/usr/local\" -Wall -Wno-nonportable-include-path -g -O2 -fPIC -std=c++2a -g -O2   -iquote . -I.. -iquote ../fesvr -iquote ../riscv -iquote ../disasm -iquote ../customext -iquote ../fdt -iquote ../softfloat -iquote ../spike_main -iquote ../spike_dasm -I/usr/include  -fPIC -I../fdt -c msettm.cc -o msettm.o -MF msettm.d
g++ -MMD -MP  -DPREFIX=\"/usr/local\" -Wall -Wno-nonportable-include-path -g -O2 -fPIC -std=c++2a -g -O2   -iquote . -I.. -iquote ../fesvr -iquote ../riscv -iquote ../disasm -iquote ../customext -iquote ../fdt -iquote ../softfloat -iquote ../spike_main -iquote ../spike_dasm -I/usr/include  -fPIC -I../fdt -c msettk.cc -o msettk.o -MF msettk.d
g++ -MMD -MP  -DPREFIX=\"/usr/local\" -Wall -Wno-nonportable-include-path -g -O2 -fPIC -std=c++2a -g -O2   -iquote . -I.. -iquote ../fesvr -iquote ../riscv -iquote ../disasm -iquote ../customext -iquote ../fdt -iquote ../softfloat -iquote ../spike_main -iquote ../spike_dasm -I/usr/include  -fPIC -I../fdt -c msetmtype.cc -o msetmtype.o -MF msetmtype.d
g++ -MMD -MP  -DPREFIX=\"/usr/local\" -Wall -Wno-nonportable-include-path -g -O2 -fPIC -std=c++2a -g -O2   -iquote . -I.. -iquote ../fesvr -iquote ../riscv -iquote ../disasm -iquote ../customext -iquote ../fdt -iquote ../softfloat -iquote ../spike_main -iquote ../spike_dasm -I/usr/include  -fPIC -I../fdt -c msetmtypei.cc -o msetmtypei.o -MF msetmtypei.d
g++ -MMD -MP  -DPREFIX=\"/usr/local\" -Wall -Wno-nonportable-include-path -g -O2 -fPIC -std=c++2a -g -O2   -iquote . -I.. -iquote ../fesvr -iquote ../riscv -iquote ../disasm -iquote ../customext -iquote ../fdt -iquote ../softfloat -iquote ../spike_main -iquote ../spike_dasm -I/usr/include  -fPIC -I../fdt -c vtle8.cc -o vtle8.o -MF vtle8.d
g++ -MMD -MP  -DPREFIX=\"/usr/local\" -Wall -Wno-nonportable-include-path -g -O2 -fPIC -std=c++2a -g -O2   -iquote . -I.. -iquote ../fesvr -iquote ../riscv -iquote ../disasm -iquote ../customext -iquote ../fdt -iquote ../softfloat -iquote ../spike_main -iquote ../spike_dasm -I/usr/include  -fPIC -I../fdt -c vtse8.cc -o vtse8.o -MF vtse8.d
g++ -MMD -MP  -DPREFIX=\"/usr/local\" -Wall -Wno-nonportable-include-path -g -O2 -fPIC -std=c++2a -g -O2   -iquote . -I.. -iquote ../fesvr -iquote ../riscv -iquote ../disasm -iquote ../customext -iquote ../fdt -iquote ../softfloat -iquote ../spike_main -iquote ../spike_dasm -I/usr/include  -fPIC -I../fdt -c vtle16.cc -o vtle16.o -MF vtle16.d
g++ -MMD -MP  -DPREFIX=\"/usr/local\" -Wall -Wno-nonportable-include-path -g -O2 -fPIC -std=c++2a -g -O2   -iquote . -I.. -iquote ../fesvr -iquote ../riscv -iquote ../disasm -iquote ../customext -iquote ../fdt -iquote ../softfloat -iquote ../spike_main -iquote ../spike_dasm -I/usr/include  -fPIC -I../fdt -c vtse16.cc -o vtse16.o -MF vtse16.d
g++ -MMD -MP  -DPREFIX=\"/usr/local\" -Wall -Wno-nonportable-include-path -g -O2 -fPIC -std=c++2a -g -O2   -iquote . -I.. -iquote ../fesvr -iquote ../riscv -iquote ../disasm -iquote ../customext -iquote ../fdt -iquote ../softfloat -iquote ../spike_main -iquote ../spike_dasm -I/usr/include  -fPIC -I../fdt -c vtle32.cc -o vtle32.o -MF vtle32.d
g++ -MMD -MP  -DPREFIX=\"/usr/local\" -Wall -Wno-nonportable-include-path -g -O2 -fPIC -std=c++2a -g -O2   -iquote . -I.. -iquote ../fesvr -iquote ../riscv -iquote ../disasm -iquote ../customext -iquote ../fdt -iquote ../softfloat -iquote ../spike_main -iquote ../spike_dasm -I/usr/include  -fPIC -I../fdt -c vtse32.cc -o vtse32.o -MF vtse32.d
g++ -MMD -MP  -DPREFIX=\"/usr/local\" -Wall -Wno-nonportable-include-path -g -O2 -fPIC -std=c++2a -g -O2   -iquote . -I.. -iquote ../fesvr -iquote ../riscv -iquote ../disasm -iquote ../customext -iquote ../fdt -iquote ../softfloat -iquote ../spike_main -iquote ../spike_dasm -I/usr/include  -fPIC -I../fdt -c vtle64.cc -o vtle64.o -MF vtle64.d
g++ -MMD -MP  -DPREFIX=\"/usr/local\" -Wall -Wno-nonportable-include-path -g -O2 -fPIC -std=c++2a -g -O2   -iquote . -I.. -iquote ../fesvr -iquote ../riscv -iquote ../disasm -iquote ../customext -iquote ../fdt -iquote ../softfloat -iquote ../spike_main -iquote ../spike_dasm -I/usr/include  -fPIC -I../fdt -c vtse64.cc -o vtse64.o -MF vtse64.d
g++ -MMD -MP  -DPREFIX=\"/usr/local\" -Wall -Wno-nonportable-include-path -g -O2 -fPIC -std=c++2a -g -O2   -iquote . -I.. -iquote ../fesvr -iquote ../riscv -iquote ../disasm -iquote ../customext -iquote ../fdt -iquote ../softfloat -iquote ../spike_main -iquote ../spike_dasm -I/usr/include  -fPIC -I../fdt -c vtmv_t_v.cc -o vtmv_t_v.o -MF vtmv_t_v.d
g++ -MMD -MP  -DPREFIX=\"/usr/local\" -Wall -Wno-nonportable-include-path -g -O2 -fPIC -std=c++2a -g -O2   -iquote . -I.. -iquote ../fesvr -iquote ../riscv -iquote ../disasm -iquote ../customext -iquote ../fdt -iquote ../softfloat -iquote ../spike_main -iquote ../spike_dasm -I/usr/include  -fPIC -I../fdt -c vtmv_v_t.cc -o vtmv_v_t.o -MF vtmv_v_t.d
g++ -MMD -MP  -DPREFIX=\"/usr/local\" -Wall -Wno-nonportable-include-path -g -O2 -fPIC -std=c++2a -g -O2   -iquote . -I.. -iquote ../fesvr -iquote ../riscv -iquote ../disasm -iquote ../customext -iquote ../fdt -iquote ../softfloat -iquote ../spike_main -iquote ../spike_dasm -I/usr/include  -fPIC -I../fdt -c vtzero.cc -o vtzero.o -MF vtzero.d
g++ -MMD -MP  -DPREFIX=\"/usr/local\" -Wall -Wno-nonportable-include-path -g -O2 -fPIC -std=c++2a -g -O2   -iquote . -I.. -iquote ../fesvr -iquote ../riscv -iquote ../disasm -iquote ../customext -iquote ../fdt -iquote ../softfloat -iquote ../spike_main -iquote ../spike_dasm -I/usr/include  -fPIC -I../fdt -c vtdiscard.cc -o vtdiscard.o -MF vtdiscard.d
g++ -MMD -MP  -DPREFIX=\"/usr/local\" -Wall -Wno-nonportable-include-path -g -O2 -fPIC -std=c++2a -g -O2   -iquote . -I.. -iquote ../fesvr -iquote ../riscv -iquote ../disasm -iquote ../customext -iquote ../fdt -iquote ../softfloat -iquote ../spike_main -iquote ../spike_dasm -I/usr/include  -fPIC -I../fdt -c vtmmu_tvv.cc -o vtmmu_tvv.o -MF vtmmu_tvv.d
g++ -MMD -MP  -DPREFIX=\"/usr/local\" -Wall -Wno-nonportable-include-path -g -O2 -fPIC -std=c++2a -g -O2   -iquote . -I.. -iquote ../fesvr -iquote ../riscv -iquote ../disasm -iquote ../customext -iquote ../fdt -iquote ../softfloat -iquote ../spike_main -iquote ../spike_dasm -I/usr/include  -fPIC -I../fdt -c vtmms_tvv.cc -o vtmms_tvv.o -MF vtmms_tvv.d
g++ -MMD -MP  -DPREFIX=\"/usr/local\" -Wall -Wno-nonportable-include-path -g -O2 -fPIC -std=c++2a -g -O2   -iquote . -I.. -iquote ../fesvr -iquote ../riscv -iquote ../disasm -iquote ../customext -iquote ../fdt -iquote ../softfloat -iquote ../spike_main -iquote ../spike_dasm -I/usr/include  -fPIC -I../fdt -c vtfmm_tvv.cc -o vtfmm_tvv.o -MF vtfmm_tvv.d
g++ -MMD -MP  -DPREFIX=\"/usr/local\" -Wall -Wno-nonportable-include-path -g -O2 -fPIC -std=c++2a -g -O2   -iquote . -I.. -iquote ../fesvr -iquote ../riscv -iquote ../disasm -iquote ../customext -iquote ../fdt -iquote ../softfloat -iquote ../spike_main -iquote ../spike_dasm -I/usr/include  -fPIC -I../fdt -c vtfmm_alt_tvv.cc -o vtfmm_alt_tvv.o -MF vtfmm_alt_tvv.d
g++ -MMD -MP  -DPREFIX=\"/usr/local\" -Wall -Wno-nonportable-include-path -g -O2 -fPIC -std=c++2a -g -O2   -iquote . -I.. -iquote ../fesvr -iquote ../riscv -iquote ../disasm -iquote ../customext -iquote ../fdt -iquote ../softfloat -iquote ../spike_main -iquote ../spike_dasm -I/usr/include  -fPIC -I../fdt -c vzip_vv.cc -o vzip_vv.o -MF vzip_vv.d
g++ -MMD -MP  -DPREFIX=\"/usr/local\" -Wall -Wno-nonportable-include-path -g -O2 -fPIC -std=c++2a -g -O2   -iquote . -I.. -iquote ../fesvr -iquote ../riscv -iquote ../disasm -iquote ../customext -iquote ../fdt -iquote ../softfloat -iquote ../spike_main -iquote ../spike_dasm -I/usr/include  -fPIC -I../fdt -c vunzipe_v.cc -o vunzipe_v.o -MF vunzipe_v.d
g++ -MMD -MP  -DPREFIX=\"/usr/local\" -Wall -Wno-nonportable-include-path -g -O2 -fPIC -std=c++2a -g -O2   -iquote . -I.. -iquote ../fesvr -iquote ../riscv -iquote ../disasm -iquote ../customext -iquote ../fdt -iquote ../softfloat -iquote ../spike_main -iquote ../spike_dasm -I/usr/include  -fPIC -I../fdt -c vunzipo_v.cc -o vunzipo_v.o -MF vunzipo_v.d
g++ -MMD -MP  -DPREFIX=\"/usr/local\" -Wall -Wno-nonportable-include-path -g -O2 -fPIC -std=c++2a -g -O2   -iquote . -I.. -iquote ../fesvr -iquote ../riscv -iquote ../disasm -iquote ../customext -iquote ../fdt -iquote ../softfloat -iquote ../spike_main -iquote ../spike_dasm -I/usr/include  -fPIC -I../fdt -c vpaire_vv.cc -o vpaire_vv.o -MF vpaire_vv.d
g++ -MMD -MP  -DPREFIX=\"/usr/local\" -Wall -Wno-nonportable-include-path -g -O2 -fPIC -std=c++2a -g -O2   -iquote . -I.. -iquote ../fesvr -iquote ../riscv -iquote ../disasm -iquote ../customext -iquote ../fdt -iquote ../softfloat -iquote ../spike_main -iquote ../spike_dasm -I/usr/include  -fPIC -I../fdt -c vpairo_vv.cc -o vpairo_vv.o -MF vpairo_vv.d
g++ -MMD -MP  -DPREFIX=\"/usr/local\" -Wall -Wno-nonportable-include-path -g -O2 -fPIC -std=c++2a -g -O2   -iquote . -I.. -iquote ../fesvr -iquote ../riscv -iquote ../disasm -iquote ../customext -iquote ../fdt -iquote ../softfloat -iquote ../spike_main -iquote ../spike_dasm -I/usr/include  -fPIC -I../fdt -c lxh.cc -o lxh.o -MF lxh.d
g++ -MMD -MP  -DPREFIX=\"/usr/local\" -Wall -Wno-nonportable-include-path -g -O2 -fPIC -std=c++2a -g -O2   -iquote . -I.. -iquote ../fesvr -iquote ../riscv -iquote ../disasm -iquote ../customext -iquote ../fdt -iquote ../softfloat -iquote ../spike_main -iquote ../spike_dasm -I/usr/include  -fPIC -I../fdt -c lxw.cc -o lxw.o -MF lxw.d
g++ -MMD -MP  -DPREFIX=\"/usr/local\" -Wall -Wno-nonportable-include-path -g -O2 -fPIC -std=c++2a -g -O2   -iquote . -I.. -iquote ../fesvr -iquote ../riscv -iquote ../disasm -iquote ../customext -iquote ../fdt -iquote ../softfloat -iquote ../spike_main -iquote ../spike_dasm -I/usr/include  -fPIC -I../fdt -c lxd.cc -o lxd.o -MF lxd.d
g++ -MMD -MP  -DPREFIX=\"/usr/local\" -Wall -Wno-nonportable-include-path -g -O2 -fPIC -std=c++2a -g -O2   -iquote . -I.. -iquote ../fesvr -iquote ../riscv -iquote ../disasm -iquote ../customext -iquote ../fdt -iquote ../softfloat -iquote ../spike_main -iquote ../spike_dasm -I/usr/include  -fPIC -I../fdt -c lxhu.cc -o lxhu.o -MF lxhu.d
g++ -MMD -MP  -DPREFIX=\"/usr/local\" -Wall -Wno-nonportable-include-path -g -O2 -fPIC -std=c++2a -g -O2   -iquote . -I.. -iquote ../fesvr -iquote ../riscv -iquote ../disasm -iquote ../customext -iquote ../fdt -iquote ../softfloat -iquote ../spike_main -iquote ../spike_dasm -I/usr/include  -fPIC -I../fdt -c lxwu.cc -o lxwu.o -MF lxwu.d
g++ -MMD -MP  -DPREFIX=\"/usr/local\" -Wall -Wno-nonportable-include-path -g -O2 -fPIC -std=c++2a -g -O2   -iquote . -I.. -iquote ../fesvr -iquote ../riscv -iquote ../disasm -iquote ../customext -iquote ../fdt -iquote ../softfloat -iquote ../spike_main -iquote ../spike_dasm -I/usr/include  -fPIC -I../fdt -c lxsb.cc -o lxsb.o -MF lxsb.d
g++ -MMD -MP  -DPREFIX=\"/usr/local\" -Wall -Wno-nonportable-include-path -g -O2 -fPIC -std=c++2a -g -O2   -iquote . -I.. -iquote ../fesvr -iquote ../riscv -iquote ../disasm -iquote ../customext -iquote ../fdt -iquote ../softfloat -iquote ../spike_main -iquote ../spike_dasm -I/usr/include  -fPIC -I../fdt -c lxsh.cc -o lxsh.o -MF lxsh.d
g++ -MMD -MP  -DPREFIX=\"/usr/local\" -Wall -Wno-nonportable-include-path -g -O2 -fPIC -std=c++2a -g -O2   -iquote . -I.. -iquote ../fesvr -iquote ../riscv -iquote ../disasm -iquote ../customext -iquote ../fdt -iquote ../softfloat -iquote ../spike_main -iquote ../spike_dasm -I/usr/include  -fPIC -I../fdt -c lxsw.cc -o lxsw.o -MF lxsw.d
g++ -MMD -MP  -DPREFIX=\"/usr/local\" -Wall -Wno-nonportable-include-path -g -O2 -fPIC -std=c++2a -g -O2   -iquote . -I.. -iquote ../fesvr -iquote ../riscv -iquote ../disasm -iquote ../customext -iquote ../fdt -iquote ../softfloat -iquote ../spike_main -iquote ../spike_dasm -I/usr/include  -fPIC -I../fdt -c lxsd.cc -o lxsd.o -MF lxsd.d
g++ -MMD -MP  -DPREFIX=\"/usr/local\" -Wall -Wno-nonportable-include-path -g -O2 -fPIC -std=c++2a -g -O2   -iquote . -I.. -iquote ../fesvr -iquote ../riscv -iquote ../disasm -iquote ../customext -iquote ../fdt -iquote ../softfloat -iquote ../spike_main -iquote ../spike_dasm -I/usr/include  -fPIC -I../fdt -c lxsbu.cc -o lxsbu.o -MF lxsbu.d
g++ -MMD -MP  -DPREFIX=\"/usr/local\" -Wall -Wno-nonportable-include-path -g -O2 -fPIC -std=c++2a -g -O2   -iquote . -I.. -iquote ../fesvr -iquote ../riscv -iquote ../disasm -iquote ../customext -iquote ../fdt -iquote ../softfloat -iquote ../spike_main -iquote ../spike_dasm -I/usr/include  -fPIC -I../fdt -c lxshu.cc -o lxshu.o -MF lxshu.d
g++ -MMD -MP  -DPREFIX=\"/usr/local\" -Wall -Wno-nonportable-include-path -g -O2 -fPIC -std=c++2a -g -O2   -iquote . -I.. -iquote ../fesvr -iquote ../riscv -iquote ../disasm -iquote ../customext -iquote ../fdt -iquote ../softfloat -iquote ../spike_main -iquote ../spike_dasm -I/usr/include  -fPIC -I../fdt -c lxswu.cc -o lxswu.o -MF lxswu.d
g++ -MMD -MP  -DPREFIX=\"/usr/local\" -Wall -Wno-nonportable-include-path -g -O2 -fPIC -std=c++2a -g -O2   -iquote . -I.. -iquote ../fesvr -iquote ../riscv -iquote ../disasm -iquote ../customext -iquote ../fdt -iquote ../softfloat -iquote ../spike_main -iquote ../spike_dasm -I/usr/include  -fPIC -I../fdt -c lxsuwb.cc -o lxsuwb.o -MF lxsuwb.d
g++ -MMD -MP  -DPREFIX=\"/usr/local\" -Wall -Wno-nonportable-include-path -g -O2 -fPIC -std=c++2a -g -O2   -iquote . -I.. -iquote ../fesvr -iquote ../riscv -iquote ../disasm -iquote ../customext -iquote ../fdt -iquote ../softfloat -iquote ../spike_main -iquote ../spike_dasm -I/usr/include  -fPIC -I../fdt -c lxsuwh.cc -o lxsuwh.o -MF lxsuwh.d
g++ -MMD -MP  -DPREFIX=\"/usr/local\" -Wall -Wno-nonportable-include-path -g -O2 -fPIC -std=c++2a -g -O2   -iquote . -I.. -iquote ../fesvr -iquote ../riscv -iquote ../disasm -iquote ../customext -iquote ../fdt -iquote ../softfloat -iquote ../spike_main -iquote ../spike_dasm -I/usr/include  -fPIC -I../fdt -c lxsuww.cc -o lxsuww.o -MF lxsuww.d
g++ -MMD -MP  -DPREFIX=\"/usr/local\" -Wall -Wno-nonportable-include-path -g -O2 -fPIC -std=c++2a -g -O2   -iquote . -I.. -iquote ../fesvr -iquote ../riscv -iquote ../disasm -iquote ../customext -iquote ../fdt -iquote ../softfloat -iquote ../spike_main -iquote ../spike_dasm -I/usr/include  -fPIC -I../fdt -c lxsuwd.cc -o lxsuwd.o -MF lxsuwd.d
g++ -MMD -MP  -DPREFIX=\"/usr/local\" -Wall -Wno-nonportable-include-path -g -O2 -fPIC -std=c++2a -g -O2   -iquote . -I.. -iquote ../fesvr -iquote ../riscv -iquote ../disasm -iquote ../customext -iquote ../fdt -iquote ../softfloat -iquote ../spike_main -iquote ../spike_dasm -I/usr/include  -fPIC -I../fdt -c lxsuwbu.cc -o lxsuwbu.o -MF lxsuwbu.d
g++ -MMD -MP  -DPREFIX=\"/usr/local\" -Wall -Wno-nonportable-include-path -g -O2 -fPIC -std=c++2a -g -O2   -iquote . -I.. -iquote ../fesvr -iquote ../riscv -iquote ../disasm -iquote ../customext -iquote ../fdt -iquote ../softfloat -iquote ../spike_main -iquote ../spike_dasm -I/usr/include  -fPIC -I../fdt -c lxsuwhu.cc -o lxsuwhu.o -MF lxsuwhu.d
g++ -MMD -MP  -DPREFIX=\"/usr/local\" -Wall -Wno-nonportable-include-path -g -O2 -fPIC -std=c++2a -g -O2   -iquote . -I.. -iquote ../fesvr -iquote ../riscv -iquote ../disasm -iquote ../customext -iquote ../fdt -iquote ../softfloat -iquote ../spike_main -iquote ../spike_dasm -I/usr/include  -fPIC -I../fdt -c lxsuwwu.cc -o lxsuwwu.o -MF lxsuwwu.d
g++ -MMD -MP  -DPREFIX=\"/usr/local\" -Wall -Wno-nonportable-include-path -g -O2 -fPIC -std=c++2a -g -O2   -iquote . -I.. -iquote ../fesvr -iquote ../riscv -iquote ../disasm -iquote ../customext -iquote ../fdt -iquote ../softfloat -iquote ../spike_main -iquote ../spike_dasm -I/usr/include  -fPIC -I../fdt -c csrrc.cc -o csrrc.o -MF csrrc.d
g++ -MMD -MP  -DPREFIX=\"/usr/local\" -Wall -Wno-nonportable-include-path -g -O2 -fPIC -std=c++2a -g -O2   -iquote . -I.. -iquote ../fesvr -iquote ../riscv -iquote ../disasm -iquote ../customext -iquote ../fdt -iquote ../softfloat -iquote ../spike_main -iquote ../spike_dasm -I/usr/include  -fPIC -I../fdt -c csrrci.cc -o csrrci.o -MF csrrci.d
g++ -MMD -MP  -DPREFIX=\"/usr/local\" -Wall -Wno-nonportable-include-path -g -O2 -fPIC -std=c++2a -g -O2   -iquote . -I.. -iquote ../fesvr -iquote ../riscv -iquote ../disasm -iquote ../customext -iquote ../fdt -iquote ../softfloat -iquote ../spike_main -iquote ../spike_dasm -I/usr/include  -fPIC -I../fdt -c csrrs.cc -o csrrs.o -MF csrrs.d
g++ -MMD -MP  -DPREFIX=\"/usr/local\" -Wall -Wno-nonportable-include-path -g -O2 -fPIC -std=c++2a -g -O2   -iquote . -I.. -iquote ../fesvr -iquote ../riscv -iquote ../disasm -iquote ../customext -iquote ../fdt -iquote ../softfloat -iquote ../spike_main -iquote ../spike_dasm -I/usr/include  -fPIC -I../fdt -c csrrsi.cc -o csrrsi.o -MF csrrsi.d
g++ -MMD -MP  -DPREFIX=\"/usr/local\" -Wall -Wno-nonportable-include-path -g -O2 -fPIC -std=c++2a -g -O2   -iquote . -I.. -iquote ../fesvr -iquote ../riscv -iquote ../disasm -iquote ../customext -iquote ../fdt -iquote ../softfloat -iquote ../spike_main -iquote ../spike_dasm -I/usr/include  -fPIC -I../fdt -c csrrw.cc -o csrrw.o -MF csrrw.d
g++ -MMD -MP  -DPREFIX=\"/usr/local\" -Wall -Wno-nonportable-include-path -g -O2 -fPIC -std=c++2a -g -O2   -iquote . -I.. -iquote ../fesvr -iquote ../riscv -iquote ../disasm -iquote ../customext -iquote ../fdt -iquote ../softfloat -iquote ../spike_main -iquote ../spike_dasm -I/usr/include  -fPIC -I../fdt -c csrrwi.cc -o csrrwi.o -MF csrrwi.d
g++ -MMD -MP  -DPREFIX=\"/usr/local\" -Wall -Wno-nonportable-include-path -g -O2 -fPIC -std=c++2a -g -O2   -iquote . -I.. -iquote ../fesvr -iquote ../riscv -iquote ../disasm -iquote ../customext -iquote ../fdt -iquote ../softfloat -iquote ../spike_main -iquote ../spike_dasm -I/usr/include  -fPIC -I../fdt -c dret.cc -o dret.o -MF dret.d
g++ -MMD -MP  -DPREFIX=\"/usr/local\" -Wall -Wno-nonportable-include-path -g -O2 -fPIC -std=c++2a -g -O2   -iquote . -I.. -iquote ../fesvr -iquote ../riscv -iquote ../disasm -iquote ../customext -iquote ../fdt -iquote ../softfloat -iquote ../spike_main -iquote ../spike_dasm -I/usr/include  -fPIC -I../fdt -c ebreak.cc -o ebreak.o -MF ebreak.d
g++ -MMD -MP  -DPREFIX=\"/usr/local\" -Wall -Wno-nonportable-include-path -g -O2 -fPIC -std=c++2a -g -O2   -iquote . -I.. -iquote ../fesvr -iquote ../riscv -iquote ../disasm -iquote ../customext -iquote ../fdt -iquote ../softfloat -iquote ../spike_main -iquote ../spike_dasm -I/usr/include  -fPIC -I../fdt -c ecall.cc -o ecall.o -MF ecall.d
g++ -MMD -MP  -DPREFIX=\"/usr/local\" -Wall -Wno-nonportable-include-path -g -O2 -fPIC -std=c++2a -g -O2   -iquote . -I.. -iquote ../fesvr -iquote ../riscv -iquote ../disasm -iquote ../customext -iquote ../fdt -iquote ../softfloat -iquote ../spike_main -iquote ../spike_dasm -I/usr/include  -fPIC -I../fdt -c mret.cc -o mret.o -MF mret.d
g++ -MMD -MP  -DPREFIX=\"/usr/local\" -Wall -Wno-nonportable-include-path -g -O2 -fPIC -std=c++2a -g -O2   -iquote . -I.. -iquote ../fesvr -iquote ../riscv -iquote ../disasm -iquote ../customext -iquote ../fdt -iquote ../softfloat -iquote ../spike_main -iquote ../spike_dasm -I/usr/include  -fPIC -I../fdt -c sfence_vma.cc -o sfence_vma.o -MF sfence_vma.d
g++ -MMD -MP  -DPREFIX=\"/usr/local\" -Wall -Wno-nonportable-include-path -g -O2 -fPIC -std=c++2a -g -O2   -iquote . -I.. -iquote ../fesvr -iquote ../riscv -iquote ../disasm -iquote ../customext -iquote ../fdt -iquote ../softfloat -iquote ../spike_main -iquote ../spike_dasm -I/usr/include  -fPIC -I../fdt -c sret.cc -o sret.o -MF sret.d
g++ -MMD -MP  -DPREFIX=\"/usr/local\" -Wall -Wno-nonportable-include-path -g -O2 -fPIC -std=c++2a -g -O2   -iquote . -I.. -iquote ../fesvr -iquote ../riscv -iquote ../disasm -iquote ../customext -iquote ../fdt -iquote ../softfloat -iquote ../spike_main -iquote ../spike_dasm -I/usr/include  -fPIC -I../fdt -c wfi.cc -o wfi.o -MF wfi.d
g++ -MMD -MP  -DPREFIX=\"/usr/local\" -Wall -Wno-nonportable-include-path -g -O2 -fPIC -std=c++2a -g -O2   -iquote . -I.. -iquote ../fesvr -iquote ../riscv -iquote ../disasm -iquote ../customext -iquote ../fdt -iquote ../softfloat -iquote ../spike_main -iquote ../spike_dasm -I/usr/include  -fPIC -I../fdt -c mnret.cc -o mnret.o -MF mnret.d
g++ -MMD -MP  -DPREFIX=\"/usr/local\" -Wall -Wno-nonportable-include-path -g -O2 -fPIC -std=c++2a -g -O2   -iquote . -I.. -iquote ../fesvr -iquote ../riscv -iquote ../disasm -iquote ../customext -iquote ../fdt -iquote ../softfloat -iquote ../spike_main -iquote ../spike_dasm -I/usr/include  -fPIC -I../fdt -c sfence_w_inval.cc -o sfence_w_inval.o -MF sfence_w_inval.d
g++ -MMD -MP  -DPREFIX=\"/usr/local\" -Wall -Wno-nonportable-include-path -g -O2 -fPIC -std=c++2a -g -O2   -iquote . -I.. -iquote ../fesvr -iquote ../riscv -iquote ../disasm -iquote ../customext -iquote ../fdt -iquote ../softfloat -iquote ../spike_main -iquote ../spike_dasm -I/usr/include  -fPIC -I../fdt -c sfence_inval_ir.cc -o sfence_inval_ir.o -MF sfence_inval_ir.d
g++ -MMD -MP  -DPREFIX=\"/usr/local\" -Wall -Wno-nonportable-include-path -g -O2 -fPIC -std=c++2a -g -O2   -iquote . -I.. -iquote ../fesvr -iquote ../riscv -iquote ../disasm -iquote ../customext -iquote ../fdt -iquote ../softfloat -iquote ../spike_main -iquote ../spike_dasm -I/usr/include  -fPIC -I../fdt -c sinval_vma.cc -o sinval_vma.o -MF sinval_vma.d
g++ -MMD -MP  -DPREFIX=\"/usr/local\" -Wall -Wno-nonportable-include-path -g -O2 -fPIC -std=c++2a -g -O2   -iquote . -I.. -iquote ../fesvr -iquote ../riscv -iquote ../disasm -iquote ../customext -iquote ../fdt -iquote ../softfloat -iquote ../spike_main -iquote ../spike_dasm -I/usr/include  -fPIC -I../fdt -c hinval_vvma.cc -o hinval_vvma.o -MF hinval_vvma.d
g++ -MMD -MP  -DPREFIX=\"/usr/local\" -Wall -Wno-nonportable-include-path -g -O2 -fPIC -std=c++2a -g -O2   -iquote . -I.. -iquote ../fesvr -iquote ../riscv -iquote ../disasm -iquote ../customext -iquote ../fdt -iquote ../softfloat -iquote ../spike_main -iquote ../spike_dasm -I/usr/include  -fPIC -I../fdt -c hinval_gvma.cc -o hinval_gvma.o -MF hinval_gvma.d
g++ -MMD -MP  -DPREFIX=\"/usr/local\" -Wall -Wno-nonportable-include-path -g -O2 -fPIC -std=c++2a -g -O2   -iquote . -I.. -iquote ../fesvr -iquote ../riscv -iquote ../disasm -iquote ../customext -iquote ../fdt -iquote ../softfloat -iquote ../spike_main -iquote ../spike_dasm -I/usr/include  -fPIC -I../fdt -c beqi.cc -o beqi.o -MF beqi.d
g++ -MMD -MP  -DPREFIX=\"/usr/local\" -Wall -Wno-nonportable-include-path -g -O2 -fPIC -std=c++2a -g -O2   -iquote . -I.. -iquote ../fesvr -iquote ../riscv -iquote ../disasm -iquote ../customext -iquote ../fdt -iquote ../softfloat -iquote ../spike_main -iquote ../spike_dasm -I/usr/include  -fPIC -I../fdt -c bnei.cc -o bnei.o -MF bnei.d
g++ -MMD -MP  -DPREFIX=\"/usr/local\" -Wall -Wno-nonportable-include-path -g -O2 -fPIC -std=c++2a -g -O2   -iquote . -I.. -iquote ../fesvr -iquote ../riscv -iquote ../disasm -iquote ../customext -iquote ../fdt -iquote ../softfloat -iquote ../spike_main -iquote ../spike_dasm -I/usr/include  -fPIC -I../fdt -c mop_r_N.cc -o mop_r_N.o -MF mop_r_N.d
g++ -MMD -MP  -DPREFIX=\"/usr/local\" -Wall -Wno-nonportable-include-path -g -O2 -fPIC -std=c++2a -g -O2   -iquote . -I.. -iquote ../fesvr -iquote ../riscv -iquote ../disasm -iquote ../customext -iquote ../fdt -iquote ../softfloat -iquote ../spike_main -iquote ../spike_dasm -I/usr/include  -fPIC -I../fdt -c mop_rr_N.cc -o mop_rr_N.o -MF mop_rr_N.d
g++ -MMD -MP  -DPREFIX=\"/usr/local\" -Wall -Wno-nonportable-include-path -g -O2 -fPIC -std=c++2a -g -O2   -iquote . -I.. -iquote ../fesvr -iquote ../riscv -iquote ../disasm -iquote ../customext -iquote ../fdt -iquote ../softfloat -iquote ../spike_main -iquote ../spike_dasm -I/usr/include  -fPIC -I../fdt -c c_mop_N.cc -o c_mop_N.o -MF c_mop_N.d
g++ -MMD -MP  -DPREFIX=\"/usr/local\" -Wall -Wno-nonportable-include-path -g -O2 -fPIC -std=c++2a -g -O2   -iquote . -I.. -iquote ../fesvr -iquote ../riscv -iquote ../disasm -iquote ../customext -iquote ../fdt -iquote ../softfloat -iquote ../spike_main -iquote ../spike_dasm -I/usr/include  -fPIC -I../fdt -c lpad.cc -o lpad.o -MF lpad.d
g++ -MMD -MP  -DPREFIX=\"/usr/local\" -Wall -Wno-nonportable-include-path -g -O2 -fPIC -std=c++2a -g -O2   -iquote . -I.. -iquote ../fesvr -iquote ../riscv -iquote ../disasm -iquote ../customext -iquote ../fdt -iquote ../softfloat -iquote ../spike_main -iquote ../spike_dasm -I/usr/include  -fPIC -I../fdt -c sspush_x1.cc -o sspush_x1.o -MF sspush_x1.d
g++ -MMD -MP  -DPREFIX=\"/usr/local\" -Wall -Wno-nonportable-include-path -g -O2 -fPIC -std=c++2a -g -O2   -iquote . -I.. -iquote ../fesvr -iquote ../riscv -iquote ../disasm -iquote ../customext -iquote ../fdt -iquote ../softfloat -iquote ../spike_main -iquote ../spike_dasm -I/usr/include  -fPIC -I../fdt -c sspush_x5.cc -o sspush_x5.o -MF sspush_x5.d
g++ -MMD -MP  -DPREFIX=\"/usr/local\" -Wall -Wno-nonportable-include-path -g -O2 -fPIC -std=c++2a -g -O2   -iquote . -I.. -iquote ../fesvr -iquote ../riscv -iquote ../disasm -iquote ../customext -iquote ../fdt -iquote ../softfloat -iquote ../spike_main -iquote ../spike_dasm -I/usr/include  -fPIC -I../fdt -c sspopchk_x1.cc -o sspopchk_x1.o -MF sspopchk_x1.d
g++ -MMD -MP  -DPREFIX=\"/usr/local\" -Wall -Wno-nonportable-include-path -g -O2 -fPIC -std=c++2a -g -O2   -iquote . -I.. -iquote ../fesvr -iquote ../riscv -iquote ../disasm -iquote ../customext -iquote ../fdt -iquote ../softfloat -iquote ../spike_main -iquote ../spike_dasm -I/usr/include  -fPIC -I../fdt -c sspopchk_x5.cc -o sspopchk_x5.o -MF sspopchk_x5.d
g++ -MMD -MP  -DPREFIX=\"/usr/local\" -Wall -Wno-nonportable-include-path -g -O2 -fPIC -std=c++2a -g -O2   -iquote . -I.. -iquote ../fesvr -iquote ../riscv -iquote ../disasm -iquote ../customext -iquote ../fdt -iquote ../softfloat -iquote ../spike_main -iquote ../spike_dasm -I/usr/include  -fPIC -I../fdt -c ssrdp.cc -o ssrdp.o -MF ssrdp.d
g++ -MMD -MP  -DPREFIX=\"/usr/local\" -Wall -Wno-nonportable-include-path -g -O2 -fPIC -std=c++2a -g -O2   -iquote . -I.. -iquote ../fesvr -iquote ../riscv -iquote ../disasm -iquote ../customext -iquote ../fdt -iquote ../softfloat -iquote ../spike_main -iquote ../spike_dasm -I/usr/include  -fPIC -I../fdt -c ssamoswap_w.cc -o ssamoswap_w.o -MF ssamoswap_w.d
g++ -MMD -MP  -DPREFIX=\"/usr/local\" -Wall -Wno-nonportable-include-path -g -O2 -fPIC -std=c++2a -g -O2   -iquote . -I.. -iquote ../fesvr -iquote ../riscv -iquote ../disasm -iquote ../customext -iquote ../fdt -iquote ../softfloat -iquote ../spike_main -iquote ../spike_dasm -I/usr/include  -fPIC -I../fdt -c ssamoswap_d.cc -o ssamoswap_d.o -MF ssamoswap_d.d
g++ -MMD -MP  -DPREFIX=\"/usr/local\" -Wall -Wno-nonportable-include-path -g -O2 -fPIC -std=c++2a -g -O2   -iquote . -I.. -iquote ../fesvr -iquote ../riscv -iquote ../disasm -iquote ../customext -iquote ../fdt -iquote ../softfloat -iquote ../spike_main -iquote ../spike_dasm -I/usr/include  -fPIC -I../fdt -c c_sspush_x1.cc -o c_sspush_x1.o -MF c_sspush_x1.d
g++ -MMD -MP  -DPREFIX=\"/usr/local\" -Wall -Wno-nonportable-include-path -g -O2 -fPIC -std=c++2a -g -O2   -iquote . -I.. -iquote ../fesvr -iquote ../riscv -iquote ../disasm -iquote ../customext -iquote ../fdt -iquote ../softfloat -iquote ../spike_main -iquote ../spike_dasm -I/usr/include  -fPIC -I../fdt -c c_sspopchk_x5.cc -o c_sspopchk_x5.o -MF c_sspopchk_x5.d
rm -f libsoftfloat.a
ar rcs libsoftfloat.a e4m3_to_f16.o e5m2_to_f16.o e4m3_to_bf16.o e5m2_to_bf16.o bf16_add.o bf16_div.o bf16_mul.o bf16_mulAdd.o bf16_sqrt.o bf16_sub.o bf16_cmp.o bf16_classify.o bf16_to_e4m3.o bf16_to_e5m2.o bf16_to_f32.o bf16_to_f64.o bf16_to_i8.o bf16_to_i32.o bf16_to_ui8.o bf16_to_ui32.o f128_add.o f128_classify.o f128_div.o f128_eq.o f128_eq_signaling.o f128_isSignalingNaN.o f128_le.o f128_le_quiet.o f128_lt.o f128_lt_quiet.o f128_mulAdd.o f128_mul.o f128_rem.o f128_roundToInt.o f128_sqrt.o f128_sub.o f128_to_f16.o f128_to_f32.o f128_to_f64.o f128_to_i32.o f128_to_i32_r_minMag.o f128_to_i64.o f128_to_i64_r_minMag.o f128_to_ui32.o f128_to_ui32_r_minMag.o f128_to_ui64.o f128_to_ui64_r_minMag.o f16_add.o f16_classify.o f16_div.o f16_eq.o f16_eq_signaling.o f16_isSignalingNaN.o f16_le.o f16_le_quiet.o f16_lt.o f16_lt_quiet.o f16_mulAdd.o f16_mul.o f16_rem.o f16_roundToInt.o f16_sqrt.o f16_sub.o f16_to_f128.o f16_to_f32.o f16_to_f64.o f16_to_e4m3.o f16_to_e5m2.o f16_to_i8.o f16_to_i16.o f16_to_i32.o f16_to_i32_r_minMag.o f16_to_i64.o f16_to_i64_r_minMag.o f16_to_ui8.o f16_to_ui16.o f16_to_ui32.o f16_to_ui32_r_minMag.o f16_to_ui64.o f16_to_ui64_r_minMag.o f32_add.o f32_classify.o f32_div.o f32_eq.o f32_eq_signaling.o f32_isSignalingNaN.o f32_le.o f32_le_quiet.o f32_lt.o f32_lt_quiet.o f32_mulAdd.o f32_mul.o f32_rem.o f32_roundToInt.o f32_sqrt.o f32_sub.o f32_to_e4m3.o f32_to_e5m2.o f32_to_bf16.o f32_to_f128.o f32_to_f16.o f32_to_f64.o f32_to_i16.o f32_to_i32.o f32_to_i32_r_minMag.o f32_to_i64.o f32_to_i64_r_minMag.o f32_to_ui16.o f32_to_ui32.o f32_to_ui32_r_minMag.o f32_to_ui64.o f32_to_ui64_r_minMag.o f32_to_i8.o f32_to_ui8.o f64_add.o f64_classify.o f64_div.o f64_eq.o f64_eq_signaling.o f64_isSignalingNaN.o f64_le.o f64_le_quiet.o f64_lt.o f64_lt_quiet.o f64_mulAdd.o f64_mul.o f64_rem.o f64_roundToInt.o f64_sqrt.o f64_sub.o f64_to_bf16.o f64_to_f128.o f64_to_f16.o f64_to_f32.o f64_to_i32.o f64_to_i32_r_minMag.o f64_to_i64.o f64_to_i64_r_minMag.o f64_to_ui32.o f64_to_ui32_r_minMag.o f64_to_ui64.o f64_to_ui64_r_minMag.o fall_maxmin.o fall_reciprocal.o fall_sign.o i32_to_f128.o i32_to_bf16.o i32_to_f16.o i32_to_f32.o i32_to_f64.o i64_to_f128.o i64_to_f16.o i64_to_f32.o i64_to_f64.o s_add128.o s_add256M.o s_addCarryM.o s_addComplCarryM.o s_addMagsF128.o s_addMagsF16.o s_addMagsF32.o s_addMagsF64.o s_addM.o s_approxRecip_1Ks.o s_approxRecip32_1.o s_approxRecipSqrt_1Ks.o s_approxRecipSqrt32_1.o s_commonNaNToF32UI.o s_commonNaNToF64UI.o s_compare128M.o s_compare96M.o s_countLeadingZeros16.o s_countLeadingZeros32.o s_countLeadingZeros64.o s_countLeadingZeros8.o s_eq128.o s_f32UIToCommonNaN.o s_f64UIToCommonNaN.o s_le128.o s_lt128.o s_mul128By32.o s_mul128MTo256M.o s_mul128To256M.o s_mul64ByShifted32To128.o s_mul64To128.o s_mul64To128M.o s_mulAddF128.o s_mulAddF16.o s_mulAddF32.o s_mulAddF64.o s_negXM.o s_normRoundPackToF128.o s_normRoundPackToF16.o s_normRoundPackToF32.o s_normRoundPackToF64.o s_normSubnormalF128Sig.o s_normSubnormalE4M3Sig.o s_normSubnormalE5M2Sig.o s_normSubnormalF16Sig.o s_normSubnormalF32Sig.o s_normSubnormalF64Sig.o softfloat_raiseFlags.o softfloat_state.o s_propagateNaNF16UI.o s_propagateNaNF32UI.o s_propagateNaNF64UI.o s_propagateNaNF128UI.o s_remStepMBy32.o s_roundMToI64.o s_roundMToUI64.o s_roundPackMToI64.o s_roundPackMToUI64.o s_roundPackToE4M3.o s_roundPackToE5M2.o s_roundPackToBF16.o s_roundPackToF128.o s_roundPackToF16.o s_roundPackToF32.o s_roundPackToF64.o s_roundPackToI32.o s_roundPackToI64.o s_roundPackToUI32.o s_roundPackToUI64.o s_roundToI32.o s_roundToI64.o s_roundToUI32.o s_roundToUI64.o s_shiftRightJam128.o s_shiftRightJam128Extra.o s_shiftRightJam256M.o s_shiftRightJam32.o s_shiftRightJam64.o s_shiftRightJam64Extra.o s_shortShiftLeft128.o s_shortShiftLeft64To96M.o s_shortShiftRight128.o s_shortShiftRightExtendM.o s_shortShiftRightJam128.o s_shortShiftRightJam128Extra.o s_shortShiftRightJam64.o s_shortShiftRightJam64Extra.o s_shortShiftRightM.o s_sub128.o s_sub1XM.o s_sub256M.o s_subMagsF128.o s_subMagsF16.o s_subMagsF32.o s_subMagsF64.o s_subM.o ui32_to_f128.o ui32_to_bf16.o ui32_to_f16.o ui32_to_f32.o ui32_to_f64.o ui64_to_f128.o ui64_to_f16.o ui64_to_f32.o ui64_to_f64.o
rm -f libdisasm.a
ar rcs libdisasm.a disasm.o isa_parser.o regnames.o
rm -f libfdt.a
ar rcs libfdt.a fdt.o fdt_ro.o fdt_wip.o fdt_sw.o fdt_rw.o fdt_strerror.o fdt_empty_tree.o fdt_addresses.o fdt_overlay.o
g++ -MMD -MP  -DPREFIX=\"/usr/local\" -Wall -Wno-nonportable-include-path -g -O2 -fPIC -std=c++2a -g -O2   -iquote . -I.. -iquote ../fesvr -iquote ../riscv -iquote ../disasm -iquote ../customext -iquote ../fdt -iquote ../softfloat -iquote ../spike_main -iquote ../spike_dasm -I/usr/include  -fPIC -c _spike_main.cc -o _spike_main.o -MF _spike_main.d
g++ -L. -Wl,--export-dynamic -L/usr/lib/x86_64-linux-gnu  -Wl,-rpath,/usr/local/lib   -o elf2hex elf2hex.o  libfesvr.a -lpthread  -lboost_system -lboost_regex
rm -f libspike_dasm.a
ar rcs libspike_dasm.a spike_dasm_option_parser.o
rm -f libspike_main.a
ar rcs libspike_main.a _spike_main.o
g++ -L. -Wl,--export-dynamic -L/usr/lib/x86_64-linux-gnu  -Wl,-rpath,/usr/local/lib  -shared -o libriscv.so  processor.o execute.o dts.o sim.o imsic.o interactive.o cachesim.o mmu.o extension.o extensions.o rocc.o devices.o dtb_discovery.o rom.o clint.o plic.o ns16550.o debug_module.o remote_bitbang.o jtag_dtm.o csrs.o csr_init.o triggers.o vector_unit.o socketif.o cfg.o aplic.o add.o addi.o addiw.o addw.o and.o andi.o auipc.o beq.o bge.o bgeu.o blt.o bltu.o bne.o jal.o jalr.o lb.o lbu.o ld.o lh.o lhu.o lui.o lw.o lwu.o or.o ori.o sb.o sd.o sh.o sll.o slli.o slliw.o sllw.o slt.o slti.o sltiu.o sltu.o sra.o srai.o sraiw.o sraw.o srl.o srli.o srliw.o srlw.o sub.o subw.o sw.o xor.o xori.o fence.o fence_i.o c_add.o c_addi.o c_addi4spn.o c_addw.o c_and.o c_andi.o c_beqz.o c_bnez.o c_ebreak.o c_fld.o c_fldsp.o c_flw.o c_flwsp.o c_fsd.o c_fsdsp.o c_fsw.o c_fswsp.o c_j.o c_jal.o c_jalr.o c_jr.o c_li.o c_lui.o c_ld.o c_ldsp.o c_lw.o c_lwsp.o c_mv.o c_or.o c_slli.o c_srai.o c_srli.o c_sub.o c_subw.o c_sd.o c_sdsp.o c_sw.o c_swsp.o c_xor.o fadd_s.o fclass_s.o fcvt_l_s.o fcvt_lu_s.o fcvt_s_l.o fcvt_s_lu.o fcvt_s_w.o fcvt_s_wu.o fcvt_w_s.o fcvt_wu_s.o fdiv_s.o feq_s.o fle_s.o flt_s.o flw.o fmadd_s.o fmax_s.o fmin_s.o fmsub_s.o fmul_s.o fmv_w_x.o fmv_x_w.o fnmadd_s.o fnmsub_s.o fsgnj_s.o fsgnjn_s.o fsgnjx_s.o fsqrt_s.o fsub_s.o fsw.o fadd_d.o fclass_d.o fcvt_d_l.o fcvt_d_lu.o fcvt_d_q.o fcvt_d_s.o fcvt_d_w.o fcvt_d_wu.o fcvt_l_d.o fcvt_lu_d.o fcvt_s_d.o fcvt_w_d.o fcvt_wu_d.o fdiv_d.o feq_d.o fld.o fle_d.o flt_d.o fmadd_d.o fmax_d.o fmin_d.o fmsub_d.o fmul_d.o fmv_d_x.o fmv_x_d.o fnmadd_d.o fnmsub_d.o fsd.o fsgnj_d.o fsgnjn_d.o fsgnjx_d.o fsqrt_d.o fsub_d.o div.o divu.o divuw.o divw.o mul.o mulh.o mulhsu.o mulhu.o mulw.o rem.o remu.o remuw.o remw.o add_uw.o andn.o sh1add.o sh1add_uw.o sh2add.o sh2add_uw.o sh3add.o sh3add_uw.o clmul.o clmulh.o clmulr.o clz.o clzw.o ctz.o ctzw.o orc_b.o rev8.o rev8_rv32.o brev8.o max.o maxu.o min.o minu.o orn.o pack.o packh.o packw.o cpop.o cpopw.o rol.o rolw.o ror.o rori.o roriw.o rorw.o bclr.o bclri.o bext.o bexti.o binv.o binvi.o bset.o bseti.o sext_b.o sext_h.o zip.o slli_uw.o unzip.o xnor.o xperm4.o xperm8.o amoadd_d.o amoadd_w.o amoand_d.o amoand_w.o amomax_d.o amomaxu_d.o amomaxu_w.o amomax_w.o amomin_d.o amominu_d.o amominu_w.o amomin_w.o amoor_d.o amoor_w.o amoswap_d.o amoswap_w.o amoxor_d.o amoxor_w.o lr_d.o lr_w.o sc_d.o sc_w.o vfadd_vf.o vfadd_vv.o vfclass_v.o vfcvt_f_x_v.o vfcvt_f_xu_v.o vfcvt_rtz_x_f_v.o vfcvt_rtz_xu_f_v.o vfcvt_x_f_v.o vfcvt_xu_f_v.o vfdiv_vf.o vfdiv_vv.o vfmacc_vf.o vfmacc_vv.o vfmadd_vf.o vfmadd_vv.o vfmax_vf.o vfmax_vv.o vfmerge_vfm.o vfmin_vf.o vfmin_vv.o vfmsac_vf.o vfmsac_vv.o vfmsub_vf.o vfmsub_vv.o vfmul_vf.o vfmul_vv.o vfmv_f_s.o vfmv_s_f.o vfmv_v_f.o vfncvt_f_f_w.o vfncvt_f_x_w.o vfncvt_f_xu_w.o vfncvt_rod_f_f_w.o vfncvt_rtz_x_f_w.o vfncvt_rtz_xu_f_w.o vfncvt_x_f_w.o vfncvt_xu_f_w.o vfnmacc_vf.o vfnmacc_vv.o vfnmadd_vf.o vfnmadd_vv.o vfnmsac_vf.o vfnmsac_vv.o vfnmsub_vf.o vfnmsub_vv.o vfrdiv_vf.o vfredmax_vs.o vfredmin_vs.o vfredosum_vs.o vfredusum_vs.o vfrec7_v.o vfrsub_vf.o vfrsqrt7_v.o vfsgnj_vf.o vfsgnj_vv.o vfsgnjn_vf.o vfsgnjn_vv.o vfsgnjx_vf.o vfsgnjx_vv.o vfsqrt_v.o vfslide1down_vf.o vfslide1up_vf.o vfsub_vf.o vfsub_vv.o vfwadd_vf.o vfwadd_vv.o vfwadd_wf.o vfwadd_wv.o vfwcvt_f_f_v.o vfwcvt_f_x_v.o vfwcvt_f_xu_v.o vfwcvt_rtz_x_f_v.o vfwcvt_rtz_xu_f_v.o vfwcvt_x_f_v.o vfwcvt_xu_f_v.o vfwmacc_vf.o vfwmacc_vv.o vfwmsac_vf.o vfwmsac_vv.o vfwmul_vf.o vfwmul_vv.o vfwnmacc_vf.o vfwnmacc_vv.o vfwnmsac_vf.o vfwnmsac_vv.o vfwredosum_vs.o vfwredusum_vs.o vfwsub_vf.o vfwsub_vv.o vfwsub_wf.o vfwsub_wv.o vmfeq_vf.o vmfeq_vv.o vmfge_vf.o vmfgt_vf.o vmfle_vf.o vmfle_vv.o vmflt_vf.o vmflt_vv.o vmfne_vf.o vmfne_vv.o vaadd_vv.o vaaddu_vv.o vaadd_vx.o vaaddu_vx.o vadc_vim.o vadc_vvm.o vadc_vxm.o vadd_vi.o vadd_vv.o vadd_vx.o vand_vi.o vand_vv.o vand_vx.o vasub_vv.o vasubu_vv.o vasub_vx.o vasubu_vx.o vcompress_vm.o vcpop_m.o vdiv_vv.o vdiv_vx.o vdivu_vv.o vdivu_vx.o vid_v.o viota_m.o vmacc_vv.o vmacc_vx.o vmadc_vv.o vmadc_vx.o vmadc_vi.o vmadc_vim.o vmadc_vvm.o vmadc_vxm.o vmadd_vv.o vmadd_vx.o vmand_mm.o vmandn_mm.o vmax_vv.o vmax_vx.o vmaxu_vv.o vmaxu_vx.o vmerge_vim.o vmerge_vvm.o vmerge_vxm.o vfirst_m.o vmin_vv.o vmin_vx.o vminu_vv.o vminu_vx.o vmnand_mm.o vmnor_mm.o vmor_mm.o vmorn_mm.o vmsbc_vv.o vmsbc_vx.o vmsbc_vvm.o vmsbc_vxm.o vmsbf_m.o vmseq_vi.o vmseq_vv.o vmseq_vx.o vmsgt_vi.o vmsgt_vx.o vmsgtu_vi.o vmsgtu_vx.o vmsif_m.o vmsle_vi.o vmsle_vv.o vmsle_vx.o vmsleu_vi.o vmsleu_vv.o vmsleu_vx.o vmslt_vv.o vmslt_vx.o vmsltu_vv.o vmsltu_vx.o vmsne_vi.o vmsne_vv.o vmsne_vx.o vmsof_m.o vmul_vv.o vmul_vx.o vmulh_vv.o vmulh_vx.o vmulhsu_vv.o vmulhsu_vx.o vmulhu_vv.o vmulhu_vx.o vmv_s_x.o vmv_v_i.o vmv_v_v.o vmv_v_x.o vmv_x_s.o vmv1r_v.o vmv2r_v.o vmv4r_v.o vmv8r_v.o vmxnor_mm.o vmxor_mm.o vnclip_wi.o vnclip_wv.o vnclip_wx.o vnclipu_wi.o vnclipu_wv.o vnclipu_wx.o vnmsac_vv.o vnmsac_vx.o vnmsub_vv.o vnmsub_vx.o vnsra_wi.o vnsra_wv.o vnsra_wx.o vnsrl_wi.o vnsrl_wv.o vnsrl_wx.o vor_vi.o vor_vv.o vor_vx.o vredand_vs.o vredmax_vs.o vredmaxu_vs.o vredmin_vs.o vredminu_vs.o vredor_vs.o vredsum_vs.o vredxor_vs.o vrem_vv.o vrem_vx.o vremu_vv.o vremu_vx.o vrgather_vi.o vrgather_vv.o vrgather_vx.o vrgatherei16_vv.o vrsub_vi.o vrsub_vx.o vsadd_vi.o vsadd_vv.o vsadd_vx.o vsaddu_vi.o vsaddu_vv.o vsaddu_vx.o vsbc_vvm.o vsbc_vxm.o vsext_vf2.o vsext_vf4.o vsext_vf8.o vslide1down_vx.o vslide1up_vx.o vslidedown_vi.o vslidedown_vx.o vslideup_vi.o vslideup_vx.o vsll_vi.o vsll_vv.o vsll_vx.o vsmul_vv.o vsmul_vx.o vsra_vi.o vsra_vv.o vsra_vx.o vsrl_vi.o vsrl_vv.o vsrl_vx.o vssra_vi.o vssra_vv.o vssra_vx.o vssrl_vi.o vssrl_vv.o vssrl_vx.o vssub_vv.o vssub_vx.o vssubu_vv.o vssubu_vx.o vsub_vv.o vsub_vx.o vwadd_vv.o vwadd_vx.o vwadd_wv.o vwadd_wx.o vwaddu_vv.o vwaddu_vx.o vwaddu_wv.o vwaddu_wx.o vwmacc_vv.o vwmacc_vx.o vwmaccsu_vv.o vwmaccsu_vx.o vwmaccu_vv.o vwmaccu_vx.o vwmaccus_vx.o vwmul_vv.o vwmul_vx.o vwmulsu_vv.o vwmulsu_vx.o vwmulu_vv.o vwmulu_vx.o vwredsum_vs.o vwredsumu_vs.o vwsub_vv.o vwsub_vx.o vwsub_wv.o vwsub_wx.o vwsubu_vv.o vwsubu_vx.o vwsubu_wv.o vwsubu_wx.o vxor_vi.o vxor_vv.o vxor_vx.o vzext_vf2.o vzext_vf4.o vzext_vf8.o vsetivli.o vsetvli.o vsetvl.o vlm_v.o vle8_v.o vle16_v.o vle32_v.o vle64_v.o vloxei8_v.o vloxei16_v.o vloxei32_v.o vloxei64_v.o vlse8_v.o vlse16_v.o vlse32_v.o vlse64_v.o vluxei8_v.o vluxei16_v.o vluxei32_v.o vluxei64_v.o vle8ff_v.o vle16ff_v.o vle32ff_v.o vle64ff_v.o vl1re8_v.o vl2re8_v.o vl4re8_v.o vl8re8_v.o vl1re16_v.o vl2re16_v.o vl4re16_v.o vl8re16_v.o vl1re32_v.o vl2re32_v.o vl4re32_v.o vl8re32_v.o vl1re64_v.o vl2re64_v.o vl4re64_v.o vl8re64_v.o vsm_v.o vse8_v.o vse16_v.o vse32_v.o vse64_v.o vsse8_v.o vsoxei8_v.o vsoxei16_v.o vsoxei32_v.o vsoxei64_v.o vsse16_v.o vsse32_v.o vsse64_v.o vsuxei8_v.o vsuxei16_v.o vsuxei32_v.o vsuxei64_v.o vs1r_v.o vs2r_v.o vs4r_v.o vs8r_v.o vdot4a_vv.o vdot4a_vx.o vdot4au_vv.o vdot4au_vx.o vdot4asu_vv.o vdot4asu_vx.o vdot4aus_vx.o vfext_vf2.o vfncvt_f_f_q.o vfncvt_sat_f_f_q.o vfncvtbf16_sat_f_f_w.o fcvt_bf16_s.o fcvt_s_bf16.o vfncvtbf16_f_f_w.o vfwcvtbf16_f_f_v.o vfwmaccbf16_vv.o vfwmaccbf16_vf.o cbo_clean.o cbo_flush.o cbo_inval.o cbo_zero.o fli_d.o fmaxm_d.o fminm_d.o fround_d.o froundnx_d.o fmvh_x_d.o fmvp_d_x.o fcvtmod_w_d.o fleq_d.o fltq_d.o fli_s.o fmaxm_s.o fminm_s.o fround_s.o froundnx_s.o fleq_s.o fltq_s.o pli_b.o pli_h.o plui_h.o padd_bs.o padd_hs.o padd_b.o padd_h.o psub_b.o psub_h.o psadd_b.o psadd_h.o sadd.o psaddu_b.o psaddu_h.o saddu.o pssub_b.o pssub_h.o ssub.o pssubu_b.o pssubu_h.o ssubu.o paadd_b.o paadd_h.o aadd.o paaddu_b.o paaddu_h.o aaddu.o pasub_b.o pasub_h.o asub.o pasubu_b.o pasubu_h.o asubu.o psh1add_h.o pssh1sadd_h.o ssh1sadd.o pas_hx.o psa_hx.o psas_hx.o pssa_hx.o paas_hx.o pasa_hx.o pabd_b.o pabd_h.o pabdu_b.o pabdu_h.o psabs_b.o psabs_h.o predsum_bs.o predsum_hs.o predsumu_bs.o predsumu_hs.o pabdsumu_b.o pabdsumau_b.o psext_h_b.o psati_h.o sati.o sati_rv32.o pusati_h.o usati.o usati_rv32.o pslli_b.o pslli_h.o psll_bs.o psll_hs.o psrli_b.o psrli_h.o psrl_bs.o psrl_hs.o psrai_b.o psrai_h.o psra_bs.o psra_hs.o psslai_h.o psrari_h.o pssha_hs.o psshar_hs.o sslai.o srari.o srari_rv32.o ssha.o sshar.o pmin_b.o pmin_h.o pminu_b.o pminu_h.o pmax_b.o pmax_h.o pmaxu_b.o pmaxu_h.o pmseq_b.o pmseq_h.o mseq.o pmslt_b.o pmslt_h.o mslt.o pmsltu_b.o pmsltu_h.o msltu.o ppaire_b.o ppaireo_b.o ppaireo_h.o ppairoe_b.o ppairoe_h.o ppairo_b.o ppairo_h.o abs.o cls.o slx.o srx.o mvm.o mvmn.o merge.o pmulh_h.o pmulhr_h.o pmulhsu_h.o pmulhrsu_h.o pmulhu_h.o pmulhru_h.o pmulq_h.o pmulqr_h.o mulhr.o mulhrsu.o mulhru.o mulq.o mulqr.o pmul_h_b00.o pmul_h_b01.o pmul_h_b11.o pmulsu_h_b00.o pmulsu_h_b11.o pmulu_h_b00.o pmulu_h_b01.o pmulu_h_b11.o mul_h00.o mul_h01.o mul_h11.o mulsu_h00.o mulsu_h11.o mulu_h00.o mulu_h01.o mulu_h11.o pmulh_h_b0.o pmulh_h_b1.o pmulhsu_h_b0.o pmulhsu_h_b1.o mulh_h0.o mulh_h1.o mulhsu_h0.o mulhsu_h1.o pmhacc_h.o pmhracc_h.o pmhaccsu_h.o pmhraccsu_h.o pmhaccu_h.o pmhraccu_h.o mhacc.o mhracc.o mhaccsu.o mhraccsu.o mhaccu.o mhraccu.o mqacc_h00.o mqacc_h01.o mqacc_h11.o mqracc_h00.o mqracc_h01.o mqracc_h11.o macc_h00.o macc_h01.o macc_h11.o maccsu_h00.o maccsu_h11.o maccu_h00.o maccu_h01.o maccu_h11.o pmhacc_h_b0.o pmhacc_h_b1.o pmhaccsu_h_b0.o pmhaccsu_h_b1.o mhacc_h0.o mhacc_h1.o mhaccsu_h0.o mhaccsu_h1.o pmq2add_h.o pmq2adda_h.o pmqr2add_h.o pmqr2adda_h.o pm2add_h.o pm2adda_h.o pm2addsu_h.o pm2addasu_h.o pm2addu_h.o pm2addau_h.o pm2add_hx.o pm2adda_hx.o pm2sadd_h.o pm2sadd_hx.o pm2sub_h.o pm2suba_h.o pm2sub_hx.o pm2suba_hx.o pm4add_b.o pm4adda_b.o pm4addsu_b.o pm4addasu_b.o pm4addu_b.o pm4addau_b.o pli_db.o pli_dh.o plui_dh.o pwadd_b.o pwadd_h.o wadd.o pwadda_b.o pwadda_h.o wadda.o pwaddu_b.o pwaddu_h.o waddu.o pwaddau_b.o pwaddau_h.o waddau.o pwsub_b.o pwsub_h.o wsub.o pwsuba_b.o pwsuba_h.o wsuba.o pwsubu_b.o pwsubu_h.o wsubu.o pwsubau_b.o pwsubau_h.o wsubau.o padd_db.o padd_dh.o padd_dw.o psub_db.o psub_dh.o psub_dw.o psadd_db.o psadd_dh.o psadd_dw.o psaddu_db.o psaddu_dh.o psaddu_dw.o pssub_db.o pssub_dh.o pssub_dw.o pssubu_db.o pssubu_dh.o pssubu_dw.o paadd_db.o paadd_dh.o paadd_dw.o paaddu_db.o paaddu_dh.o paaddu_dw.o pasub_db.o pasub_dh.o pasub_dw.o pasubu_db.o pasubu_dh.o pasubu_dw.o psh1add_dh.o psh1add_dw.o pssh1sadd_dh.o pssh1sadd_dw.o addd.o subd.o padd_dbs.o padd_dhs.o padd_dws.o pas_dhx.o psa_dhx.o psas_dhx.o pssa_dhx.o paas_dhx.o pasa_dhx.o pabd_db.o pabd_dh.o pabdu_db.o pabdu_dh.o psabs_db.o psabs_dh.o predsum_dbs.o predsum_dhs.o predsumu_dbs.o predsumu_dhs.o psext_dh_b.o psext_dw_b.o psext_dw_h.o psati_dh.o psati_dw.o pusati_dh.o pusati_dw.o pslli_db.o pslli_dh.o pslli_dw.o psrli_db.o psrli_dh.o psrli_dw.o psrai_db.o psrai_dh.o psrai_dw.o psslai_dh.o psslai_dw.o psrari_dh.o psrari_dw.o psll_dbs.o psll_dhs.o psll_dws.o psrl_dbs.o psrl_dhs.o psrl_dws.o psra_dbs.o psra_dhs.o psra_dws.o pssha_dhs.o pssha_dws.o psshar_dhs.o psshar_dws.o pwslli_b.o pwslli_h.o wslli.o pwsll_bs.o pwsll_hs.o wsll.o pwslai_b.o pwslai_h.o wslai.o pwsla_bs.o pwsla_hs.o wsla.o pmin_db.o pmin_dh.o pmin_dw.o pminu_db.o pminu_dh.o pminu_dw.o pmax_db.o pmax_dh.o pmax_dw.o pmaxu_db.o pmaxu_dh.o pmaxu_dw.o pmseq_db.o pmseq_dh.o pmseq_dw.o pmslt_db.o pmslt_dh.o pmslt_dw.o pmsltu_db.o pmsltu_dh.o pmsltu_dw.o ppaire_db.o ppaire_dh.o ppaireo_db.o ppaireo_dh.o ppairoe_db.o ppairoe_dh.o ppairo_db.o ppairo_dh.o wzip8p.o wzip16p.o pnsrli_b.o pnsrli_h.o nsrli.o pnsrl_bs.o pnsrl_hs.o nsrl.o pnsrai_b.o pnsrai_h.o nsrai.o pnsra_bs.o pnsra_hs.o nsra.o pnsrari_b.o pnsrari_h.o nsrari.o pnsrar_bs.o pnsrar_hs.o nsrar.o pnclipi_b.o pnclipi_h.o nclipi.o pnclip_bs.o pnclip_hs.o nclip.o pnclipri_b.o pnclipri_h.o nclipri.o pnclipr_bs.o pnclipr_hs.o nclipr.o pnclipiu_b.o pnclipiu_h.o nclipiu.o pnclipu_bs.o pnclipu_hs.o nclipu.o pnclipriu_b.o pnclipriu_h.o nclipriu.o pnclipru_bs.o pnclipru_hs.o nclipru.o pwmul_b.o pwmul_h.o wmul.o pwmulsu_b.o pwmulsu_h.o wmulsu.o pwmulu_b.o pwmulu_h.o wmulu.o pmqwacc_h.o mqwacc.o pmqrwacc_h.o mqrwacc.o pwmacc_h.o wmacc.o pwmaccsu_h.o wmaccsu.o pwmaccu_h.o wmaccu.o pm2wadd_h.o pm2wadda_h.o pm2waddsu_h.o pm2waddasu_h.o pm2waddu_h.o pm2waddau_h.o pm2wadd_hx.o pm2wadda_hx.o pm2wsub_h.o pm2wsuba_h.o pm2wsub_hx.o pm2wsuba_hx.o pli_w.o plui_w.o paadd_w.o paaddu_w.o padd_w.o padd_ws.o pasub_w.o pasubu_w.o psadd_w.o psaddu_w.o psh1add_w.o pssh1sadd_w.o pssub_w.o pssubu_w.o psub_w.o paas_wx.o pas_wx.o pasa_wx.o psa_wx.o psas_wx.o pssa_wx.o predsum_ws.o predsumu_ws.o psati_w.o psext_w_b.o psext_w_h.o pusati_w.o psll_ws.o pslli_w.o psra_ws.o psrai_w.o psrari_w.o psrl_ws.o psrli_w.o pssha_ws.o psshar_ws.o psslai_w.o sha.o shar.o pmax_w.o pmaxu_w.o pmin_w.o pminu_w.o pmseq_w.o pmslt_w.o pmsltu_w.o ppaire_h.o ppaireo_w.o ppairo_w.o ppairoe_w.o rev.o rev16.o rev_rv32.o unzip16hp.o unzip16p.o unzip8hp.o unzip8p.o zip16hp.o zip16p.o zip8hp.o zip8p.o absw.o clsw.o mul_w00.o mul_w01.o mul_w11.o mulsu_w00.o mulsu_w11.o mulu_w00.o mulu_w01.o mulu_w11.o pmul_w_h00.o pmul_w_h01.o pmul_w_h11.o pmulh_w.o pmulh_w_h0.o pmulh_w_h1.o pmulhr_w.o pmulhrsu_w.o pmulhru_w.o pmulhsu_w.o pmulhsu_w_h0.o pmulhsu_w_h1.o pmulhu_w.o pmulq_w.o pmulqr_w.o pmulsu_w_h00.o pmulsu_w_h11.o pmulu_w_h00.o pmulu_w_h01.o pmulu_w_h11.o macc_w00.o macc_w01.o macc_w11.o maccsu_w00.o maccsu_w11.o maccu_w00.o maccu_w01.o maccu_w11.o mqacc_w00.o mqacc_w01.o mqacc_w11.o mqracc_w00.o mqracc_w01.o mqracc_w11.o pmacc_w_h00.o pmacc_w_h01.o pmacc_w_h11.o pmaccsu_w_h00.o pmaccsu_w_h11.o pmaccu_w_h00.o pmaccu_w_h01.o pmaccu_w_h11.o pmhacc_w.o pmhacc_w_h0.o pmhacc_w_h1.o pmhaccsu_w.o pmhaccsu_w_h0.o pmhaccsu_w_h1.o pmhaccu_w.o pmhracc_w.o pmhraccsu_w.o pmhraccu_w.o pmqacc_w_h00.o pmqacc_w_h01.o pmqacc_w_h11.o pmqracc_w_h00.o pmqracc_w_h01.o pmqracc_w_h11.o pm2add_w.o pm2add_wx.o pm2adda_w.o pm2adda_wx.o pm2addasu_w.o pm2addau_w.o pm2addsu_w.o pm2addu_w.o pm2sub_w.o pm2sub_wx.o pm2suba_w.o pm2suba_wx.o pm4add_h.o pm4adda_h.o pm4addasu_h.o pm4addau_h.o pm4addsu_h.o pm4addu_h.o pmq2add_w.o pmq2adda_w.o pmqr2add_w.o pmqr2adda_w.o sshl.o sshlr.o shl.o shlr.o psshl_hs.o psshlr_hs.o psshl_ws.o psshlr_ws.o psshl_dhs.o psshlr_dhs.o psshl_dws.o psshlr_dws.o pnclipp_b.o pnclipp_h.o pnclipp_w.o pnclipup_b.o pnclipup_h.o pnclipup_w.o hfence_gvma.o hfence_vvma.o hlv_b.o hlv_bu.o hlv_h.o hlv_hu.o hlvx_hu.o hlv_w.o hlv_wu.o hlvx_wu.o hlv_d.o hsv_b.o hsv_h.o hsv_w.o hsv_d.o aes32dsi.o aes32dsmi.o aes32esi.o aes32esmi.o aes64ds.o aes64dsm.o aes64es.o aes64esm.o aes64ks1i.o aes64ks2.o aes64im.o sha256sig0.o sha256sig1.o sha256sum0.o sha256sum1.o sha512sig0.o sha512sig0h.o sha512sig0l.o sha512sig1.o sha512sig1h.o sha512sig1l.o sha512sum0.o sha512sum0r.o sha512sum1.o sha512sum1r.o sm3p0.o sm3p1.o sm4ed.o sm4ks.o fadd_q.o fclass_q.o fcvt_l_q.o fcvt_lu_q.o fcvt_q_d.o fcvt_q_l.o fcvt_q_lu.o fcvt_q_s.o fcvt_q_w.o fcvt_q_wu.o fcvt_s_q.o fcvt_w_q.o fcvt_wu_q.o fdiv_q.o feq_q.o fle_q.o flq.o flt_q.o fmadd_q.o fmax_q.o fmin_q.o fmsub_q.o fmul_q.o fnmadd_q.o fnmsub_q.o fsgnj_q.o fsgnjn_q.o fsgnjx_q.o fsq.o fsqrt_q.o fsub_q.o fli_q.o fmaxm_q.o fminm_q.o fround_q.o froundnx_q.o fmvh_x_q.o fmvp_q_x.o fleq_q.o fltq_q.o amocas_w.o amocas_d.o amocas_q.o amoadd_b.o amoand_b.o amomax_b.o amomaxu_b.o amomin_b.o amominu_b.o amoor_b.o amoswap_b.o amoxor_b.o amocas_b.o amoadd_h.o amoand_h.o amomax_h.o amomaxu_h.o amomin_h.o amominu_h.o amoor_h.o amoswap_h.o amoxor_h.o amocas_h.o wrs_sto.o wrs_nto.o lb_aq.o lh_aq.o lw_aq.o ld_aq.o sb_rl.o sh_rl.o sw_rl.o sd_rl.o c_zext_b.o c_zext_h.o c_zext_w.o c_sext_b.o c_sext_h.o c_not.o c_mul.o c_lbu.o c_lhu.o c_lh.o c_sb.o c_sh.o cm_push.o cm_pop.o cm_popret.o cm_popretz.o cm_mva01s.o cm_mvsa01.o cm_jalt.o fadd_h.o fclass_h.o fcvt_l_h.o fcvt_lu_h.o fcvt_d_h.o fcvt_h_d.o fcvt_h_l.o fcvt_h_lu.o fcvt_h_q.o fcvt_h_s.o fcvt_h_w.o fcvt_h_wu.o fcvt_q_h.o fcvt_s_h.o fcvt_w_h.o fcvt_wu_h.o fdiv_h.o feq_h.o fle_h.o flh.o flt_h.o fmadd_h.o fmax_h.o fmin_h.o fmsub_h.o fmul_h.o fmv_h_x.o fmv_x_h.o fnmadd_h.o fnmsub_h.o fsgnj_h.o fsgnjn_h.o fsgnjx_h.o fsh.o fsqrt_h.o fsub_h.o fli_h.o fmaxm_h.o fminm_h.o fround_h.o froundnx_h.o fleq_h.o fltq_h.o czero_eqz.o czero_nez.o vandn_vv.o vandn_vx.o vbrev8_v.o vbrev_v.o vclz_v.o vcpop_v.o vctz_v.o vrev8_v.o vrol_vv.o vrol_vx.o vror_vi.o vror_vv.o vror_vx.o vwsll_vi.o vwsll_vv.o vwsll_vx.o vclmul_vv.o vclmul_vx.o vclmulh_vv.o vclmulh_vx.o vghsh_vv.o vgmul_vv.o vaesdf_vs.o vaesdf_vv.o vaesdm_vs.o vaesdm_vv.o vaesef_vs.o vaesef_vv.o vaesem_vs.o vaesem_vv.o vaeskf1_vi.o vaeskf2_vi.o vaesz_vs.o vsha2cl_vv.o vsha2ch_vv.o vsha2ms_vv.o vsm4k_vi.o vsm4r_vs.o vsm4r_vv.o vsm3c_vi.o vsm3me_vv.o vfbdota_vv.o vfqwbdota_alt_vv.o vfqwbdota_vv.o vfwbdota_vv.o vqwbdotas_vv.o vqwbdotau_vv.o vfqwdota_alt_vv.o vfqwdota_vv.o vfwdota_vv.o vqwdotas_vv.o vqwdotau_vv.o vabd_vv.o vabd_vx.o vabdu_vv.o vabdu_vx.o vwabda_vv.o vwabda_vx.o vwabdau_vv.o vwabdau_vx.o msettn.o msettm.o msettk.o msetmtype.o msetmtypei.o vtle8.o vtse8.o vtle16.o vtse16.o vtle32.o vtse32.o vtle64.o vtse64.o vtmv_t_v.o vtmv_v_t.o vtzero.o vtdiscard.o vtmmu_tvv.o vtmms_tvv.o vtfmm_tvv.o vtfmm_alt_tvv.o vzip_vv.o vunzipe_v.o vunzipo_v.o vpaire_vv.o vpairo_vv.o lxh.o lxw.o lxd.o lxhu.o lxwu.o lxsb.o lxsh.o lxsw.o lxsd.o lxsbu.o lxshu.o lxswu.o lxsuwb.o lxsuwh.o lxsuww.o lxsuwd.o lxsuwbu.o lxsuwhu.o lxsuwwu.o csrrc.o csrrci.o csrrs.o csrrsi.o csrrw.o csrrwi.o dret.o ebreak.o ecall.o mret.o sfence_vma.o sret.o wfi.o mnret.o sfence_w_inval.o sfence_inval_ir.o sinval_vma.o hinval_vvma.o hinval_gvma.o beqi.o bnei.o mop_r_N.o mop_rr_N.o c_mop_N.o lpad.o sspush_x1.o sspush_x5.o sspopchk_x1.o sspopchk_x5.o ssrdp.o ssamoswap_w.o ssamoswap_d.o c_sspush_x1.o c_sspopchk_x5.o libsoftfloat.a libfesvr.a libdisasm.a libfdt.a -lpthread  -lboost_system -lboost_regex
rm -f libriscv.a
ar rcs libriscv.a processor.o execute.o dts.o sim.o imsic.o interactive.o cachesim.o mmu.o extension.o extensions.o rocc.o devices.o dtb_discovery.o rom.o clint.o plic.o ns16550.o debug_module.o remote_bitbang.o jtag_dtm.o csrs.o csr_init.o triggers.o vector_unit.o socketif.o cfg.o aplic.o add.o addi.o addiw.o addw.o and.o andi.o auipc.o beq.o bge.o bgeu.o blt.o bltu.o bne.o jal.o jalr.o lb.o lbu.o ld.o lh.o lhu.o lui.o lw.o lwu.o or.o ori.o sb.o sd.o sh.o sll.o slli.o slliw.o sllw.o slt.o slti.o sltiu.o sltu.o sra.o srai.o sraiw.o sraw.o srl.o srli.o srliw.o srlw.o sub.o subw.o sw.o xor.o xori.o fence.o fence_i.o c_add.o c_addi.o c_addi4spn.o c_addw.o c_and.o c_andi.o c_beqz.o c_bnez.o c_ebreak.o c_fld.o c_fldsp.o c_flw.o c_flwsp.o c_fsd.o c_fsdsp.o c_fsw.o c_fswsp.o c_j.o c_jal.o c_jalr.o c_jr.o c_li.o c_lui.o c_ld.o c_ldsp.o c_lw.o c_lwsp.o c_mv.o c_or.o c_slli.o c_srai.o c_srli.o c_sub.o c_subw.o c_sd.o c_sdsp.o c_sw.o c_swsp.o c_xor.o fadd_s.o fclass_s.o fcvt_l_s.o fcvt_lu_s.o fcvt_s_l.o fcvt_s_lu.o fcvt_s_w.o fcvt_s_wu.o fcvt_w_s.o fcvt_wu_s.o fdiv_s.o feq_s.o fle_s.o flt_s.o flw.o fmadd_s.o fmax_s.o fmin_s.o fmsub_s.o fmul_s.o fmv_w_x.o fmv_x_w.o fnmadd_s.o fnmsub_s.o fsgnj_s.o fsgnjn_s.o fsgnjx_s.o fsqrt_s.o fsub_s.o fsw.o fadd_d.o fclass_d.o fcvt_d_l.o fcvt_d_lu.o fcvt_d_q.o fcvt_d_s.o fcvt_d_w.o fcvt_d_wu.o fcvt_l_d.o fcvt_lu_d.o fcvt_s_d.o fcvt_w_d.o fcvt_wu_d.o fdiv_d.o feq_d.o fld.o fle_d.o flt_d.o fmadd_d.o fmax_d.o fmin_d.o fmsub_d.o fmul_d.o fmv_d_x.o fmv_x_d.o fnmadd_d.o fnmsub_d.o fsd.o fsgnj_d.o fsgnjn_d.o fsgnjx_d.o fsqrt_d.o fsub_d.o div.o divu.o divuw.o divw.o mul.o mulh.o mulhsu.o mulhu.o mulw.o rem.o remu.o remuw.o remw.o add_uw.o andn.o sh1add.o sh1add_uw.o sh2add.o sh2add_uw.o sh3add.o sh3add_uw.o clmul.o clmulh.o clmulr.o clz.o clzw.o ctz.o ctzw.o orc_b.o rev8.o rev8_rv32.o brev8.o max.o maxu.o min.o minu.o orn.o pack.o packh.o packw.o cpop.o cpopw.o rol.o rolw.o ror.o rori.o roriw.o rorw.o bclr.o bclri.o bext.o bexti.o binv.o binvi.o bset.o bseti.o sext_b.o sext_h.o zip.o slli_uw.o unzip.o xnor.o xperm4.o xperm8.o amoadd_d.o amoadd_w.o amoand_d.o amoand_w.o amomax_d.o amomaxu_d.o amomaxu_w.o amomax_w.o amomin_d.o amominu_d.o amominu_w.o amomin_w.o amoor_d.o amoor_w.o amoswap_d.o amoswap_w.o amoxor_d.o amoxor_w.o lr_d.o lr_w.o sc_d.o sc_w.o vfadd_vf.o vfadd_vv.o vfclass_v.o vfcvt_f_x_v.o vfcvt_f_xu_v.o vfcvt_rtz_x_f_v.o vfcvt_rtz_xu_f_v.o vfcvt_x_f_v.o vfcvt_xu_f_v.o vfdiv_vf.o vfdiv_vv.o vfmacc_vf.o vfmacc_vv.o vfmadd_vf.o vfmadd_vv.o vfmax_vf.o vfmax_vv.o vfmerge_vfm.o vfmin_vf.o vfmin_vv.o vfmsac_vf.o vfmsac_vv.o vfmsub_vf.o vfmsub_vv.o vfmul_vf.o vfmul_vv.o vfmv_f_s.o vfmv_s_f.o vfmv_v_f.o vfncvt_f_f_w.o vfncvt_f_x_w.o vfncvt_f_xu_w.o vfncvt_rod_f_f_w.o vfncvt_rtz_x_f_w.o vfncvt_rtz_xu_f_w.o vfncvt_x_f_w.o vfncvt_xu_f_w.o vfnmacc_vf.o vfnmacc_vv.o vfnmadd_vf.o vfnmadd_vv.o vfnmsac_vf.o vfnmsac_vv.o vfnmsub_vf.o vfnmsub_vv.o vfrdiv_vf.o vfredmax_vs.o vfredmin_vs.o vfredosum_vs.o vfredusum_vs.o vfrec7_v.o vfrsub_vf.o vfrsqrt7_v.o vfsgnj_vf.o vfsgnj_vv.o vfsgnjn_vf.o vfsgnjn_vv.o vfsgnjx_vf.o vfsgnjx_vv.o vfsqrt_v.o vfslide1down_vf.o vfslide1up_vf.o vfsub_vf.o vfsub_vv.o vfwadd_vf.o vfwadd_vv.o vfwadd_wf.o vfwadd_wv.o vfwcvt_f_f_v.o vfwcvt_f_x_v.o vfwcvt_f_xu_v.o vfwcvt_rtz_x_f_v.o vfwcvt_rtz_xu_f_v.o vfwcvt_x_f_v.o vfwcvt_xu_f_v.o vfwmacc_vf.o vfwmacc_vv.o vfwmsac_vf.o vfwmsac_vv.o vfwmul_vf.o vfwmul_vv.o vfwnmacc_vf.o vfwnmacc_vv.o vfwnmsac_vf.o vfwnmsac_vv.o vfwredosum_vs.o vfwredusum_vs.o vfwsub_vf.o vfwsub_vv.o vfwsub_wf.o vfwsub_wv.o vmfeq_vf.o vmfeq_vv.o vmfge_vf.o vmfgt_vf.o vmfle_vf.o vmfle_vv.o vmflt_vf.o vmflt_vv.o vmfne_vf.o vmfne_vv.o vaadd_vv.o vaaddu_vv.o vaadd_vx.o vaaddu_vx.o vadc_vim.o vadc_vvm.o vadc_vxm.o vadd_vi.o vadd_vv.o vadd_vx.o vand_vi.o vand_vv.o vand_vx.o vasub_vv.o vasubu_vv.o vasub_vx.o vasubu_vx.o vcompress_vm.o vcpop_m.o vdiv_vv.o vdiv_vx.o vdivu_vv.o vdivu_vx.o vid_v.o viota_m.o vmacc_vv.o vmacc_vx.o vmadc_vv.o vmadc_vx.o vmadc_vi.o vmadc_vim.o vmadc_vvm.o vmadc_vxm.o vmadd_vv.o vmadd_vx.o vmand_mm.o vmandn_mm.o vmax_vv.o vmax_vx.o vmaxu_vv.o vmaxu_vx.o vmerge_vim.o vmerge_vvm.o vmerge_vxm.o vfirst_m.o vmin_vv.o vmin_vx.o vminu_vv.o vminu_vx.o vmnand_mm.o vmnor_mm.o vmor_mm.o vmorn_mm.o vmsbc_vv.o vmsbc_vx.o vmsbc_vvm.o vmsbc_vxm.o vmsbf_m.o vmseq_vi.o vmseq_vv.o vmseq_vx.o vmsgt_vi.o vmsgt_vx.o vmsgtu_vi.o vmsgtu_vx.o vmsif_m.o vmsle_vi.o vmsle_vv.o vmsle_vx.o vmsleu_vi.o vmsleu_vv.o vmsleu_vx.o vmslt_vv.o vmslt_vx.o vmsltu_vv.o vmsltu_vx.o vmsne_vi.o vmsne_vv.o vmsne_vx.o vmsof_m.o vmul_vv.o vmul_vx.o vmulh_vv.o vmulh_vx.o vmulhsu_vv.o vmulhsu_vx.o vmulhu_vv.o vmulhu_vx.o vmv_s_x.o vmv_v_i.o vmv_v_v.o vmv_v_x.o vmv_x_s.o vmv1r_v.o vmv2r_v.o vmv4r_v.o vmv8r_v.o vmxnor_mm.o vmxor_mm.o vnclip_wi.o vnclip_wv.o vnclip_wx.o vnclipu_wi.o vnclipu_wv.o vnclipu_wx.o vnmsac_vv.o vnmsac_vx.o vnmsub_vv.o vnmsub_vx.o vnsra_wi.o vnsra_wv.o vnsra_wx.o vnsrl_wi.o vnsrl_wv.o vnsrl_wx.o vor_vi.o vor_vv.o vor_vx.o vredand_vs.o vredmax_vs.o vredmaxu_vs.o vredmin_vs.o vredminu_vs.o vredor_vs.o vredsum_vs.o vredxor_vs.o vrem_vv.o vrem_vx.o vremu_vv.o vremu_vx.o vrgather_vi.o vrgather_vv.o vrgather_vx.o vrgatherei16_vv.o vrsub_vi.o vrsub_vx.o vsadd_vi.o vsadd_vv.o vsadd_vx.o vsaddu_vi.o vsaddu_vv.o vsaddu_vx.o vsbc_vvm.o vsbc_vxm.o vsext_vf2.o vsext_vf4.o vsext_vf8.o vslide1down_vx.o vslide1up_vx.o vslidedown_vi.o vslidedown_vx.o vslideup_vi.o vslideup_vx.o vsll_vi.o vsll_vv.o vsll_vx.o vsmul_vv.o vsmul_vx.o vsra_vi.o vsra_vv.o vsra_vx.o vsrl_vi.o vsrl_vv.o vsrl_vx.o vssra_vi.o vssra_vv.o vssra_vx.o vssrl_vi.o vssrl_vv.o vssrl_vx.o vssub_vv.o vssub_vx.o vssubu_vv.o vssubu_vx.o vsub_vv.o vsub_vx.o vwadd_vv.o vwadd_vx.o vwadd_wv.o vwadd_wx.o vwaddu_vv.o vwaddu_vx.o vwaddu_wv.o vwaddu_wx.o vwmacc_vv.o vwmacc_vx.o vwmaccsu_vv.o vwmaccsu_vx.o vwmaccu_vv.o vwmaccu_vx.o vwmaccus_vx.o vwmul_vv.o vwmul_vx.o vwmulsu_vv.o vwmulsu_vx.o vwmulu_vv.o vwmulu_vx.o vwredsum_vs.o vwredsumu_vs.o vwsub_vv.o vwsub_vx.o vwsub_wv.o vwsub_wx.o vwsubu_vv.o vwsubu_vx.o vwsubu_wv.o vwsubu_wx.o vxor_vi.o vxor_vv.o vxor_vx.o vzext_vf2.o vzext_vf4.o vzext_vf8.o vsetivli.o vsetvli.o vsetvl.o vlm_v.o vle8_v.o vle16_v.o vle32_v.o vle64_v.o vloxei8_v.o vloxei16_v.o vloxei32_v.o vloxei64_v.o vlse8_v.o vlse16_v.o vlse32_v.o vlse64_v.o vluxei8_v.o vluxei16_v.o vluxei32_v.o vluxei64_v.o vle8ff_v.o vle16ff_v.o vle32ff_v.o vle64ff_v.o vl1re8_v.o vl2re8_v.o vl4re8_v.o vl8re8_v.o vl1re16_v.o vl2re16_v.o vl4re16_v.o vl8re16_v.o vl1re32_v.o vl2re32_v.o vl4re32_v.o vl8re32_v.o vl1re64_v.o vl2re64_v.o vl4re64_v.o vl8re64_v.o vsm_v.o vse8_v.o vse16_v.o vse32_v.o vse64_v.o vsse8_v.o vsoxei8_v.o vsoxei16_v.o vsoxei32_v.o vsoxei64_v.o vsse16_v.o vsse32_v.o vsse64_v.o vsuxei8_v.o vsuxei16_v.o vsuxei32_v.o vsuxei64_v.o vs1r_v.o vs2r_v.o vs4r_v.o vs8r_v.o vdot4a_vv.o vdot4a_vx.o vdot4au_vv.o vdot4au_vx.o vdot4asu_vv.o vdot4asu_vx.o vdot4aus_vx.o vfext_vf2.o vfncvt_f_f_q.o vfncvt_sat_f_f_q.o vfncvtbf16_sat_f_f_w.o fcvt_bf16_s.o fcvt_s_bf16.o vfncvtbf16_f_f_w.o vfwcvtbf16_f_f_v.o vfwmaccbf16_vv.o vfwmaccbf16_vf.o cbo_clean.o cbo_flush.o cbo_inval.o cbo_zero.o fli_d.o fmaxm_d.o fminm_d.o fround_d.o froundnx_d.o fmvh_x_d.o fmvp_d_x.o fcvtmod_w_d.o fleq_d.o fltq_d.o fli_s.o fmaxm_s.o fminm_s.o fround_s.o froundnx_s.o fleq_s.o fltq_s.o pli_b.o pli_h.o plui_h.o padd_bs.o padd_hs.o padd_b.o padd_h.o psub_b.o psub_h.o psadd_b.o psadd_h.o sadd.o psaddu_b.o psaddu_h.o saddu.o pssub_b.o pssub_h.o ssub.o pssubu_b.o pssubu_h.o ssubu.o paadd_b.o paadd_h.o aadd.o paaddu_b.o paaddu_h.o aaddu.o pasub_b.o pasub_h.o asub.o pasubu_b.o pasubu_h.o asubu.o psh1add_h.o pssh1sadd_h.o ssh1sadd.o pas_hx.o psa_hx.o psas_hx.o pssa_hx.o paas_hx.o pasa_hx.o pabd_b.o pabd_h.o pabdu_b.o pabdu_h.o psabs_b.o psabs_h.o predsum_bs.o predsum_hs.o predsumu_bs.o predsumu_hs.o pabdsumu_b.o pabdsumau_b.o psext_h_b.o psati_h.o sati.o sati_rv32.o pusati_h.o usati.o usati_rv32.o pslli_b.o pslli_h.o psll_bs.o psll_hs.o psrli_b.o psrli_h.o psrl_bs.o psrl_hs.o psrai_b.o psrai_h.o psra_bs.o psra_hs.o psslai_h.o psrari_h.o pssha_hs.o psshar_hs.o sslai.o srari.o srari_rv32.o ssha.o sshar.o pmin_b.o pmin_h.o pminu_b.o pminu_h.o pmax_b.o pmax_h.o pmaxu_b.o pmaxu_h.o pmseq_b.o pmseq_h.o mseq.o pmslt_b.o pmslt_h.o mslt.o pmsltu_b.o pmsltu_h.o msltu.o ppaire_b.o ppaireo_b.o ppaireo_h.o ppairoe_b.o ppairoe_h.o ppairo_b.o ppairo_h.o abs.o cls.o slx.o srx.o mvm.o mvmn.o merge.o pmulh_h.o pmulhr_h.o pmulhsu_h.o pmulhrsu_h.o pmulhu_h.o pmulhru_h.o pmulq_h.o pmulqr_h.o mulhr.o mulhrsu.o mulhru.o mulq.o mulqr.o pmul_h_b00.o pmul_h_b01.o pmul_h_b11.o pmulsu_h_b00.o pmulsu_h_b11.o pmulu_h_b00.o pmulu_h_b01.o pmulu_h_b11.o mul_h00.o mul_h01.o mul_h11.o mulsu_h00.o mulsu_h11.o mulu_h00.o mulu_h01.o mulu_h11.o pmulh_h_b0.o pmulh_h_b1.o pmulhsu_h_b0.o pmulhsu_h_b1.o mulh_h0.o mulh_h1.o mulhsu_h0.o mulhsu_h1.o pmhacc_h.o pmhracc_h.o pmhaccsu_h.o pmhraccsu_h.o pmhaccu_h.o pmhraccu_h.o mhacc.o mhracc.o mhaccsu.o mhraccsu.o mhaccu.o mhraccu.o mqacc_h00.o mqacc_h01.o mqacc_h11.o mqracc_h00.o mqracc_h01.o mqracc_h11.o macc_h00.o macc_h01.o macc_h11.o maccsu_h00.o maccsu_h11.o maccu_h00.o maccu_h01.o maccu_h11.o pmhacc_h_b0.o pmhacc_h_b1.o pmhaccsu_h_b0.o pmhaccsu_h_b1.o mhacc_h0.o mhacc_h1.o mhaccsu_h0.o mhaccsu_h1.o pmq2add_h.o pmq2adda_h.o pmqr2add_h.o pmqr2adda_h.o pm2add_h.o pm2adda_h.o pm2addsu_h.o pm2addasu_h.o pm2addu_h.o pm2addau_h.o pm2add_hx.o pm2adda_hx.o pm2sadd_h.o pm2sadd_hx.o pm2sub_h.o pm2suba_h.o pm2sub_hx.o pm2suba_hx.o pm4add_b.o pm4adda_b.o pm4addsu_b.o pm4addasu_b.o pm4addu_b.o pm4addau_b.o pli_db.o pli_dh.o plui_dh.o pwadd_b.o pwadd_h.o wadd.o pwadda_b.o pwadda_h.o wadda.o pwaddu_b.o pwaddu_h.o waddu.o pwaddau_b.o pwaddau_h.o waddau.o pwsub_b.o pwsub_h.o wsub.o pwsuba_b.o pwsuba_h.o wsuba.o pwsubu_b.o pwsubu_h.o wsubu.o pwsubau_b.o pwsubau_h.o wsubau.o padd_db.o padd_dh.o padd_dw.o psub_db.o psub_dh.o psub_dw.o psadd_db.o psadd_dh.o psadd_dw.o psaddu_db.o psaddu_dh.o psaddu_dw.o pssub_db.o pssub_dh.o pssub_dw.o pssubu_db.o pssubu_dh.o pssubu_dw.o paadd_db.o paadd_dh.o paadd_dw.o paaddu_db.o paaddu_dh.o paaddu_dw.o pasub_db.o pasub_dh.o pasub_dw.o pasubu_db.o pasubu_dh.o pasubu_dw.o psh1add_dh.o psh1add_dw.o pssh1sadd_dh.o pssh1sadd_dw.o addd.o subd.o padd_dbs.o padd_dhs.o padd_dws.o pas_dhx.o psa_dhx.o psas_dhx.o pssa_dhx.o paas_dhx.o pasa_dhx.o pabd_db.o pabd_dh.o pabdu_db.o pabdu_dh.o psabs_db.o psabs_dh.o predsum_dbs.o predsum_dhs.o predsumu_dbs.o predsumu_dhs.o psext_dh_b.o psext_dw_b.o psext_dw_h.o psati_dh.o psati_dw.o pusati_dh.o pusati_dw.o pslli_db.o pslli_dh.o pslli_dw.o psrli_db.o psrli_dh.o psrli_dw.o psrai_db.o psrai_dh.o psrai_dw.o psslai_dh.o psslai_dw.o psrari_dh.o psrari_dw.o psll_dbs.o psll_dhs.o psll_dws.o psrl_dbs.o psrl_dhs.o psrl_dws.o psra_dbs.o psra_dhs.o psra_dws.o pssha_dhs.o pssha_dws.o psshar_dhs.o psshar_dws.o pwslli_b.o pwslli_h.o wslli.o pwsll_bs.o pwsll_hs.o wsll.o pwslai_b.o pwslai_h.o wslai.o pwsla_bs.o pwsla_hs.o wsla.o pmin_db.o pmin_dh.o pmin_dw.o pminu_db.o pminu_dh.o pminu_dw.o pmax_db.o pmax_dh.o pmax_dw.o pmaxu_db.o pmaxu_dh.o pmaxu_dw.o pmseq_db.o pmseq_dh.o pmseq_dw.o pmslt_db.o pmslt_dh.o pmslt_dw.o pmsltu_db.o pmsltu_dh.o pmsltu_dw.o ppaire_db.o ppaire_dh.o ppaireo_db.o ppaireo_dh.o ppairoe_db.o ppairoe_dh.o ppairo_db.o ppairo_dh.o wzip8p.o wzip16p.o pnsrli_b.o pnsrli_h.o nsrli.o pnsrl_bs.o pnsrl_hs.o nsrl.o pnsrai_b.o pnsrai_h.o nsrai.o pnsra_bs.o pnsra_hs.o nsra.o pnsrari_b.o pnsrari_h.o nsrari.o pnsrar_bs.o pnsrar_hs.o nsrar.o pnclipi_b.o pnclipi_h.o nclipi.o pnclip_bs.o pnclip_hs.o nclip.o pnclipri_b.o pnclipri_h.o nclipri.o pnclipr_bs.o pnclipr_hs.o nclipr.o pnclipiu_b.o pnclipiu_h.o nclipiu.o pnclipu_bs.o pnclipu_hs.o nclipu.o pnclipriu_b.o pnclipriu_h.o nclipriu.o pnclipru_bs.o pnclipru_hs.o nclipru.o pwmul_b.o pwmul_h.o wmul.o pwmulsu_b.o pwmulsu_h.o wmulsu.o pwmulu_b.o pwmulu_h.o wmulu.o pmqwacc_h.o mqwacc.o pmqrwacc_h.o mqrwacc.o pwmacc_h.o wmacc.o pwmaccsu_h.o wmaccsu.o pwmaccu_h.o wmaccu.o pm2wadd_h.o pm2wadda_h.o pm2waddsu_h.o pm2waddasu_h.o pm2waddu_h.o pm2waddau_h.o pm2wadd_hx.o pm2wadda_hx.o pm2wsub_h.o pm2wsuba_h.o pm2wsub_hx.o pm2wsuba_hx.o pli_w.o plui_w.o paadd_w.o paaddu_w.o padd_w.o padd_ws.o pasub_w.o pasubu_w.o psadd_w.o psaddu_w.o psh1add_w.o pssh1sadd_w.o pssub_w.o pssubu_w.o psub_w.o paas_wx.o pas_wx.o pasa_wx.o psa_wx.o psas_wx.o pssa_wx.o predsum_ws.o predsumu_ws.o psati_w.o psext_w_b.o psext_w_h.o pusati_w.o psll_ws.o pslli_w.o psra_ws.o psrai_w.o psrari_w.o psrl_ws.o psrli_w.o pssha_ws.o psshar_ws.o psslai_w.o sha.o shar.o pmax_w.o pmaxu_w.o pmin_w.o pminu_w.o pmseq_w.o pmslt_w.o pmsltu_w.o ppaire_h.o ppaireo_w.o ppairo_w.o ppairoe_w.o rev.o rev16.o rev_rv32.o unzip16hp.o unzip16p.o unzip8hp.o unzip8p.o zip16hp.o zip16p.o zip8hp.o zip8p.o absw.o clsw.o mul_w00.o mul_w01.o mul_w11.o mulsu_w00.o mulsu_w11.o mulu_w00.o mulu_w01.o mulu_w11.o pmul_w_h00.o pmul_w_h01.o pmul_w_h11.o pmulh_w.o pmulh_w_h0.o pmulh_w_h1.o pmulhr_w.o pmulhrsu_w.o pmulhru_w.o pmulhsu_w.o pmulhsu_w_h0.o pmulhsu_w_h1.o pmulhu_w.o pmulq_w.o pmulqr_w.o pmulsu_w_h00.o pmulsu_w_h11.o pmulu_w_h00.o pmulu_w_h01.o pmulu_w_h11.o macc_w00.o macc_w01.o macc_w11.o maccsu_w00.o maccsu_w11.o maccu_w00.o maccu_w01.o maccu_w11.o mqacc_w00.o mqacc_w01.o mqacc_w11.o mqracc_w00.o mqracc_w01.o mqracc_w11.o pmacc_w_h00.o pmacc_w_h01.o pmacc_w_h11.o pmaccsu_w_h00.o pmaccsu_w_h11.o pmaccu_w_h00.o pmaccu_w_h01.o pmaccu_w_h11.o pmhacc_w.o pmhacc_w_h0.o pmhacc_w_h1.o pmhaccsu_w.o pmhaccsu_w_h0.o pmhaccsu_w_h1.o pmhaccu_w.o pmhracc_w.o pmhraccsu_w.o pmhraccu_w.o pmqacc_w_h00.o pmqacc_w_h01.o pmqacc_w_h11.o pmqracc_w_h00.o pmqracc_w_h01.o pmqracc_w_h11.o pm2add_w.o pm2add_wx.o pm2adda_w.o pm2adda_wx.o pm2addasu_w.o pm2addau_w.o pm2addsu_w.o pm2addu_w.o pm2sub_w.o pm2sub_wx.o pm2suba_w.o pm2suba_wx.o pm4add_h.o pm4adda_h.o pm4addasu_h.o pm4addau_h.o pm4addsu_h.o pm4addu_h.o pmq2add_w.o pmq2adda_w.o pmqr2add_w.o pmqr2adda_w.o sshl.o sshlr.o shl.o shlr.o psshl_hs.o psshlr_hs.o psshl_ws.o psshlr_ws.o psshl_dhs.o psshlr_dhs.o psshl_dws.o psshlr_dws.o pnclipp_b.o pnclipp_h.o pnclipp_w.o pnclipup_b.o pnclipup_h.o pnclipup_w.o hfence_gvma.o hfence_vvma.o hlv_b.o hlv_bu.o hlv_h.o hlv_hu.o hlvx_hu.o hlv_w.o hlv_wu.o hlvx_wu.o hlv_d.o hsv_b.o hsv_h.o hsv_w.o hsv_d.o aes32dsi.o aes32dsmi.o aes32esi.o aes32esmi.o aes64ds.o aes64dsm.o aes64es.o aes64esm.o aes64ks1i.o aes64ks2.o aes64im.o sha256sig0.o sha256sig1.o sha256sum0.o sha256sum1.o sha512sig0.o sha512sig0h.o sha512sig0l.o sha512sig1.o sha512sig1h.o sha512sig1l.o sha512sum0.o sha512sum0r.o sha512sum1.o sha512sum1r.o sm3p0.o sm3p1.o sm4ed.o sm4ks.o fadd_q.o fclass_q.o fcvt_l_q.o fcvt_lu_q.o fcvt_q_d.o fcvt_q_l.o fcvt_q_lu.o fcvt_q_s.o fcvt_q_w.o fcvt_q_wu.o fcvt_s_q.o fcvt_w_q.o fcvt_wu_q.o fdiv_q.o feq_q.o fle_q.o flq.o flt_q.o fmadd_q.o fmax_q.o fmin_q.o fmsub_q.o fmul_q.o fnmadd_q.o fnmsub_q.o fsgnj_q.o fsgnjn_q.o fsgnjx_q.o fsq.o fsqrt_q.o fsub_q.o fli_q.o fmaxm_q.o fminm_q.o fround_q.o froundnx_q.o fmvh_x_q.o fmvp_q_x.o fleq_q.o fltq_q.o amocas_w.o amocas_d.o amocas_q.o amoadd_b.o amoand_b.o amomax_b.o amomaxu_b.o amomin_b.o amominu_b.o amoor_b.o amoswap_b.o amoxor_b.o amocas_b.o amoadd_h.o amoand_h.o amomax_h.o amomaxu_h.o amomin_h.o amominu_h.o amoor_h.o amoswap_h.o amoxor_h.o amocas_h.o wrs_sto.o wrs_nto.o lb_aq.o lh_aq.o lw_aq.o ld_aq.o sb_rl.o sh_rl.o sw_rl.o sd_rl.o c_zext_b.o c_zext_h.o c_zext_w.o c_sext_b.o c_sext_h.o c_not.o c_mul.o c_lbu.o c_lhu.o c_lh.o c_sb.o c_sh.o cm_push.o cm_pop.o cm_popret.o cm_popretz.o cm_mva01s.o cm_mvsa01.o cm_jalt.o fadd_h.o fclass_h.o fcvt_l_h.o fcvt_lu_h.o fcvt_d_h.o fcvt_h_d.o fcvt_h_l.o fcvt_h_lu.o fcvt_h_q.o fcvt_h_s.o fcvt_h_w.o fcvt_h_wu.o fcvt_q_h.o fcvt_s_h.o fcvt_w_h.o fcvt_wu_h.o fdiv_h.o feq_h.o fle_h.o flh.o flt_h.o fmadd_h.o fmax_h.o fmin_h.o fmsub_h.o fmul_h.o fmv_h_x.o fmv_x_h.o fnmadd_h.o fnmsub_h.o fsgnj_h.o fsgnjn_h.o fsgnjx_h.o fsh.o fsqrt_h.o fsub_h.o fli_h.o fmaxm_h.o fminm_h.o fround_h.o froundnx_h.o fleq_h.o fltq_h.o czero_eqz.o czero_nez.o vandn_vv.o vandn_vx.o vbrev8_v.o vbrev_v.o vclz_v.o vcpop_v.o vctz_v.o vrev8_v.o vrol_vv.o vrol_vx.o vror_vi.o vror_vv.o vror_vx.o vwsll_vi.o vwsll_vv.o vwsll_vx.o vclmul_vv.o vclmul_vx.o vclmulh_vv.o vclmulh_vx.o vghsh_vv.o vgmul_vv.o vaesdf_vs.o vaesdf_vv.o vaesdm_vs.o vaesdm_vv.o vaesef_vs.o vaesef_vv.o vaesem_vs.o vaesem_vv.o vaeskf1_vi.o vaeskf2_vi.o vaesz_vs.o vsha2cl_vv.o vsha2ch_vv.o vsha2ms_vv.o vsm4k_vi.o vsm4r_vs.o vsm4r_vv.o vsm3c_vi.o vsm3me_vv.o vfbdota_vv.o vfqwbdota_alt_vv.o vfqwbdota_vv.o vfwbdota_vv.o vqwbdotas_vv.o vqwbdotau_vv.o vfqwdota_alt_vv.o vfqwdota_vv.o vfwdota_vv.o vqwdotas_vv.o vqwdotau_vv.o vabd_vv.o vabd_vx.o vabdu_vv.o vabdu_vx.o vwabda_vv.o vwabda_vx.o vwabdau_vv.o vwabdau_vx.o msettn.o msettm.o msettk.o msetmtype.o msetmtypei.o vtle8.o vtse8.o vtle16.o vtse16.o vtle32.o vtse32.o vtle64.o vtse64.o vtmv_t_v.o vtmv_v_t.o vtzero.o vtdiscard.o vtmmu_tvv.o vtmms_tvv.o vtfmm_tvv.o vtfmm_alt_tvv.o vzip_vv.o vunzipe_v.o vunzipo_v.o vpaire_vv.o vpairo_vv.o lxh.o lxw.o lxd.o lxhu.o lxwu.o lxsb.o lxsh.o lxsw.o lxsd.o lxsbu.o lxshu.o lxswu.o lxsuwb.o lxsuwh.o lxsuww.o lxsuwd.o lxsuwbu.o lxsuwhu.o lxsuwwu.o csrrc.o csrrci.o csrrs.o csrrsi.o csrrw.o csrrwi.o dret.o ebreak.o ecall.o mret.o sfence_vma.o sret.o wfi.o mnret.o sfence_w_inval.o sfence_inval_ir.o sinval_vma.o hinval_vvma.o hinval_gvma.o beqi.o bnei.o mop_r_N.o mop_rr_N.o c_mop_N.o lpad.o sspush_x1.o sspush_x5.o sspopchk_x1.o sspopchk_x5.o ssrdp.o ssamoswap_w.o ssamoswap_d.o c_sspush_x1.o c_sspopchk_x5.o
g++ -L. -Wl,--export-dynamic -L/usr/lib/x86_64-linux-gnu  -Wl,-rpath,/usr/local/lib  -shared -o libcustomext.so  dummy_rocc.o cflush.o libsoftfloat.a libdisasm.a libriscv.a libspike_main.a -lpthread  -lboost_system -lboost_regex
g++ -L. -Wl,--export-dynamic -L/usr/lib/x86_64-linux-gnu  -Wl,-rpath,/usr/local/lib  extension.o -o spike spike.o  libspike_main.a  libriscv.a  libdisasm.a  libsoftfloat.a  libfesvr.a  libfdt.a -lpthread  -lboost_system -lboost_regex
g++ -L. -Wl,--export-dynamic -L/usr/lib/x86_64-linux-gnu  -Wl,-rpath,/usr/local/lib  extension.o -o spike-log-parser spike-log-parser.o  libspike_main.a  libriscv.a  libdisasm.a  libsoftfloat.a  libfesvr.a  libfdt.a -lpthread  -lboost_system -lboost_regex
g++ -L. -Wl,--export-dynamic -L/usr/lib/x86_64-linux-gnu  -Wl,-rpath,/usr/local/lib  extension.o -o xspike xspike.o  libspike_main.a  libriscv.a  libdisasm.a  libsoftfloat.a  libfesvr.a  libfdt.a -lpthread  -lboost_system -lboost_regex
g++ -L. -Wl,--export-dynamic -L/usr/lib/x86_64-linux-gnu  -Wl,-rpath,/usr/local/lib  extension.o -o termios-xspike termios-xspike.o  libspike_main.a  libriscv.a  libdisasm.a  libsoftfloat.a  libfesvr.a  libfdt.a -lpthread  -lboost_system -lboost_regex
g++ -L. -Wl,--export-dynamic -L/usr/lib/x86_64-linux-gnu  -Wl,-rpath,/usr/local/lib   -o spike-dasm spike-dasm.o  libspike_dasm.a  libriscv.a  libsoftfloat.a  libdisasm.a -lpthread  -lboost_system -lboost_regex
